ID,locx_o,locy_o,locx_d,locy_d,mode,time,distance
TS339,286,173,281,167,TS,4.8749128688717,7.810249675906654
TG790,228,127,242,142,TG,4.807247946530806,20.518284528683193
GSD237,223,261,223,262,GSD,5.58183241869213,1.0
TG481,339,149,323,165,TG,6.346548989360086,22.627416997969522
GSD15,331,324,335,320,GSD,7.028841854996159,5.656854249492381
GG788,389,40,396,37,GG,5.341412837178781,7.615773105863909
GG783,473,67,466,64,GG,5.795533629902815,7.615773105863909
GSD290,404,250,401,249,GSD,4.12933231475148,3.1622776601683795
GSD298,259,209,263,210,GSD,4.22837518513202,4.123105625617661
GG41,353,229,348,236,GG,8.755748436971661,8.602325267042627
TS514,308,205,316,210,TS,5.847064426429419,9.433981132056603
GG401,272,86,272,85,GG,4.866279554841779,1.0
GG264,460,155,457,164,GG,7.12353722182646,9.486832980505138
TG1100,196,409,219,427,TG,6.45602021806493,29.206163733020468
TG1051,385,293,386,270,TG,5.1486213721996075,23.021728866442675
GSD249,453,228,457,227,GSD,5.699170422937705,4.123105625617661
GG12,349,364,346,367,GG,5.733850432666183,4.242640687119285
GSD366,418,114,412,114,GSD,6.440234758294345,6.0
GG234,323,87,329,87,GG,3.849631545781037,6.0
TS302,355,332,355,322,TS,5.782797598891683,10.0
TG886,198,350,227,345,TG,6.363612735512913,29.427877939124322
GG573,367,47,366,57,GG,5.804750764089325,10.04987562112089
GG95,462,111,454,103,GG,7.513515139920948,11.313708498984761
GG587,414,112,416,119,GG,6.679955338846845,7.280109889280518
TG587,91,327,88,346,TG,4.559922089798272,19.235384061671343
GG553,459,149,458,138,GG,6.19379891282216,11.045361017187261
TG1147,231,146,215,159,TG,7.127342171167165,20.615528128088304
TG648,281,144,317,126,TG,8.867971566804819,40.24922359499622
GG477,358,252,364,239,GG,7.950475462448338,14.317821063276353
TG1023,240,344,220,347,TG,5.107951809290092,20.223748416156685
GSD379,265,227,266,228,GSD,6.052312248650477,1.4142135623730951
TS779,389,130,399,128,TS,5.9425375006306975,10.198039027185569
TG273,294,290,281,311,TG,5.941075393849491,24.698178070456937
TS397,253,151,258,146,TS,3.511036548008903,7.0710678118654755
TG626,376,126,401,110,TG,6.008688107631153,29.68164415931166
TG303,440,132,459,126,TG,5.996608922964877,19.924858845171276
TG220,269,424,257,435,TG,4.601050389762187,16.278820596099706
GG207,437,66,443,59,GG,6.780402215988029,9.219544457292887
GSD126,262,335,264,335,GSD,5.35524764843505,2.0
GSD345,232,422,232,419,GSD,5.3982187562496335,3.0
GG236,197,472,201,475,GG,4.501417026461818,5.0
TG771,179,406,202,412,TG,5.563782919725833,23.769728648009426
GSD142,248,480,245,482,GSD,5.792805756975991,3.605551275463989
GSD20,339,291,338,294,GSD,5.093079439488412,3.1622776601683795
TG135,361,121,338,121,TG,5.068520272429393,23.0
GSD156,530,173,534,171,GSD,6.376814757953433,4.47213595499958
GG387,286,86,296,88,GG,6.193337405402832,10.198039027185569
GSD158,185,407,187,406,GSD,5.829342375992979,2.23606797749979
TS510,267,337,257,341,TS,6.096771293321584,10.770329614269007
GSD81,330,172,325,172,GSD,6.149370247398383,5.0
GG627,254,196,260,193,GG,5.109331340198351,6.708203932499369
TS606,245,161,251,162,TS,5.830986879278245,6.082762530298219
TG1015,276,164,261,155,TG,4.937092474553678,17.4928556845359
TG300,92,393,105,378,TG,4.805650158500775,19.849433241279208
TS73,386,283,380,298,TS,7.064779830539191,16.15549442140351
GG500,146,462,136,458,GG,6.288300938428822,10.770329614269007
GSD253,470,221,466,224,GSD,5.372072648608729,5.0
GG489,437,59,437,68,GG,4.530938502661438,9.0
TS600,366,316,357,321,TS,7.588013811567633,10.295630140987
GG138,480,107,484,99,GG,5.877483333461154,8.94427190999916
TS700,269,161,280,167,TS,6.3424160198586135,12.529964086141668
TS714,389,126,389,137,TS,5.41838020676331,11.0
GG2,354,123,349,122,GG,5.57372833421472,5.0990195135927845
GG496,264,188,275,186,GG,5.630076552645504,11.180339887498949
GSD365,422,241,421,238,GSD,6.415004894631572,3.1622776601683795
GG728,451,177,447,180,GG,4.7283802005644695,5.0
GG664,384,305,393,307,GG,5.151521578004797,9.219544457292887
GSD396,401,313,402,307,GSD,6.49496249878694,6.082762530298219
TS229,388,132,390,147,TS,6.206780517420743,15.132745950421556
GG520,398,252,394,262,GG,6.141724378920983,10.770329614269007
GG70,242,431,231,430,GG,5.545643548540841,11.045361017187261
TG735,179,406,201,411,TG,5.0209132436550235,22.561028345356956
GSD83,308,93,311,92,GSD,4.940026349254333,3.1622776601683795
GG471,272,192,261,192,GG,6.169067898403627,11.0
GSD180,460,115,462,111,GSD,5.395371447003633,4.47213595499958
TG945,372,129,359,138,TG,4.303700454768609,15.811388300841896
GSD299,369,281,372,280,GSD,4.208971544223395,3.1622776601683795
TS713,92,394,86,390,TS,6.107099548989361,7.211102550927978
TS497,212,156,208,166,TS,6.353042779276592,10.770329614269007
GG51,127,354,128,345,GG,5.412402179732766,9.055385138137417
GSD260,409,127,414,131,GSD,7.216394209986747,6.4031242374328485
TS763,112,374,123,370,TS,5.911401542744468,11.704699910719626
GG61,372,179,381,176,GG,7.262941876085343,9.486832980505138
TG582,320,168,331,152,TG,4.8388405102012735,19.4164878389476
GSD226,307,432,304,435,GSD,6.940559818163878,4.242640687119285
GG461,240,199,248,195,GG,5.906330541188911,8.94427190999916
GG436,300,276,296,285,GG,6.8166411502669275,9.848857801796104
GG542,323,323,322,314,GG,5.786643218180935,9.055385138137417
GG643,352,155,353,147,GG,4.642624949197016,8.06225774829855
GSD330,338,349,346,349,GSD,8.148176718313309,8.0
GG376,323,212,330,216,GG,6.37037253540783,8.06225774829855
TS99,402,238,403,230,TS,4.237222377147229,8.06225774829855
TS493,394,247,400,241,TS,6.377891357022975,8.48528137423857
GG415,232,131,227,123,GG,5.417593892935635,9.433981132056603
TG256,350,82,327,87,TG,5.0597474003691785,23.53720459187964
TG1118,419,94,402,110,TG,5.895632783381037,23.345235059857504
GSD393,280,152,285,147,GSD,7.667543005392009,7.0710678118654755
GG163,263,186,267,191,GG,6.70916104070891,6.4031242374328485
GG250,428,160,432,163,GG,5.392443839949633,5.0
TS37,367,314,371,310,TS,6.458337084370771,5.656854249492381
TG1061,476,123,449,130,TG,6.551951346178502,27.892651361962706
GSD178,258,126,263,121,GSD,6.733507582154353,7.0710678118654755
GSD125,222,345,223,346,GSD,5.921268652105932,1.4142135623730951
TG522,484,112,472,126,TG,5.1358860523102345,18.439088914585774
TG735,222,429,239,436,TG,4.061039658334117,18.384776310850235
GG25,430,93,434,99,GG,5.907820831825672,7.211102550927978
TS631,92,394,92,401,TS,6.040552999070347,7.0
TG1,136,399,159,405,TG,5.127118823390331,23.769728648009426
TS7,390,121,384,125,TS,6.5481686083418085,7.211102550927978
GG127,146,396,158,402,GG,7.248298504179903,13.416407864998739
GG179,393,96,384,100,GG,5.983110181355254,9.848857801796104
TG7,417,95,437,92,TG,5.5996473469534545,20.223748416156685
TS359,125,398,112,396,TS,5.792770920007983,13.152946437965905
GG421,411,83,412,91,GG,5.531815984017401,8.06225774829855
TG558,91,327,99,300,TG,6.81177318477978,28.160255680657446
TS402,255,438,256,442,TS,8.139497552804785,4.123105625617661
GG741,256,147,251,149,GG,5.174804078508351,5.385164807134504
GG609,462,95,453,102,GG,7.902347463226075,11.40175425099138
GSD318,237,168,240,167,GSD,6.396443987034651,3.1622776601683795
TG714,230,166,251,160,TG,4.66798466925885,21.840329667841555
GG202,286,186,291,193,GG,5.6650517716238475,8.602325267042627
TG748,301,175,274,168,TG,6.375982322833244,27.892651361962706
GSD146,339,259,340,261,GSD,5.002037893218237,2.23606797749979
TG282,298,105,312,91,TG,4.924896245692167,19.79898987322333
TG305,329,326,312,333,TG,4.071237814746132,18.384776310850235
TS598,239,165,234,167,TS,4.999598784523345,5.385164807134504
TG235,421,92,441,93,TG,4.3931922785810995,20.024984394500787
TS318,385,285,386,272,TS,5.4172098139275064,13.038404810405298
GG236,218,482,222,472,GG,6.20078939935895,10.770329614269007
GSD313,453,203,457,202,GSD,6.3342089162137185,4.123105625617661
GG149,330,160,332,156,GG,5.596313905549956,4.47213595499958
TS23,181,407,170,405,TS,4.780437298695585,11.180339887498949
TS171,403,108,398,114,TS,4.617348506334897,7.810249675906654
GSD80,440,249,437,250,GSD,7.117313851213975,3.1622776601683795
GG251,94,408,97,417,GG,4.725464600059832,9.486832980505138
GG580,251,170,243,178,GG,6.201799876111347,11.313708498984761
GG728,457,171,451,177,GG,6.756526602008474,8.48528137423857
TS613,381,140,387,131,TS,6.171585601651884,10.816653826391969
GG174,371,327,368,329,GG,5.352608615559646,3.605551275463989
TG418,237,168,216,159,TG,6.902641861983814,22.847319317591726
TG697,157,404,137,398,TG,5.248862610656008,20.8806130178211
GG294,389,158,390,155,GG,3.569711938224601,3.1622776601683795
TG721,94,388,88,357,TG,6.556389199766519,31.575306807693888
GG409,431,166,429,158,GG,6.215722365790711,8.246211251235321
GSD281,326,349,328,345,GSD,4.760029351336996,4.47213595499958
GSD229,333,333,335,329,GSD,7.1842852868958005,4.47213595499958
GSD365,421,238,424,233,GSD,7.848942187337734,5.830951894845301
TG844,390,121,373,131,TG,4.742432792885041,19.72308292331602
GG408,414,221,408,230,GG,6.410530216914864,10.816653826391969
GSD331,26,440,29,440,GSD,7.6897919528360745,3.0
GSD316,339,279,338,279,GSD,4.716558337632609,1.0
GG176,437,189,431,181,GG,6.331264343099414,10.0
GSD144,438,232,441,228,GSD,5.9604733987403336,5.0
GG411,247,115,256,118,GG,6.082724139007523,9.486832980505138
GG410,167,470,171,463,GG,6.612111960996472,8.06225774829855
TG1131,245,161,232,166,TG,4.7418336220850055,13.92838827718412
GSD183,227,387,227,382,GSD,6.509482569062536,5.0
GSD27,242,397,236,396,GSD,6.275966885177912,6.082762530298219
TS12,194,347,191,353,TS,5.318540967196695,6.708203932499369
GG792,251,311,250,300,GG,5.859676857426358,11.045361017187261
GSD342,235,486,232,487,GSD,6.553717654684458,3.1622776601683795
GG161,416,114,414,106,GG,5.731820876411529,8.246211251235321
TS170,418,95,414,97,TS,5.639922965030529,4.47213595499958
GSD42,186,365,185,361,GSD,6.1902429922954205,4.123105625617661
TG859,332,123,316,127,TG,4.460971574247834,16.492422502470642
TG89,307,172,318,174,TG,5.667336527992329,11.180339887498949
TG346,302,267,307,252,TG,3.838902516860247,15.811388300841896
TG688,241,436,214,420,TG,7.230531534094786,31.38470965295043
GSD330,336,322,335,328,GSD,7.560030888774573,6.082762530298219
GG266,501,176,491,182,GG,6.489978897549213,11.661903789690601
GSD326,393,121,388,120,GSD,6.613123926682462,5.0990195135927845
GSD191,469,182,467,189,GSD,7.693216903840073,7.280109889280518
GG442,111,377,103,378,GG,7.459135802589638,8.06225774829855
TG407,165,405,147,401,TG,4.8607674458888175,18.439088914585774
TG712,316,214,318,192,TG,6.453612778762258,22.090722034374522
TS118,72,332,93,330,TS,8.05624311634924,21.095023109728988
TG571,167,357,153,363,TG,4.388004169986058,15.231546211727817
GSD47,245,382,239,384,GSD,5.404362736048235,6.324555320336759
TG915,387,260,385,284,TG,6.245709192054733,24.08318915758459
GSD61,352,281,352,280,GSD,4.894392289343635,1.0
TG929,90,396,93,383,TG,3.423623760936942,13.341664064126334
GSD81,312,173,312,175,GSD,7.348874348978306,2.0
GSD65,62,420,64,417,GSD,5.429645358524901,3.605551275463989
TG1060,262,148,287,144,TG,6.527694451745754,25.317977802344327
TG556,177,356,199,350,TG,5.991248318825864,22.80350850198276
GG407,237,330,249,329,GG,5.731378194519165,12.041594578792296
TS663,116,245,118,236,TS,7.242057546996371,9.219544457292887
GSD342,242,484,240,483,GSD,3.6853445843534764,2.23606797749979
GSD240,380,319,380,324,GSD,7.71173553248279,5.0
GG503,254,221,259,222,GG,5.631129828555377,5.0990195135927845
TS437,217,170,224,164,TS,6.10508889577854,9.219544457292887
GG315,197,411,196,408,GG,7.625852897814592,3.1622776601683795
GG183,351,83,346,84,GG,4.744359428114314,5.0990195135927845
TS557,78,371,76,361,TS,5.7079345872087295,10.198039027185569
TS487,490,92,479,94,TS,4.934329638407689,11.180339887498949
GG459,391,97,398,100,GG,6.012501035244609,7.615773105863909
GSD104,296,126,298,127,GSD,3.8242984859058766,2.23606797749979
TG21,248,160,226,165,TG,5.2344751280005815,22.561028345356956
TS324,465,96,462,93,TS,5.174493115734549,4.242640687119285
GSD361,304,344,304,346,GSD,5.891032896568753,2.0
GG202,262,189,273,187,GG,6.396051066346512,11.180339887498949
TS345,237,173,243,177,TS,4.48190424087219,7.211102550927978
TG151,324,156,339,147,TG,4.533049411118208,17.4928556845359
TS489,232,165,220,158,TS,5.547345530195189,13.892443989449804
TG952,432,186,420,203,TG,5.907184163359922,20.808652046684813
TS508,201,182,210,174,TS,6.97882829333178,12.041594578792296
GG501,398,130,398,124,GG,5.046289106838737,6.0
GSD117,443,223,444,220,GSD,5.957776738895028,3.1622776601683795
GSD106,327,133,329,130,GSD,6.0226355179443765,3.605551275463989
GSD76,177,359,172,358,GSD,5.527396851641246,5.0990195135927845
TS31,241,142,249,148,TS,5.024587478032882,10.0
TS738,268,167,261,156,TS,6.738956941715879,13.038404810405298
TS562,274,147,287,143,TS,5.9205576001169575,13.601470508735444
GG583,246,463,252,469,GG,6.558025507009081,8.48528137423857
GSD60,422,206,424,204,GSD,5.811739606233008,2.8284271247461903
TS56,125,396,113,392,TS,6.80001076828319,12.649110640673518
GG630,412,142,405,141,GG,5.314464798207172,7.0710678118654755
TS568,349,143,360,137,TS,8.0261987758111,12.529964086141668
GG284,275,377,275,384,GG,6.408970512458379,7.0
TG1154,157,404,187,407,TG,6.3445292419302834,30.14962686336267
TS425,246,145,243,143,TS,3.6496725877856666,3.605551275463989
TG239,153,362,163,360,TG,2.592967571347791,10.198039027185569
GSD96,381,287,380,287,GSD,6.514451504604935,1.0
GG569,415,39,404,39,GG,6.520106755379593,11.0
TS105,408,104,397,114,TS,6.918808744818955,14.866068747318506
TG580,396,116,376,126,TG,6.386030834964239,22.360679774997898
GSD98,355,410,360,411,GSD,5.995064763495122,5.0990195135927845
TG1017,301,175,325,174,TG,7.17823597886455,24.020824298928627
TG47,170,191,197,172,TG,6.930606424551863,33.015148038438355
TS329,428,90,418,96,TS,5.348211482705774,11.661903789690601
TS529,299,324,307,330,TS,5.542735351627719,10.0
GG721,200,409,202,408,GG,3.4075797451234386,2.23606797749979
GG674,452,98,454,106,GG,4.7020410115477445,8.246211251235321
TS486,218,154,224,151,TS,6.536499671912635,6.708203932499369
GSD287,371,309,369,310,GSD,5.006699070253738,2.23606797749979
GG188,263,340,266,343,GG,5.7227879337411816,4.242640687119285
TG1060,268,135,262,148,TG,5.237474086374626,14.317821063276353
TG124,284,172,261,167,TG,6.185826643843539,23.53720459187964
GSD161,319,389,320,393,GSD,5.585314726286811,4.123105625617661
GG66,263,188,261,191,GG,7.1353185053347765,3.605551275463989
GG276,356,200,360,191,GG,6.169702518293587,9.848857801796104
GG488,472,114,472,120,GG,5.262328550555285,6.0
GSD48,365,58,364,56,GSD,5.275719712054707,2.23606797749979
TG1072,428,90,439,95,TG,4.827402447094586,12.083045973594572
GSD303,221,241,223,238,GSD,5.435743407326575,3.605551275463989
GSD220,480,101,476,104,GSD,7.08297364529912,5.0
GG659,385,99,393,98,GG,4.347426801662326,8.06225774829855
TS305,123,245,137,244,TS,6.111148998743973,14.035668847618199
TG1178,478,93,484,112,TG,5.887638259868171,19.924858845171276
TS265,263,147,276,145,TS,5.479739789732661,13.152946437965905
TS451,316,169,308,176,TS,5.87478031759421,10.63014581273465
GSD47,264,382,256,382,GSD,8.572019511978159,8.0
TG58,360,121,337,122,TG,5.488954870873986,23.021728866442675
GSD126,259,331,263,325,GSD,7.88245407661929,7.211102550927978
GSD156,545,155,546,150,GSD,5.330218973347513,5.0990195135927845
GSD301,242,341,242,342,GSD,5.643017900936485,1.0
TS224,60,375,61,382,TS,4.604629908680588,7.0710678118654755
GSD31,361,282,357,281,GSD,4.072085651044304,4.123105625617661
GG382,258,485,260,493,GG,4.381548930052599,8.246211251235321
TS333,92,393,84,395,TS,5.934790341925297,8.246211251235321
GG770,262,452,259,459,GG,6.087283208870999,7.615773105863909
GG766,245,259,237,256,GG,5.880771813285042,8.54400374531753
GSD44,352,209,355,209,GSD,4.913847279321942,3.0
TS533,20,445,36,442,TS,7.085601961627604,16.278820596099706
TG174,353,321,368,313,TG,5.359013650953786,17.0
GG318,434,79,433,83,GG,5.110772216968627,4.123105625617661
GG426,273,400,269,411,GG,5.6909377116497755,11.704699910719626
GG608,279,316,273,327,GG,6.748406465231259,12.529964086141668
GSD66,370,312,373,307,GSD,6.595386225231046,5.830951894845301
TS308,241,167,245,176,TS,4.890618229125902,9.848857801796104
TG468,182,406,203,413,TG,5.036410558311529,22.135943621178654
TG845,350,121,374,132,TG,6.2162812568252,26.40075756488817
GSD166,448,124,449,121,GSD,6.055124410627933,3.1622776601683795
TS592,479,218,486,211,TS,6.16738410619107,9.899494936611665
GSD378,452,205,447,205,GSD,5.228422494158346,5.0
GSD44,355,209,360,210,GSD,5.145814934541356,5.0990195135927845
TG614,366,315,334,325,TG,8.429961618712772,33.52610922848042
GG116,396,257,393,267,GG,6.673211804515959,10.44030650891055
GG450,359,215,359,224,GG,4.713133017269081,9.0
GSD382,346,135,347,142,GSD,7.853751210446816,7.0710678118654755
GG86,308,251,304,262,GG,6.880748207415117,11.704699910719626
TS274,484,112,476,98,TS,6.8718266418269955,16.1245154965971
TS208,369,129,371,125,TS,6.609151562336096,4.47213595499958
TG974,127,228,145,217,TG,5.6435587888917516,21.095023109728988
TS157,419,202,418,207,TS,4.490008860598408,5.0990195135927845
GG87,72,405,64,410,GG,4.217308887850512,9.433981132056603
TS128,67,322,66,333,TS,5.444990174774986,11.045361017187261
GG48,454,103,457,96,GG,5.472731104269247,7.615773105863909
TG1178,497,81,478,93,TG,5.29039762504046,22.47220505424423
TG566,322,331,301,324,TG,5.793386335534797,22.135943621178654
GG702,278,186,263,188,GG,7.730585408449365,15.132745950421556
TS330,238,163,238,165,TS,5.5587798475619605,2.0
TG1149,307,172,329,172,TG,5.429265345093304,22.0
TG26,417,208,407,224,TG,4.833083011593019,18.867962264113206
GG613,253,472,250,462,GG,7.174432794258281,10.44030650891055
GG309,436,74,435,81,GG,5.682977914796563,7.0710678118654755
GG519,460,95,453,93,GG,6.15299246255654,7.280109889280518
TG426,228,127,243,142,TG,6.218486712242262,21.213203435596427
TG970,418,95,442,95,TG,7.427045011974042,24.0
TS235,267,338,273,327,TS,5.474574609181469,12.529964086141668
GSD274,318,113,320,119,GSD,6.112491114917997,6.324555320336759
TG651,267,163,286,173,TG,6.592594093444885,21.470910553583888
GG648,365,353,363,348,GG,4.447350359549709,5.385164807134504
GG769,439,111,430,108,GG,6.048311665521878,9.486832980505138
TS650,352,218,336,216,TS,7.238959594242479,16.1245154965971
TS389,469,94,464,94,TS,4.479668156093226,5.0
GSD252,278,107,277,112,GSD,5.886089055997102,5.0990195135927845
TS357,372,308,379,298,TS,5.777237315555319,12.206555615733702
TG1067,330,326,312,332,TG,5.477503087487787,18.973665961010276
TG501,160,405,184,407,TG,4.335257668027393,24.08318915758459
GSD281,342,355,337,354,GSD,7.269662004736865,5.0990195135927845
TG376,430,100,447,97,TG,5.978074660861207,17.26267650163207
GSD161,320,393,326,396,GSD,6.396496878006019,6.708203932499369
GSD182,402,172,406,173,GSD,4.125055603840508,4.123105625617661
TG258,349,323,370,312,TG,5.343830036855925,23.706539182259394
TG873,287,172,304,176,TG,5.199845062376054,17.46424919657298
TS56,149,403,140,402,TS,5.968201878585297,9.055385138137417
GSD29,412,276,410,277,GSD,5.286873510610498,2.23606797749979
GG695,372,135,367,140,GG,4.703444054927136,7.0710678118654755
GG450,353,229,349,239,GG,6.528744530060457,10.770329614269007
TG44,298,105,279,117,TG,5.086034656280691,22.47220505424423
TS59,295,322,308,331,TS,5.936518723859159,15.811388300841896
GSD343,408,146,412,145,GSD,8.388406866952485,4.123105625617661
GSD154,296,151,300,152,GSD,6.0723516434815705,4.123105625617661
TG1147,228,127,231,146,TG,7.780128421277694,19.235384061671343
TG1020,266,340,280,313,TG,6.692647345593281,30.4138126514911
GG157,358,262,358,273,GG,6.073845795591004,11.0
TS103,160,405,147,402,TS,6.360029275231668,13.341664064126334
TG925,173,406,200,410,TG,5.676164791981423,27.294688127912362
GG276,354,223,357,216,GG,5.686079845786662,7.615773105863909
TG285,405,225,413,212,TG,4.178645392594341,15.264337522473747
GG452,332,171,328,160,GG,6.988966923670752,11.704699910719626
TS740,419,206,412,213,TS,4.469214288086029,9.899494936611665
GG42,119,447,124,453,GG,4.13023472178066,7.810249675906654
GSD96,332,250,336,251,GSD,4.879251662155099,4.123105625617661
GG21,301,270,300,278,GG,4.74187881197927,8.06225774829855
TG327,386,284,378,300,TG,5.558314415252132,17.88854381999832
GG242,341,252,343,247,GG,5.448028657808423,5.385164807134504
GG377,299,203,294,203,GG,5.714514113844905,5.0
TG864,424,90,410,102,TG,5.075684376027569,18.439088914585774
GG731,374,104,385,100,GG,5.679462636528868,11.704699910719626
TS292,198,350,188,339,TS,6.59771345775171,14.866068747318506
TS432,315,170,322,163,TS,6.192204295006118,9.899494936611665
GG267,243,140,236,138,GG,4.797441522138087,7.280109889280518
GG561,401,119,393,122,GG,8.478569074976559,8.54400374531753
GG786,413,110,417,120,GG,7.024517794267763,10.770329614269007
GG171,460,111,454,107,GG,5.35819596312659,7.211102550927978
TS286,321,208,330,214,TS,6.263299061300301,10.816653826391969
TG257,246,145,233,145,TG,3.653123593435605,13.0
GG676,223,492,218,490,GG,4.315958312111135,5.385164807134504
GSD314,214,249,214,255,GSD,3.8847674210915315,6.0
TG639,340,147,318,167,TG,7.336946999574041,29.732137494637012
TG496,482,115,476,97,TG,5.034950634742228,18.973665961010276
GG346,492,162,480,162,GG,5.99994429845823,12.0
TG402,300,103,311,93,TG,4.020328702693609,14.866068747318506
GG527,238,141,235,136,GG,6.3624274206661235,5.830951894845301
GSD224,429,134,432,135,GSD,4.899077619351189,3.1622776601683795
GG81,392,97,400,101,GG,5.772567122257166,8.94427190999916
TG1098,440,132,455,125,TG,4.791352578850081,16.55294535724685
TG624,132,399,114,390,TG,5.674940249496622,20.12461179749811
GSD86,271,407,271,405,GSD,5.47349771946761,2.0
GSD110,272,325,272,329,GSD,6.033831289457879,4.0
TG633,300,278,288,301,TG,6.0831238996333425,25.942243542145693
TS615,235,168,227,164,TS,7.08134741539588,8.94427190999916
GG558,437,60,445,59,GG,6.755198375644749,8.06225774829855
TG473,309,177,322,167,TG,8.456011153477776,16.401219466856727
TG254,419,94,401,110,TG,5.709628183901663,24.08318915758459
TS430,464,220,477,219,TS,6.666002114759376,13.038404810405298
GG80,415,77,423,74,GG,6.977430063787618,8.54400374531753
TS741,78,401,71,394,TS,6.372123874552992,9.899494936611665
GG169,254,164,250,172,GG,5.998528071715869,8.94427190999916
GSD211,313,126,312,126,GSD,4.0855623168673745,1.0
GSD324,311,218,311,215,GSD,6.059534302153885,3.0
GSD320,231,387,232,385,GSD,5.296006807379854,2.23606797749979
TG602,380,137,370,126,TG,6.031302371660073,14.866068747318506
GSD303,227,233,226,227,GSD,5.403513368737208,6.082762530298219
TS58,114,243,112,251,TS,5.134900087649255,8.246211251235321
GG187,352,156,352,145,GG,7.520460140944273,11.0
TS361,465,164,475,162,TS,5.275746116094692,10.198039027185569
TS648,276,122,270,130,TS,5.201950220081876,10.0
TG796,330,124,355,120,TG,5.321656261217438,25.317977802344327
TS15,346,353,351,343,TS,5.010825430354133,11.180339887498949
TS516,394,153,400,152,TS,5.535013556186247,6.082762530298219
TS56,160,405,149,403,TS,5.098080668852625,11.180339887498949
TG562,240,344,258,341,TG,3.992925160566416,18.24828759089466
GG311,329,204,325,199,GG,4.85131171195388,6.4031242374328485
TG90,431,91,432,99,TG,6.76637300491997,8.06225774829855
TG172,139,400,168,404,TG,5.771216457980391,29.274562336608895
GG439,397,308,387,307,GG,5.154311646953459,10.04987562112089
GSD215,189,317,198,322,GSD,6.263977743781837,10.295630140987
GSD76,184,313,186,317,GSD,7.280477295403244,4.47213595499958
TG315,129,398,108,391,TG,6.290492894927095,22.135943621178654
GSD371,339,287,337,292,GSD,7.844284086718519,5.385164807134504
TS268,136,399,143,401,TS,5.415888295873456,7.280109889280518
TG652,176,355,205,348,TG,8.499428176603018,29.832867780352597
GG487,346,168,340,173,GG,6.164145831899105,7.810249675906654
GG550,475,162,486,162,GG,5.524952691116445,11.0
TG896,298,174,309,178,TG,6.366142278416201,11.704699910719626
GG303,443,96,453,94,GG,7.032599132555887,10.198039027185569
GSD256,282,151,285,151,GSD,6.31610941273435,3.0
GG39,497,163,511,161,GG,6.684885102600182,14.142135623730951
GSD101,385,348,387,343,GSD,6.712492611100073,5.385164807134504
GSD44,350,204,352,209,GSD,6.381092771084003,5.385164807134504
TG743,309,241,315,221,TG,4.554356398671017,20.8806130178211
GG441,412,223,418,211,GG,8.279501718059992,13.416407864998739
GSD261,382,249,387,243,GSD,6.402870541416661,7.810249675906654
GG145,127,351,127,359,GG,5.534244185198323,8.0
GG673,316,125,325,122,GG,5.802501533814379,9.486832980505138
GG531,227,115,226,124,GG,5.863246723578371,9.055385138137417
GG573,372,45,367,47,GG,5.545447603264931,5.385164807134504
GSD207,365,312,367,312,GSD,4.087415726065373,2.0
TG209,368,131,341,147,TG,6.559701564403217,31.38470965295043
GSD280,356,356,353,353,GSD,6.894142767392207,4.242640687119285
GSD143,374,167,368,171,GSD,5.440640106807045,7.211102550927978
GSD332,355,156,359,154,GSD,5.519044467994966,4.47213595499958
GSD182,411,180,415,180,GSD,5.193802799348212,4.0
TG275,339,324,323,330,TG,4.739672419572178,17.08800749063506
GSD239,271,331,272,329,GSD,6.371893731745676,2.23606797749979
TG581,372,308,359,321,TG,4.177980895471521,18.384776310850235
GSD268,471,186,478,186,GSD,6.755984410252033,7.0
TG944,429,145,447,129,TG,5.770146484923524,24.08318915758459
GG226,260,117,269,119,GG,6.8760681481575325,9.219544457292887
TS345,243,177,242,169,TS,6.260876659109464,8.06225774829855
GG286,320,161,328,159,GG,5.34131164491878,8.246211251235321
TS309,313,334,299,327,TS,6.995183483972266,15.652475842498529
TS371,259,440,253,441,TS,6.278668808658332,6.082762530298219
GSD268,469,205,472,202,GSD,5.785116074619452,4.242640687119285
GG96,216,186,214,192,GG,7.837537735089648,6.324555320336759
TG104,351,82,335,87,TG,3.7126755978965225,16.76305461424021
TS323,430,222,415,219,TS,6.599725651771803,15.297058540778355
TG95,272,169,289,172,TG,5.21926868994233,17.26267650163207
TS514,316,221,313,234,TS,6.074560842749566,13.341664064126334
GG675,428,180,431,182,GG,5.797934881220385,3.605551275463989
TG904,373,130,350,120,TG,7.308778973736621,25.079872407968907
TG435,153,361,125,369,TG,6.532057701053835,29.120439557122072
TG569,360,143,337,155,TG,5.988939779475063,25.942243542145693
GSD379,266,228,272,224,GSD,6.787625617370942,7.211102550927978
TS410,489,162,500,161,TS,5.115293271024032,11.045361017187261
TS627,85,399,84,388,TS,6.171658035232031,11.045361017187261
GG686,308,245,306,258,GG,7.409475817892695,13.152946437965905
GG421,435,79,424,74,GG,7.408424964782902,12.083045973594572
GG11,346,220,354,223,GG,5.8393383035930375,8.54400374531753
GSD332,347,158,348,158,GSD,6.260707038338815,1.0
GG511,481,75,478,82,GG,5.611694373177445,7.615773105863909
GG721,195,404,200,409,GG,4.6868059613673445,7.0710678118654755
GSD26,420,184,422,180,GSD,5.027573190942917,4.47213595499958
GG305,269,132,264,141,GG,6.76157569825961,10.295630140987
TG699,179,405,206,413,TG,5.93072740315185,28.160255680657446
GG734,259,160,255,152,GG,4.940739905497564,8.94427190999916
GSD158,187,406,190,401,GSD,6.560237452092583,5.830951894845301
GSD386,250,157,249,156,GSD,6.184618257570051,1.4142135623730951
GG81,414,109,417,119,GG,7.591114490116343,10.44030650891055
GSD20,341,299,344,298,GSD,5.437087144524881,3.1622776601683795
TS46,333,172,322,173,TS,6.31235176039854,11.045361017187261
GG555,196,384,195,395,GG,5.649241079576107,11.045361017187261
GSD172,187,367,184,367,GSD,6.146932728994516,3.0
GSD57,428,82,430,86,GSD,6.192013837407894,4.47213595499958
GG699,289,187,280,186,GG,7.172670507120035,9.055385138137417
GSD19,337,107,335,111,GSD,7.05113615477949,4.47213595499958
GG159,385,219,392,216,GG,4.791859851826114,7.615773105863909
TS690,262,147,275,146,TS,6.773971880203867,13.038404810405298
GSD76,172,344,176,343,GSD,6.592290933862657,4.123105625617661
GSD63,188,325,189,327,GSD,4.256914959446938,2.23606797749979
GSD358,441,140,437,144,GSD,6.411315557978831,5.656854249492381
TS481,47,357,52,368,TS,5.710425724000877,12.083045973594572
TG147,230,166,216,159,TG,3.414908658075599,15.652475842498529
TG308,367,314,342,323,TG,7.319455700602157,26.570660511172846
TS122,244,179,252,189,TS,6.977348428547431,12.806248474865697
TG984,288,171,272,163,TG,6.1553808466569855,17.88854381999832
TG795,449,129,430,140,TG,6.682133805781833,21.95449840010015
GSD115,351,355,343,355,GSD,6.180006140752869,8.0
TG103,482,115,462,127,TG,5.529824911942313,23.323807579381203
GSD160,357,130,355,133,GSD,6.992322777884555,3.605551275463989
GG359,219,477,226,471,GG,6.58415354728827,9.219544457292887
GG791,305,160,306,151,GG,6.255767973593866,9.055385138137417
GSD19,336,107,337,107,GSD,5.410028242549474,1.0
GSD287,378,295,381,295,GSD,4.911334794029791,3.0
GSD84,272,424,273,419,GSD,5.622726803921067,5.0990195135927845
GG625,80,379,88,381,GG,5.57366174473081,8.246211251235321
GSD306,150,348,152,351,GSD,6.266558188256827,3.605551275463989
TS489,237,167,232,165,TS,5.105339904780767,5.385164807134504
GG595,361,284,364,290,GG,4.879542777453548,6.708203932499369
GG463,240,181,228,181,GG,6.734079357924454,12.0
GG488,465,111,472,114,GG,6.862585231006104,7.615773105863909
GSD192,181,300,180,304,GSD,4.752489293843784,4.123105625617661
GSD155,218,447,212,443,GSD,5.7882088701135705,7.211102550927978
GG89,350,83,357,78,GG,6.158340436833862,8.602325267042627
GSD96,325,247,329,249,GSD,7.297355079315236,4.47213595499958
TS262,258,156,253,163,TS,5.647926950311895,8.602325267042627
TS779,399,128,412,118,TS,6.852409057498324,16.401219466856727
GSD285,393,149,392,151,GSD,6.203075695106532,2.23606797749979
GSD383,324,147,325,147,GSD,3.522434213674419,1.0
GG101,180,337,181,347,GG,5.990733421686334,10.04987562112089
GSD269,109,398,112,399,GSD,5.246266238449802,3.1622776601683795
GSD233,324,303,325,307,GSD,7.732845149435675,4.123105625617661
TG554,163,405,194,406,TG,7.539490256613457,31.016124838541646
GG67,353,197,345,199,GG,5.2132374974016,8.246211251235321
TG180,310,176,309,170,TG,4.624096607755777,6.082762530298219
TS137,252,338,257,340,TS,5.076076693574958,5.385164807134504
GG722,430,93,435,92,GG,6.834711156632812,5.0990195135927845
TS550,91,400,92,392,TS,5.176323779866223,8.06225774829855
GSD239,268,330,271,331,GSD,7.704086673738793,3.1622776601683795
TG79,246,145,259,155,TG,4.63706900932479,16.401219466856727
GSD178,236,126,240,122,GSD,7.79806968870878,5.656854249492381
GG678,429,93,420,98,GG,7.211135395185888,10.295630140987
TG817,484,113,471,94,TG,6.252729979200766,23.021728866442675
GSD112,467,204,467,201,GSD,6.50479746979741,3.0
GSD345,194,430,199,434,GSD,5.648964147188536,6.4031242374328485
TG313,271,351,275,369,TG,4.59930997678826,18.439088914585774
GG729,336,312,329,315,GG,5.095361997200237,7.615773105863909
GSD330,335,328,334,331,GSD,3.7894773030694253,3.1622776601683795
TS98,90,335,88,347,TS,5.7096133825555455,12.165525060596439
GG655,250,171,246,178,GG,5.288008302257487,8.06225774829855
TG134,379,299,386,276,TG,5.629755992320856,24.041630560342615
TS303,351,82,357,77,TS,4.608824301757391,7.810249675906654
TS120,84,393,80,401,TS,6.785760207156654,8.94427190999916
GSD351,392,153,393,155,GSD,7.221940981822165,2.23606797749979
GG563,479,90,471,93,GG,4.701059556986977,8.54400374531753
GSD81,313,171,312,173,GSD,4.477786045941734,2.23606797749979
GSD9,508,153,502,155,GSD,6.455341304201937,6.324555320336759
TG412,304,328,322,330,TG,4.596217209565907,18.110770276274835
GG238,236,241,236,249,GG,6.504991362223057,8.0
TS646,70,395,79,402,TS,7.037321155870192,11.40175425099138
TS148,490,199,491,185,TS,6.786236791685866,14.035668847618199
GSD50,263,448,259,443,GSD,5.099090931476176,6.4031242374328485
TS204,194,194,200,184,TS,5.201163646815134,11.661903789690601
TG1103,240,344,212,346,TG,5.752724205275206,28.071337695236398
GSD38,319,114,319,111,GSD,5.520855483496785,3.0
GG691,459,155,458,164,GG,5.053778332237295,9.055385138137417
GG27,257,261,248,259,GG,5.4611757996028025,9.219544457292887
GSD299,362,280,362,282,GSD,5.4514534576897695,2.0
TS788,274,364,272,353,TS,5.248943645850595,11.180339887498949
GG376,330,216,338,219,GG,5.362765814355837,8.54400374531753
GSD311,135,400,138,400,GSD,5.48285474346028,3.0
TS53,364,135,373,129,TS,4.303886149299007,10.816653826391969
TG940,272,169,278,165,TG,6.908996084679474,7.211102550927978
TS320,220,160,222,162,TS,4.1720781273242515,2.8284271247461903
TS792,234,167,239,175,TS,4.723061960174631,9.433981132056603
GG733,344,120,337,121,GG,4.134634943700233,7.0710678118654755
TS258,484,161,499,160,TS,5.193760889736492,15.033296378372908
TS474,180,408,194,408,TS,6.72497290575043,14.0
TS77,276,373,274,357,TS,7.106975215913015,16.1245154965971
GG668,353,129,352,139,GG,4.617584540678547,10.04987562112089
TG621,307,172,315,172,TG,6.039475300134552,8.0
TG1001,252,162,279,171,TG,7.435984880769213,28.460498941515414
GSD224,446,128,449,123,GSD,4.716737976463406,5.830951894845301
GSD352,242,225,243,220,GSD,5.627455452776768,5.0990195135927845
GSD64,361,139,366,134,GSD,6.8839143320358716,7.0710678118654755
GG91,217,485,221,473,GG,7.091750800663759,12.649110640673518
TS210,243,164,245,161,TS,6.906303201607342,3.605551275463989
GSD388,374,212,372,215,GSD,4.134527132267387,3.605551275463989
GG606,68,400,70,391,GG,4.834981975285812,9.219544457292887
GG716,268,440,270,441,GG,3.69605800365866,2.23606797749979
GSD334,268,327,269,322,GSD,5.91528628871276,5.0990195135927845
TS505,248,160,258,161,TS,6.57391846901548,10.04987562112089
GG635,251,138,248,143,GG,5.200353374157579,5.830951894845301
TG193,312,236,316,217,TG,4.406250432621169,19.4164878389476
GSD166,449,121,451,117,GSD,5.602080451015587,4.47213595499958
TS787,332,123,317,127,TS,6.143815248173119,15.524174696260024
GG248,484,162,474,161,GG,5.277788180881608,10.04987562112089
GSD276,451,182,451,178,GSD,3.9780585233122245,4.0
GSD11,484,74,477,73,GSD,7.2417550648792925,7.0710678118654755
GSD330,333,335,327,340,GSD,6.452406984894189,7.810249675906654
GSD312,323,150,324,150,GSD,4.935604688433752,1.0
GSD259,511,153,507,154,GSD,6.134672207170183,4.123105625617661
TS18,445,96,433,91,TS,6.96479170067375,13.0
TS716,342,217,359,219,TS,7.597550460795752,17.11724276862369
TG11,395,250,386,285,TG,8.222802152269484,36.138621999185304
TG821,267,426,278,412,TG,3.08362707851749,17.804493814764857
GSD133,316,273,311,271,GSD,5.772859479602867,5.385164807134504
GG583,230,469,238,467,GG,5.126630337915598,8.246211251235321
GSD59,450,206,454,205,GSD,5.303745233029197,4.123105625617661
GG307,292,123,283,122,GG,5.624971115278095,9.055385138137417
GSD268,478,186,483,185,GSD,5.572410559429088,5.0990195135927845
TG32,396,117,412,101,TG,5.072025690362381,22.627416997969522
TS379,348,352,353,340,TS,5.325153396347162,13.0
TG678,333,325,361,321,TG,5.241168502955367,28.284271247461902
GG597,210,266,203,270,GG,4.957163935580546,8.06225774829855
GG459,386,100,391,97,GG,4.265845329096456,5.830951894845301
TG165,313,174,313,173,TG,6.828911260224128,1.0
TG249,427,89,441,96,TG,7.590635476758335,15.652475842498529
GSD276,446,172,452,166,GSD,6.763706187983818,8.48528137423857
TG299,245,161,264,167,TG,6.210182907172942,19.924858845171276
GG364,377,191,381,184,GG,5.7639680542357326,8.06225774829855
TS517,254,440,258,433,TS,4.501402014242842,8.06225774829855
TG864,444,95,424,90,TG,5.662916735853885,20.615528128088304
GSD180,461,118,460,116,GSD,4.84965692682049,2.23606797749979
GG264,460,144,460,155,GG,7.417379687452874,11.0
GSD26,410,178,415,181,GSD,5.586557004862424,5.830951894845301
TG560,406,222,420,201,TG,5.3023049306291945,25.238858928247925
TG891,281,144,252,149,TG,6.472998747926389,29.427877939124322
GSD141,520,179,525,179,GSD,6.523487975255925,5.0
GSD99,488,202,489,202,GSD,4.790286683711866,1.0
GG566,308,404,316,398,GG,7.0369510661709604,10.0
GG623,394,125,386,129,GG,4.713001484502797,8.94427190999916
TS584,212,172,203,181,TS,5.363496402959225,12.727922061357855
TS466,227,165,220,161,TS,6.2255305355997566,8.06225774829855
GG86,311,239,308,251,GG,6.754811458067275,12.36931687685298
TG904,390,121,373,130,TG,6.071697780251518,19.235384061671343
TS736,81,377,78,372,TS,5.637200757751147,5.830951894845301
GG115,302,181,303,176,GG,5.306906488492039,5.0990195135927845
TS213,92,393,100,389,TS,5.854510123149211,8.94427190999916
TG82,330,124,357,122,TG,5.786995327835829,27.073972741361768
GSD7,387,345,387,348,GSD,6.066095172064342,3.0
GSD12,296,359,294,360,GSD,5.047321400394237,2.23606797749979
TS420,50,346,46,356,TS,6.063359040877978,10.770329614269007
GSD5,328,228,328,223,GSD,6.126973934342587,5.0
GSD58,319,99,318,106,GSD,5.8585310575854095,7.0710678118654755
TS207,110,391,99,388,TS,5.306620822655823,11.40175425099138
GSD156,547,148,549,150,GSD,5.463668390218444,2.8284271247461903
TG736,177,406,210,417,TG,7.302055655428954,34.785054261852174
GSD278,239,456,237,453,GSD,5.497838318965957,3.605551275463989
GSD276,449,163,452,159,GSD,5.507033226879294,5.0
GG268,253,117,257,117,GG,4.688415557640095,4.0
GG735,358,77,361,71,GG,5.7984079081846005,6.708203932499369
TS264,322,208,314,201,TS,6.2610248367943235,10.63014581273465
TS542,294,321,307,329,TS,7.835204031819487,15.264337522473747
TS579,259,144,269,147,TS,5.518383235733473,10.44030650891055
TS380,71,395,63,396,TS,5.134467102631467,8.06225774829855
GSD398,329,213,330,210,GSD,6.335431230757692,3.1622776601683795
GG551,451,83,453,93,GG,6.134255246666694,10.198039027185569
TS499,67,339,69,348,TS,4.55687261431623,9.219544457292887
GG513,258,149,255,150,GG,4.550411947073702,3.1622776601683795
TS35,69,406,65,398,TS,4.406174019017913,8.94427190999916
GG751,197,371,195,361,GG,6.239451792791904,10.198039027185569
TG999,405,225,393,250,TG,6.62619491173943,27.730849247724095
GG638,170,460,170,471,GG,7.638218978864522,11.0
TG559,309,241,303,262,TG,4.73378531005015,21.840329667841555
TG662,313,176,328,152,TG,5.625508916054764,28.30194339616981
TG730,240,344,219,347,TG,5.18358549247144,21.213203435596427
GSD235,323,153,319,153,GSD,6.691744647513303,4.0
TS21,381,124,373,130,TS,7.1375773261071425,10.0
TG356,314,198,317,216,TG,4.8687639386606385,18.24828759089466
TS431,97,394,93,395,TS,6.239478280417908,4.123105625617661
GSD317,357,71,361,69,GSD,5.609514765873003,4.47213595499958
GSD377,286,330,288,330,GSD,4.609015511775774,2.0
GSD145,244,365,241,369,GSD,6.806596063155148,5.0
GSD75,474,157,478,157,GSD,6.721119262176979,4.0
TS466,220,161,214,156,TS,6.002263478715213,7.810249675906654
TG42,276,170,274,165,TG,6.000623803167789,5.385164807134504
TG927,316,229,305,259,TG,6.728747551878735,31.953090617340916
TG344,183,407,205,415,TG,6.705451546431401,23.40939982143925
GG393,396,137,397,130,GG,4.749420948554171,7.0710678118654755
TG511,210,417,216,424,TG,3.2848595163013616,9.219544457292887
TG882,256,163,295,173,TG,7.50268090397509,40.26164427839479
GSD330,327,340,327,343,GSD,6.786627395256801,3.0
TS572,279,188,264,189,TS,7.515558574265226,15.033296378372908
GG22,432,90,432,96,GG,6.7158726057134785,6.0
GG103,281,113,276,119,GG,5.7837240407940715,7.810249675906654
TG266,469,94,450,98,TG,3.908969841859851,19.4164878389476
TS101,440,92,442,97,TS,3.451795009920402,5.385164807134504
TS560,269,171,281,172,TS,6.6275300427533885,12.041594578792296
GSD206,144,395,140,397,GSD,7.228790849110187,4.47213595499958
GG41,359,224,353,229,GG,6.7531561964442135,7.810249675906654
TG136,300,173,277,170,TG,5.088780659533262,23.194827009486403
TS68,323,207,316,217,TS,9.609394304880425,12.206555615733702
GG1,249,188,253,196,GG,7.051977171566676,8.94427190999916
TG399,373,128,388,131,TG,5.893841081354246,15.297058540778355
GG536,355,144,364,141,GG,5.2630159928023454,9.486832980505138
GSD336,335,211,329,213,GSD,6.311880770660137,6.324555320336759
GG709,276,186,288,186,GG,6.085686219593812,12.0
TS168,479,103,480,116,TS,6.891386499347756,13.038404810405298
TS655,159,236,150,239,TS,4.531987164256975,9.486832980505138
GSD351,387,151,388,153,GSD,6.704387709280943,2.23606797749979
GSD202,194,410,194,411,GSD,6.223254032315456,1.0
TS141,351,322,362,319,TS,6.099161837881439,11.40175425099138
GG775,242,183,241,190,GG,5.096903154978569,7.0710678118654755
TG788,280,117,265,136,TG,5.408937908709596,24.20743687382041
TS621,256,341,269,337,TS,6.039554402170445,13.601470508735444
GG579,356,125,353,133,GG,5.933230233520141,8.54400374531753
TG841,397,151,416,154,TG,5.280637196432553,19.235384061671343
TS717,216,346,202,349,TS,7.486906082654814,14.317821063276353
TS215,87,404,84,399,TS,3.9223219496833592,5.830951894845301
GG727,434,80,432,89,GG,5.676815880329514,9.219544457292887
TS652,218,160,219,158,TS,6.3220350240609235,2.23606797749979
GG490,235,198,223,198,GG,6.140662220230185,12.0
GSD223,449,171,443,173,GSD,6.261310984601025,6.324555320336759
GSD301,254,341,257,341,GSD,6.031640114050667,3.0
GG191,407,103,402,103,GG,3.5999244218635065,5.0
TG712,302,267,311,238,TG,7.00081225603666,30.364452901377952
GG423,437,62,436,71,GG,5.485152188974038,9.055385138137417
GG318,415,77,424,74,GG,6.289208450841605,9.486832980505138
TS616,389,227,404,229,TS,7.391939103039885,15.132745950421556
GSD70,343,254,342,257,GSD,7.017044320248843,3.1622776601683795
GG373,130,458,122,452,GG,5.4522487897559495,10.0
TG283,240,344,214,346,TG,5.567713846405188,26.076809620810597
TG939,160,405,186,407,TG,5.843519928226073,26.076809620810597
TG793,160,405,147,402,TG,2.785862725343516,13.341664064126334
TS202,245,356,250,342,TS,6.187905626301623,14.866068747318506
TS613,394,156,392,147,TS,5.707822113909877,9.219544457292887
TG723,228,165,251,161,TG,6.66075366881392,23.345235059857504
TS295,275,377,275,363,TS,5.625000160669883,14.0
GSD398,329,218,329,213,GSD,5.794107377663197,5.0
TG139,387,277,376,304,TG,6.324178573589855,29.154759474226502
TS573,87,404,82,395,TS,6.098408322642921,10.295630140987
GG230,68,394,68,407,GG,6.465574037378712,13.0
GSD356,244,158,249,160,GSD,5.107440999819797,5.385164807134504
GSD134,421,285,422,282,GSD,4.417339672107268,3.1622776601683795
TS640,389,121,380,124,TS,5.5170137585779315,9.486832980505138
GSD193,337,118,334,115,GSD,5.8032990259396655,4.242640687119285
TG976,298,105,279,116,TG,6.46661865758247,21.95449840010015
TS722,230,166,219,169,TS,6.680138531886165,11.40175425099138
TG252,394,249,386,273,TG,6.274032067109127,25.298221281347036
TG356,326,174,329,183,TG,4.8974202457295375,9.486832980505138
TS739,238,163,243,162,TS,4.637022382546333,5.0990195135927845
GG687,358,262,359,256,GG,5.0426348957921565,6.082762530298219
TS159,353,325,338,325,TS,7.22444965358512,15.0
TG45,190,407,207,416,TG,4.5352694443766275,19.235384061671343
GSD184,364,215,370,215,GSD,5.97070409100737,6.0
GSD229,346,323,352,327,GSD,8.144786927852778,7.211102550927978
GG355,272,353,268,344,GG,7.646064059147168,9.848857801796104
TG298,261,148,287,143,TG,6.172234897923994,26.476404589747453
GG178,205,408,194,415,GG,9.043610650491782,13.038404810405298
TS376,272,172,282,171,TS,7.131482463213601,10.04987562112089
GG700,340,120,336,121,GG,4.377845903004323,4.123105625617661
GSD109,439,142,439,143,GSD,7.2995378850798,1.0
TG1175,460,95,479,104,TG,6.271008738722507,21.02379604162864
GG146,240,218,237,210,GG,7.114845189031936,8.54400374531753
TS730,187,413,174,410,TS,5.924809588173425,13.341664064126334
GSD5,328,233,328,228,GSD,7.086877967587597,5.0
TS70,372,309,363,321,TS,6.298920600757885,15.0
GG34,325,201,322,209,GG,5.164783965345698,8.54400374531753
TS563,269,130,275,124,TS,4.6917808839294155,8.48528137423857
GSD90,333,165,333,163,GSD,6.453973417231214,2.0
TS140,71,317,76,312,TS,4.1021825952178546,7.0710678118654755
GG349,315,195,306,195,GG,6.338066962049663,9.0
GG480,247,115,237,107,GG,6.42652228541469,12.806248474865697
GG12,340,375,333,383,GG,6.249730708001675,10.63014581273465
TS379,330,388,337,376,TS,6.140075591502296,13.892443989449804
TG583,269,424,277,394,TG,7.184181966259557,31.04834939252005
TG131,358,321,373,307,TG,5.029564729108867,20.518284528683193
TG746,160,360,141,367,TG,5.631685089019204,20.248456731316587
TS603,125,398,121,397,TS,4.662653769438702,4.123105625617661
TS454,246,145,252,149,TS,3.923970803563526,7.211102550927978
GSD179,248,149,248,152,GSD,5.338851946186496,3.0
TG735,152,403,179,406,TG,6.747330050502644,27.16615541441225
TG65,249,147,237,143,TG,5.09314998665953,12.649110640673518
GSD371,332,334,332,336,GSD,3.810032642050004,2.0
TS638,309,177,319,175,TS,5.224659097996528,10.198039027185569
GG218,253,227,257,222,GG,6.0753814747788,6.4031242374328485
GSD313,453,226,451,218,GSD,7.108994391991741,8.246211251235321
GG536,364,141,372,137,GG,5.045763413417539,8.94427190999916
GG196,242,184,244,178,GG,4.6755805215776185,6.324555320336759
GSD269,101,397,103,396,GSD,6.12525205289519,2.23606797749979
TS620,52,369,59,373,TS,5.127634798419516,8.06225774829855
TG625,467,127,452,127,TG,4.238419678313501,15.0
GG626,368,109,362,108,GG,7.06305821829048,6.082762530298219
TG418,259,165,237,168,TG,5.668071887046318,22.20360331117452
GSD49,320,150,324,150,GSD,5.50743135229736,4.0
GSD186,356,97,351,93,GSD,7.489131751625736,6.4031242374328485
GG267,236,138,231,130,GG,5.919907123829283,9.433981132056603
GSD333,348,281,350,283,GSD,5.247967847518922,2.8284271247461903
GSD195,468,105,466,103,GSD,7.700348917715601,2.8284271247461903
GSD76,182,342,181,337,GSD,6.479515698795268,5.0990195135927845
GG402,140,395,133,395,GG,5.3694847476659895,7.0
GG571,435,99,440,112,GG,6.5099641079290755,13.92838827718412
TG1193,176,406,201,411,TG,5.3442814561571605,25.495097567963924
TS427,461,97,468,94,TS,6.407155141956848,7.615773105863909
TS221,462,95,456,97,TS,5.474318638006848,6.324555320336759
GSD347,327,155,328,156,GSD,6.412555747391215,1.4142135623730951
GG522,367,217,369,212,GG,5.051158664046536,5.385164807134504
TG5,273,169,253,162,TG,5.224443075396197,21.18962010041709
GSD235,324,150,324,151,GSD,5.80694710646371,1.0
GG439,374,306,363,304,GG,6.7261542806817545,11.180339887498949
GG58,229,333,239,331,GG,6.028564429882398,10.198039027185569
TG196,460,96,443,96,TG,4.690569278028361,17.0
GG790,372,179,364,183,GG,6.050883295457092,8.94427190999916
GSD395,439,241,441,245,GSD,4.186423617749777,4.47213595499958
TS307,194,410,196,417,TS,6.434639365399778,7.280109889280518
GSD281,347,350,350,351,GSD,5.0911130247647485,3.1622776601683795
GG139,397,129,395,140,GG,6.10823726479466,11.180339887498949
TS523,287,190,279,187,TS,5.162380921553506,8.54400374531753
GG432,432,110,428,107,GG,5.083757035275049,5.0
TS396,298,105,292,110,TS,5.519397765142592,7.810249675906654
TG28,239,344,219,347,TG,4.559046638159703,20.223748416156685
TS328,224,345,241,344,TS,6.345552171864018,17.029386365926403
GSD264,29,456,28,461,GSD,4.83716074428682,5.0990195135927845
TS361,454,167,465,164,TS,5.820432176687199,11.40175425099138
GSD197,140,361,136,363,GSD,4.6982937309550294,4.47213595499958
GSD72,236,384,242,383,GSD,6.09825584573472,6.082762530298219
GG563,460,95,451,95,GG,6.404388500933864,9.0
TS329,418,96,411,101,TS,3.826700129862205,8.602325267042627
GSD271,461,159,465,162,GSD,7.738361480249168,5.0
TS747,435,221,427,219,TS,5.297769546962186,8.246211251235321
TG1022,213,161,199,171,TG,3.4446333700754774,17.204650534085253
TG971,236,136,222,153,TG,7.949152066957649,22.02271554554524
GSD146,338,254,339,259,GSD,5.50322520990445,5.0990195135927845
GG49,420,132,420,138,GG,4.041880043299095,6.0
GG229,349,366,352,361,GG,3.9699409708775466,5.830951894845301
GSD61,369,261,363,261,GSD,5.718991837115704,6.0
GG630,392,151,385,161,GG,6.722453300623435,12.206555615733702
TG616,281,144,257,147,TG,5.698105993692479,24.186773244895647
GSD283,229,225,233,224,GSD,5.561591543950136,4.123105625617661
GSD91,271,77,268,76,GSD,5.889465880598479,3.1622776601683795
GSD55,459,89,458,86,GSD,3.826123921697171,3.1622776601683795
GSD330,327,314,326,319,GSD,7.978111736615857,5.0990195135927845
GSD255,509,152,512,152,GSD,5.319643102348422,3.0
GSD113,493,203,492,207,GSD,5.466249647983794,4.123105625617661
GSD5,337,231,336,236,GSD,5.894272669162369,5.0990195135927845
TS334,389,140,388,146,TS,5.585846189756725,6.082762530298219
TG614,334,325,304,329,TG,7.197551893278371,30.265491900843113
GSD157,217,434,211,437,GSD,7.6229172581505935,6.708203932499369
TS726,90,407,91,413,TS,5.239163508147598,6.082762530298219
GSD175,520,153,513,155,GSD,7.478092719370704,7.280109889280518
GG290,254,436,254,443,GG,5.617786367016951,7.0
GG279,364,107,371,110,GG,7.016175336974527,7.615773105863909
GG294,396,138,399,128,GG,5.7571111123959575,10.44030650891055
GSD211,323,131,320,128,GSD,5.850477067226734,4.242640687119285
GG358,232,331,221,336,GG,7.26584745921182,12.083045973594572
GG461,248,195,248,185,GG,5.75407112167257,10.0
GSD147,417,81,418,77,GSD,8.329179869530396,4.123105625617661
GSD213,289,125,287,130,GSD,5.733624692775742,5.385164807134504
GSD50,259,441,257,440,GSD,3.9602306576716337,2.23606797749979
TS430,452,223,464,220,TS,6.26642718744089,12.36931687685298
TS553,107,247,113,248,TS,7.067599151365839,6.082762530298219
TG176,346,143,330,152,TG,4.214228117828181,18.35755975068582
TG524,269,148,290,142,TG,5.692483308578888,21.840329667841555
GG406,428,158,423,149,GG,5.868016497900546,10.295630140987
TS572,255,194,258,210,TS,6.718020695034594,16.278820596099706
GSD123,336,249,338,255,GSD,6.558076166451173,6.324555320336759
GG433,463,80,473,82,GG,7.392092520933582,10.198039027185569
GG694,355,198,350,199,GG,5.589939264633106,5.0990195135927845
GG682,418,180,407,180,GG,5.617647199973265,11.0
GG64,451,110,441,110,GG,7.6923226910638505,10.0
GSD238,323,382,319,389,GSD,8.032992454408427,8.06225774829855
TS766,265,451,257,459,TS,6.684158328195153,11.313708498984761
GG48,471,93,480,89,GG,7.18521347944845,9.848857801796104
GSD293,322,130,321,128,GSD,6.647726876480144,2.23606797749979
TS711,137,244,118,245,TS,6.949594259653582,19.026297590440446
TS676,475,95,467,94,TS,5.316474702468977,8.06225774829855
GG87,54,431,43,436,GG,6.063169923674749,12.083045973594572
GSD18,300,419,304,421,GSD,6.979021355304745,4.47213595499958
TG735,201,411,222,429,TG,7.1918172473886415,27.65863337187866
GG742,283,210,277,213,GG,7.032016995334947,6.708203932499369
TG242,88,350,91,379,TG,6.146959115833509,29.154759474226502
TS398,430,194,419,204,TS,6.7273163199240065,14.866068747318506
TS144,479,218,464,221,TS,6.675698468283108,15.297058540778355
GG216,236,257,236,248,GG,5.86925844928626,9.0
GG67,340,198,333,201,GG,4.740779275187737,7.615773105863909
TS542,263,330,276,321,TS,6.872866527330569,15.811388300841896
TG1093,417,155,433,137,TG,5.406817515977709,24.08318915758459
GSD291,149,331,150,337,GSD,5.896344097629317,6.082762530298219
GSD224,428,145,430,139,GSD,5.395479759136622,6.324555320336759
GG357,330,215,323,212,GG,5.009318331587935,7.615773105863909
TS579,269,147,275,144,TS,4.294721975438223,6.708203932499369
GG781,311,120,320,123,GG,6.687617672254158,9.486832980505138
GG650,124,392,132,394,GG,4.468009777494405,8.246211251235321
GSD370,161,272,164,274,GSD,5.678921861866048,3.605551275463989
TG478,385,124,402,110,TG,5.449622922450122,22.02271554554524
GG642,521,169,509,174,GG,7.304015411448299,13.0
TS609,286,460,274,454,TS,6.440916066310207,13.416407864998739
TS263,470,163,458,163,TS,5.4584560433638245,12.0
GSD76,159,355,159,353,GSD,6.355785366092022,2.0
TG808,366,124,338,122,TG,5.097368153373463,28.071337695236398
TS173,53,443,60,430,TS,6.169239052838948,14.7648230602334
TS697,385,292,387,278,TS,6.281102440194731,14.142135623730951
TG6,229,165,219,155,TG,5.371746275205474,14.142135623730951
GG95,474,115,471,112,GG,3.976754794629521,4.242640687119285
TS740,427,191,423,199,TS,6.461181163851868,8.94427190999916
GSD143,379,165,374,167,GSD,6.776785620936806,5.385164807134504
TS127,337,372,329,387,TS,7.54557209714444,17.0
TG860,392,129,380,136,TG,3.8838681957110612,13.892443989449804
TS317,392,177,389,183,TS,4.699605835858804,6.708203932499369
GG296,291,297,294,292,GG,4.836533976088507,5.830951894845301
TS56,133,399,125,396,TS,5.089524859723628,8.54400374531753
GSD9,524,154,521,151,GSD,7.197261181099655,4.242640687119285
TS310,344,122,334,123,TS,4.32640713253074,10.04987562112089
GG132,268,118,263,123,GG,5.8341738820555475,7.0710678118654755
GSD235,324,151,324,148,GSD,4.181497994680271,3.0
GSD274,321,129,313,127,GSD,6.801845681483094,8.246211251235321
TS532,199,187,207,176,TS,6.592266427787813,13.601470508735444
TG316,267,133,246,145,TG,7.31960661861728,24.186773244895647
TG1048,246,145,264,148,TG,5.897211570787203,18.24828759089466
TG156,185,356,165,359,TG,4.682566120260168,20.223748416156685
TG1052,246,145,266,137,TG,5.176624578917632,21.540659228538015
TG347,279,166,306,176,TG,6.328698684174906,28.792360097775937
GSD341,544,141,537,144,GSD,6.460726398380398,7.615773105863909
GG68,240,180,242,187,GG,5.048868563224904,7.280109889280518
GG368,69,406,67,394,GG,5.823102251241572,12.165525060596439
GSD391,433,106,430,109,GSD,3.779457847180552,4.242640687119285
TG69,189,355,167,357,TG,4.802354503841136,22.090722034374522
TS20,228,150,220,153,TS,6.291961244593976,8.54400374531753
TG1094,307,177,299,173,TG,6.20978157844475,8.94427190999916
TS604,480,93,477,99,TS,6.372947588059685,6.708203932499369
GG413,414,145,412,152,GG,5.899801567866074,7.280109889280518
GSD229,330,336,333,333,GSD,5.820344751232263,4.242640687119285
GSD51,187,313,191,317,GSD,7.200118880190436,5.656854249492381
GSD282,449,230,444,231,GSD,6.183007432742116,5.0990195135927845
TG724,88,362,89,340,TG,5.903240947854247,22.02271554554524
TG30,339,324,316,332,TG,6.405114204186022,24.351591323771842
GG472,278,116,274,120,GG,4.932865247516192,5.656854249492381
GSD72,247,383,251,383,GSD,7.086540724119999,4.0
GSD346,183,363,184,360,GSD,5.012937110515909,3.1622776601683795
GG290,268,437,269,428,GG,8.042776039359964,9.055385138137417
GG76,207,168,205,162,GG,5.412692466706773,6.324555320336759
TG1139,170,355,144,365,TG,5.677057028949782,27.85677655436824
TS708,472,125,458,126,TS,6.887306982113888,14.035668847618199
TS149,184,407,197,409,TS,5.956876236529709,13.152946437965905
TG95,289,172,316,170,TG,7.574955912532081,27.073972741361768
TS328,193,346,204,349,TS,5.502346887394033,11.40175425099138
GG332,240,180,242,188,GG,5.13798864143133,8.246211251235321
GG285,400,247,402,243,GG,5.26743995609338,4.47213595499958
TG879,275,383,275,365,TG,4.9395150250791175,18.0
TS747,462,222,447,222,TS,6.18874260773209,15.0
TG932,157,404,136,399,TG,4.845185679520532,21.587033144922902
GG185,453,132,449,132,GG,4.172334461401817,4.0
TS685,461,97,452,98,TS,5.917746303674671,9.055385138137417
TS50,412,219,407,221,TS,5.356112355847644,5.385164807134504
GG627,244,179,233,183,GG,6.2250626937285745,11.704699910719626
GG105,429,161,430,166,GG,6.930372233889727,5.0990195135927845
GSD47,250,383,245,382,GSD,5.9058597648856335,5.0990195135927845
GG654,360,248,361,250,GG,3.376517596365483,2.23606797749979
TS365,251,166,256,164,TS,4.570361171308983,5.385164807134504
GG475,254,196,259,193,GG,4.689739148141237,5.830951894845301
TS553,113,248,108,261,TS,7.948690067267668,13.92838827718412
TG1067,312,332,288,320,TG,7.5287444780177895,26.832815729997478
TG915,385,284,375,306,TG,5.596704080306932,24.166091947189145
TS216,482,115,473,128,TS,6.270064121579575,15.811388300841896
TS638,332,181,321,190,TS,5.962970953640131,14.212670403551895
TG928,277,391,275,364,TG,7.296150747751937,27.073972741361768
GG5,436,71,438,60,GG,5.5503843843755405,11.180339887498949
GSD151,346,324,346,320,GSD,5.922696132332994,4.0
GSD175,500,157,503,154,GSD,6.868644870296663,4.242640687119285
GG518,467,124,455,128,GG,6.6897027510259255,12.649110640673518
TS177,452,98,443,95,TS,5.287903436677475,9.486832980505138
TG942,204,414,226,430,TG,6.31426737837151,27.202941017470888
TS8,329,183,335,173,TS,5.901771926871545,11.661903789690601
GSD152,350,413,354,412,GSD,6.838886203363764,4.123105625617661
GG495,254,196,263,191,GG,7.711276714078718,10.295630140987
TS34,182,412,190,413,TS,5.749017306618576,8.06225774829855
GSD235,324,156,323,153,GSD,5.959180191637309,3.1622776601683795
TS372,262,170,257,168,TS,5.894523366886744,5.385164807134504
GG792,250,300,245,291,GG,5.970143026197235,10.295630140987
TG916,269,424,278,408,TG,5.521941376106557,18.35755975068582
GG680,313,124,310,128,GG,5.354981592080623,5.0
TG306,311,331,298,323,TG,3.8259695762366324,15.264337522473747
GG736,413,97,413,109,GG,7.096284516243625,12.0
TS525,77,364,80,376,TS,7.02520001643565,12.36931687685298
TG631,226,346,250,342,TG,5.292948836404202,24.331050121192877
TS484,418,95,410,101,TS,5.732402676155392,10.0
TS236,333,325,344,323,TS,6.720998336111938,11.180339887498949
TG1074,408,104,435,91,TG,6.455787800690119,29.966648127543394
GG501,395,139,398,130,GG,6.131814943964454,9.486832980505138
TS582,470,95,464,94,TS,5.25281508732469,6.082762530298219
TG1003,279,172,300,174,TG,6.348802215364296,21.095023109728988
GG411,270,104,270,95,GG,5.362919243290438,9.0
GSD384,489,195,492,192,GSD,5.864887782957032,4.242640687119285
GSD84,280,412,286,412,GSD,6.534695251396091,6.0
GSD10,35,432,39,429,GSD,5.520094085932136,5.0
TS358,315,205,317,193,TS,6.062119681704139,12.165525060596439
GSD276,465,151,464,153,GSD,6.302284392315016,2.23606797749979
GSD127,226,224,223,222,GSD,7.425620374432203,3.605551275463989
GSD79,255,303,254,308,GSD,6.251212627523768,5.0990195135927845
GG540,453,83,463,81,GG,6.547223887790769,10.198039027185569
TG98,282,171,260,165,TG,6.2404959009292025,22.80350850198276
TS664,277,164,267,161,TS,6.171314337829063,10.44030650891055
GSD286,228,397,229,403,GSD,6.5268342248360725,6.082762530298219
GG404,325,199,323,203,GG,7.613375473842428,4.47213595499958
TS400,123,245,132,244,TS,5.250233396276512,9.055385138137417
GSD86,271,400,271,395,GSD,5.985576219921546,5.0
TS586,437,180,430,190,TS,5.635417517598416,12.206555615733702
TS352,269,452,259,454,TS,7.102409945152438,10.198039027185569
GSD96,382,283,381,287,GSD,5.915821239921968,4.123105625617661
TG695,240,437,220,427,TG,5.246769189385485,22.360679774997898
GG73,362,243,359,254,GG,5.323280706734381,11.40175425099138
TS113,91,411,89,406,TS,5.07253525268023,5.385164807134504
TS178,464,97,466,95,TS,4.7325253370777745,2.8284271247461903
TG309,269,424,258,435,TG,4.558728247576608,15.556349186104045
TS189,461,95,454,98,TS,3.9851171980723628,7.615773105863909
GG249,247,116,242,112,GG,4.321651627716218,6.4031242374328485
GG353,310,117,311,107,GG,5.636149435348827,10.04987562112089
GG201,308,93,299,88,GG,8.129170082754262,10.295630140987
GG671,431,175,432,183,GG,5.899175393226958,8.06225774829855
GSD20,337,300,341,299,GSD,6.382160523066691,4.123105625617661
GG123,382,184,378,190,GG,5.119511167176713,7.211102550927978
GSD72,256,382,261,383,GSD,5.111434418410795,5.0990195135927845
GSD125,223,349,222,345,GSD,4.426432907071791,4.123105625617661
GG486,462,164,458,158,GG,6.096354763480647,7.211102550927978
GG741,251,149,249,142,GG,6.455180644060698,7.280109889280518
TG578,418,95,443,95,TG,6.547355609435753,25.0
TS614,89,364,87,349,TS,6.275641686142611,15.132745950421556
TS784,430,153,432,166,TS,6.161635823610168,13.152946437965905
TS598,217,155,212,157,TS,4.367773924798545,5.385164807134504
GSD108,101,402,100,398,GSD,7.249301856174839,4.123105625617661
TG1002,390,121,371,130,TG,6.04165583817708,21.02379604162864
GSD347,333,156,336,157,GSD,6.1809041133109,3.1622776601683795
GG256,422,48,426,54,GG,4.8854065545606655,7.211102550927978
GG765,443,96,449,94,GG,4.301061290215092,6.324555320336759
GG668,355,123,353,129,GG,4.924733375315056,6.324555320336759
GG446,345,121,340,121,GG,4.65834346324665,5.0
TS372,257,168,253,161,TS,4.861161433176796,8.06225774829855
GSD395,440,236,439,241,GSD,6.109444670744275,5.0990195135927845
GG266,491,182,485,189,GG,5.100089885346131,9.219544457292887
TS437,210,174,217,170,TS,4.043134832205437,8.06225774829855
TS459,76,364,74,353,TS,6.218595794669419,11.180339887498949
TG813,360,143,371,139,TG,3.603492519225688,11.704699910719626
TG270,194,407,213,418,TG,5.8027418226521705,21.95449840010015
GSD306,152,361,160,360,GSD,5.602972743159139,8.06225774829855
TG924,459,96,439,97,TG,7.739254174567072,20.024984394500787
TS351,461,97,468,95,TS,6.307747088778832,7.280109889280518
GSD229,356,338,359,339,GSD,5.072592072361033,3.1622776601683795
TG985,330,326,351,322,TG,5.213699017795802,21.37755832643195
TG1200,91,327,87,355,TG,5.722289314561826,28.284271247461902
TS107,354,336,348,347,TS,6.581729949386435,12.529964086141668
TS66,132,244,146,240,TS,6.920543013410736,14.560219778561036
GG98,271,95,271,105,GG,5.830736645421954,10.0
TG733,407,105,426,89,TG,5.921210731109424,24.839484696748443
TG1142,272,328,278,315,TG,3.761975538138283,14.317821063276353
GG640,311,125,308,133,GG,5.088423726276497,8.54400374531753
GSD76,181,363,180,362,GSD,7.208357994976221,1.4142135623730951
GG424,358,122,366,124,GG,5.64245326127007,8.246211251235321
TS603,93,379,91,372,TS,4.044403214588183,7.280109889280518
TG762,221,348,242,344,TG,5.2306702364073665,21.37755832643195
TG459,309,241,302,264,TG,6.234877700303556,24.041630560342615
TG234,261,341,239,343,TG,5.938405503352416,22.090722034374522
TS359,112,396,102,394,TS,5.0237614132916475,10.198039027185569
GSD132,363,130,364,130,GSD,6.40341376673845,1.0
TG1088,114,242,107,263,TG,5.768715798792391,22.135943621178654
GSD253,453,225,451,221,GSD,5.667640736925456,4.47213595499958
TS139,300,327,304,333,TS,4.2847391268927275,7.211102550927978
TG193,302,267,307,255,TG,3.665458321238574,13.0
GSD240,372,322,369,319,GSD,5.234214041282343,4.242640687119285
TS4,315,214,316,228,TS,6.837500905370793,14.035668847618199
GSD172,187,361,187,362,GSD,7.416196350467649,1.0
TG643,117,370,97,383,TG,6.945028258318859,23.853720883753127
GG187,352,145,353,142,GG,4.4282759013923805,3.1622776601683795
TS119,78,400,85,401,TS,7.766368577081299,7.0710678118654755
GSD184,376,218,378,218,GSD,5.867369498284354,2.0
GG179,409,104,405,102,GG,3.7525121052933743,4.47213595499958
TG671,440,132,429,146,TG,5.089001235411304,17.804493814764857
TG287,339,324,313,332,TG,7.360318331832718,27.202941017470888
GSD113,481,220,485,218,GSD,7.236362734802867,4.47213595499958
GG704,428,160,424,154,GG,5.698703975417942,7.211102550927978
TS420,46,356,50,360,TS,3.8377735074323382,5.656854249492381
GG699,287,192,289,187,GG,6.24224993359096,5.385164807134504
GSD206,148,399,146,397,GSD,5.937700986731169,2.8284271247461903
TS204,213,171,224,166,TS,6.83170091026034,12.083045973594572
GSD74,350,231,347,235,GSD,5.967999636907405,5.0
GSD25,482,162,482,154,GSD,6.988536679395509,8.0
GG740,429,76,435,78,GG,4.80200859627775,6.324555320336759
TS90,102,280,101,282,TS,5.8492738256199805,2.23606797749979
GSD31,364,256,364,262,GSD,7.4576644286586316,6.0
TG1120,354,139,371,130,TG,4.711659100810985,19.235384061671343
TG23,430,92,435,98,TG,6.1151024919263905,7.810249675906654
GG791,306,151,307,140,GG,5.68733375405068,11.045361017187261
GSD384,492,188,493,184,GSD,4.835779617469619,4.123105625617661
TS301,382,278,385,267,TS,5.929195629568125,11.40175425099138
TS429,262,445,266,452,TS,6.55658243826031,8.06225774829855
TG291,108,376,101,390,TG,6.350274625304365,15.652475842498529
GSD96,382,266,383,270,GSD,7.113716816627033,4.123105625617661
GSD193,346,135,348,128,GSD,7.464066339721464,7.280109889280518
TS439,58,434,53,442,TS,5.447008522202814,9.433981132056603
GSD267,467,210,469,215,GSD,6.508174538562223,5.385164807134504
GSD396,402,298,400,299,GSD,5.09601687541452,2.23606797749979
TG860,411,118,392,129,TG,6.843208416449057,21.95449840010015
GG140,419,210,423,205,GG,4.475162221382714,6.4031242374328485
GSD142,245,482,241,484,GSD,6.391203825280861,4.47213595499958
GSD271,463,158,461,159,GSD,6.3986154369976695,2.23606797749979
TG591,135,223,119,234,TG,6.132283057981059,19.4164878389476
TS511,409,216,414,213,TS,4.038516381407458,5.830951894845301
TS430,486,212,487,202,TS,6.158645845703219,10.04987562112089
GG6,331,385,327,389,GG,6.06545790852181,5.656854249492381
TG141,181,356,154,361,TG,6.2260594275721335,27.459060435491963
TS192,460,97,467,96,TS,6.483245377768382,7.0710678118654755
GSD133,311,271,305,270,GSD,6.050555312142344,6.082762530298219
TS758,95,385,90,372,TS,5.708951079375014,13.92838827718412
GSD178,289,124,288,126,GSD,4.388688160137946,2.23606797749979
TS536,108,247,122,245,TS,5.677138688523036,14.142135623730951
TS225,418,95,425,88,TS,5.887419231835889,9.899494936611665
GSD162,429,251,423,250,GSD,5.782714932342557,6.082762530298219
GG491,196,365,203,363,GG,5.905373734109286,7.280109889280518
TG229,248,344,269,333,TG,6.610875524635557,23.706539182259394
TS109,119,393,105,390,TS,7.518171590737669,14.317821063276353
TS631,94,413,86,406,TS,4.800243014419493,10.63014581273465
GG8,227,332,220,334,GG,4.423995039440001,7.280109889280518
TG464,180,407,203,413,TG,5.7656979434489735,23.769728648009426
GSD34,427,102,428,106,GSD,6.153527565287561,4.123105625617661
TS503,276,188,265,188,TS,5.5584259672870076,11.0
GSD54,273,86,273,91,GSD,6.477736559590436,5.0
GSD232,324,393,326,396,GSD,4.599466464000157,3.605551275463989
GG312,421,49,427,54,GG,5.34870734971283,7.810249675906654
TS344,389,147,385,142,TS,5.199019776588187,6.4031242374328485
TS26,195,409,191,415,TS,6.823862386091157,7.211102550927978
TS361,475,162,483,161,TS,4.47915554609796,8.06225774829855
GG45,215,202,219,214,GG,7.158826490310453,12.649110640673518
TS421,422,92,411,101,TS,6.907835198969309,14.212670403551895
GG575,211,183,215,187,GG,6.056878069639098,5.656854249492381
GG103,297,103,293,106,GG,5.613757910561307,5.0
GG679,378,220,365,224,GG,8.24565886978127,13.601470508735444
GG397,461,112,453,110,GG,4.9994018158082625,8.246211251235321
GG677,291,188,281,186,GG,7.250730206611015,10.198039027185569
TS521,92,393,83,385,TS,6.703753005934885,12.041594578792296
GG481,448,61,455,60,GG,5.64577012965491,7.0710678118654755
TG840,177,406,203,412,TG,6.618306579542126,26.68332812825267
TG850,315,225,307,250,TG,5.8994335545697085,26.248809496813376
GSD102,288,79,286,83,GSD,5.897679363007029,4.47213595499958
TS224,68,392,77,399,TS,5.969820586778777,11.40175425099138
TG519,386,124,365,133,TG,5.776821284348861,22.847319317591726
TG828,307,177,301,174,TG,6.01375571866086,6.708203932499369
TS704,274,364,270,350,TS,7.366514833278121,14.560219778561036
GG519,475,82,480,86,GG,5.591474738397103,6.4031242374328485
TG264,277,407,275,374,TG,6.65604889110813,33.06055050963308
GSD242,444,227,445,230,GSD,5.052335201490351,3.1622776601683795
TS367,298,105,292,111,TS,5.1060051571471,8.48528137423857
GG796,442,112,432,108,GG,5.534773816030619,10.770329614269007
GSD153,406,116,405,115,GSD,5.720573193215955,1.4142135623730951
TS257,90,399,83,403,TS,6.169497812509063,8.06225774829855
GSD84,273,414,275,411,GSD,5.1964437461106705,3.605551275463989
TS194,104,273,102,277,TS,4.959438529772696,4.47213595499958
TS24,409,154,421,154,TS,5.519712026818628,12.0
TS325,334,123,325,124,TS,4.940093473511906,9.055385138137417
TS425,243,143,236,139,TS,4.741894409100567,8.06225774829855
TG857,300,277,288,301,TG,6.154647694261364,26.832815729997478
GG261,274,158,282,160,GG,6.268964082712984,8.246211251235321
GSD143,382,165,379,165,GSD,5.746668831208368,3.0
GG141,305,163,307,169,GG,5.448734872562165,6.324555320336759
TS629,387,145,393,150,TS,5.675875724429176,7.810249675906654
TS731,94,387,92,375,TS,6.401749449646857,12.165525060596439
GSD336,328,211,324,207,GSD,6.548655529183634,5.656854249492381
TG741,362,320,375,305,TG,5.55826583864356,19.849433241279208
GG386,231,130,226,123,GG,5.637082363089501,8.602325267042627
TS348,256,168,256,163,TS,7.328582665037878,5.0
GG529,103,446,92,442,GG,6.455590217294432,11.704699910719626
GSD357,263,450,266,450,GSD,6.15792733810536,3.0
GSD33,301,271,307,270,GSD,5.345090048846061,6.082762530298219
TS328,186,334,193,346,TS,5.547132728970073,13.892443989449804
GG16,313,199,322,202,GG,4.641103423197194,9.486832980505138
GSD119,313,405,311,404,GSD,6.743828023669121,2.23606797749979
GG290,254,443,253,455,GG,6.393615183124574,12.041594578792296
GSD92,358,187,362,182,GSD,5.3364332715155065,6.4031242374328485
TS124,236,141,230,148,TS,7.110486867324223,9.219544457292887
GG673,334,121,341,121,GG,5.430887401386528,7.0
TG328,277,381,269,347,TG,6.843291453433345,34.92849839314596
GSD385,314,166,311,168,GSD,4.864294071656509,3.605551275463989
GSD323,384,152,384,151,GSD,5.52557753141479,1.0
TS521,83,385,78,369,TS,7.042131689467594,16.76305461424021
GSD14,405,263,407,263,GSD,5.055980822141222,2.0
TG325,273,170,287,172,TG,5.0376751516772575,14.142135623730951
GG168,353,143,352,153,GG,5.399941992632516,10.04987562112089
GG174,377,318,371,327,GG,6.903473057633118,10.816653826391969
TS195,175,223,177,212,TS,4.661860188331881,11.180339887498949
GSD40,179,302,179,299,GSD,3.9260496928122626,3.0
TS721,467,220,456,223,TS,6.5696821310015325,11.40175425099138
TS86,258,342,249,343,TS,6.75410458816188,9.055385138137417
TS583,167,357,179,355,TS,4.916009734985557,12.165525060596439
GG734,255,161,259,160,GG,4.004616216335118,4.123105625617661
TS266,257,438,258,433,TS,5.2007949664571855,5.0990195135927845
GSD22,136,421,131,418,GSD,6.700914024631992,5.830951894845301
GSD227,272,84,273,87,GSD,4.934321432452663,3.1622776601683795
TG843,479,103,487,92,TG,5.384003419641707,13.601470508735444
GG158,280,191,270,191,GG,8.162162368665621,10.0
TG27,397,151,381,140,TG,4.850516372290431,19.4164878389476
GSD106,326,139,327,133,GSD,5.774206961950902,6.082762530298219
GG592,388,286,390,279,GG,5.1896262153397945,7.280109889280518
GG500,151,467,146,462,GG,5.448502818349168,7.0710678118654755
TS595,96,291,102,280,TS,7.412034315390194,12.529964086141668
GSD167,302,172,302,175,GSD,6.101671618891576,3.0
TS445,284,174,286,168,TS,5.428288313773301,6.324555320336759
TG1041,335,174,321,189,TG,5.983802321655704,20.518284528683193
TS709,391,160,392,173,TS,6.099816697648657,13.038404810405298
TS313,215,421,207,422,TS,5.559831344112588,8.06225774829855
TG573,272,328,274,355,TG,7.27847937590451,27.073972741361768
TG141,240,344,216,346,TG,5.9962915092550535,24.08318915758459
GSD280,339,355,334,353,GSD,6.505723321424021,5.385164807134504
GG545,215,403,205,409,GG,7.819053028896082,11.661903789690601
GG197,361,246,358,260,GG,6.4712614952977,14.317821063276353
GG379,323,212,329,217,GG,4.88812793810464,7.810249675906654
TS641,379,125,390,121,TS,7.687109770068999,11.704699910719626
GSD280,365,357,360,356,GSD,4.699638111874524,5.0990195135927845
TS509,381,137,372,127,TS,7.436651097932689,13.45362404707371
GSD76,181,337,180,333,GSD,6.234686628097151,4.123105625617661
GG367,336,312,342,310,GG,5.647661798807047,6.324555320336759
TS49,456,224,472,219,TS,7.0267082161061785,16.76305461424021
GSD205,335,226,337,233,GSD,5.257288340811485,7.280109889280518
TS379,337,376,339,361,TS,6.268606056830143,15.132745950421556
TS739,258,158,250,148,TS,7.009064828827093,12.806248474865697
GG723,129,395,138,395,GG,4.875261747116172,9.0
TG17,420,93,401,110,TG,6.500920947161076,25.495097567963924
GSD88,209,380,208,378,GSD,6.180352426106946,2.23606797749979
TS417,385,124,382,124,TS,4.371036353494392,3.0
TS131,339,84,323,87,TS,7.218357098007443,16.278820596099706
GSD8,321,351,318,344,GSD,7.405109731374807,7.615773105863909
GSD399,360,98,359,100,GSD,5.2163301307218575,2.23606797749979
TG101,273,327,278,318,TG,4.0962293190519805,10.295630140987
GSD193,342,125,340,122,GSD,7.472884440009178,3.605551275463989
GSD5,335,227,337,231,GSD,6.241397487324903,4.47213595499958
TG947,225,163,225,150,TG,6.007568704485567,13.0
GSD373,363,257,364,261,GSD,6.796958600113726,4.123105625617661
GSD179,267,169,274,168,GSD,7.307629281125799,7.0710678118654755
GSD391,432,96,432,100,GSD,5.609420447391798,4.0
GSD76,180,333,180,329,GSD,5.832395203711783,4.0
TS264,346,218,328,213,TS,7.39907881195954,18.681541692269406
GG737,393,216,402,216,GG,6.0489588637494585,9.0
GSD26,422,180,422,182,GSD,5.829347953079747,2.0
TS116,87,401,82,403,TS,3.5670973739979708,5.385164807134504
GSD141,511,179,514,180,GSD,6.890214610248952,3.1622776601683795
GG452,349,185,339,177,GG,6.18759368578403,12.806248474865697
TG849,224,347,248,343,TG,6.179885991331222,24.331050121192877
TG820,397,151,381,138,TG,4.751082420306243,20.615528128088304
TG734,329,326,348,322,TG,4.985247341453703,19.4164878389476
GSD12,300,361,296,359,GSD,5.937840093828884,4.47213595499958
TG777,197,410,214,421,TG,5.827873829566537,20.248456731316587
TG747,259,165,283,171,TG,5.4874951853984975,24.73863375370596
GG355,275,388,276,378,GG,7.068763584337596,10.04987562112089
TS75,276,388,279,398,TS,6.048492760000128,10.44030650891055
GG372,323,202,320,199,GG,7.579833773150003,4.242640687119285
TS750,469,162,457,163,TS,6.90956769359005,12.041594578792296
TG883,213,419,227,431,TG,4.603824291887671,18.439088914585774
GSD370,154,283,155,280,GSD,5.414140180642754,3.1622776601683795
TG1120,371,130,389,146,TG,6.648847956076295,24.08318915758459
TS595,90,299,96,291,TS,5.7467696439027165,10.0
GSD165,171,370,169,371,GSD,4.476117028403877,2.23606797749979
TS763,115,392,103,390,TS,6.052685044851526,12.165525060596439
TG152,419,94,399,114,TG,6.239846420489195,28.284271247461902
TG396,191,353,161,360,TG,6.961621747621609,30.805843601498726
GG499,166,316,155,317,GG,6.116403179906168,11.045361017187261
GG691,459,139,460,145,GG,4.778961025494295,6.082762530298219
TS105,397,114,392,121,TS,5.4524936141484766,8.602325267042627
TG1057,330,124,367,125,TG,7.3244337059471505,37.013511046643494
GSD101,400,316,401,308,GSD,7.735770977674726,8.06225774829855
TS441,437,180,445,174,TS,6.093601930837389,10.0
TS676,467,94,455,98,TS,6.84024975895159,12.649110640673518
GG513,266,159,262,157,GG,4.487756110969724,4.47213595499958
GSD345,231,427,232,422,GSD,5.910577368934312,5.0990195135927845
GSD321,348,192,346,194,GSD,7.732212300594583,2.8284271247461903
GSD174,287,139,287,133,GSD,7.0634167701212265,6.0
GG711,310,107,312,118,GG,6.137323963157247,11.180339887498949
TG1174,429,145,404,153,TG,6.202292408596782,26.248809496813376
GG447,251,170,256,163,GG,5.811317814455717,8.602325267042627
TG637,347,323,367,316,TG,5.333987413458705,21.18962010041709
GG302,266,120,263,122,GG,5.43537621320798,3.605551275463989
GG323,274,366,275,382,GG,7.349661332927206,16.0312195418814
TS290,80,378,84,388,TS,4.87348695481939,10.770329614269007
TS233,70,396,68,402,TS,5.414038347695966,6.324555320336759
TG200,198,350,174,355,TG,6.16201143511685,24.515301344262525
GSD96,336,251,336,255,GSD,5.977971689075485,4.0
GSD241,290,149,293,151,GSD,5.291229847503068,3.605551275463989
GSD303,218,246,221,241,GSD,7.235877992940559,5.830951894845301
GSD125,227,376,225,379,GSD,5.9736769308111874,3.605551275463989
GG275,475,93,469,93,GG,5.1717328801832165,6.0
TS691,94,389,92,377,TS,5.90928362163115,12.165525060596439
GG189,410,38,414,41,GG,3.958429507555973,5.0
GG104,359,277,359,262,GG,7.749949032632781,15.0
TG546,367,124,338,121,TG,7.052041737363131,29.154759474226502
GSD3,216,262,221,261,GSD,6.056593909761865,5.0990195135927845
GG249,254,117,247,116,GG,3.5650920956210426,7.0710678118654755
TG604,227,347,261,341,TG,6.834716255314494,34.52535300326414
GSD317,353,72,357,71,GSD,7.790570369569135,4.123105625617661
TS719,324,157,322,166,TS,6.298399015148145,9.219544457292887
TS659,391,170,388,183,TS,5.672780079224209,13.341664064126334
GG747,456,131,445,134,GG,7.387669505493683,11.40175425099138
GG18,77,406,81,403,GG,4.826383464937396,5.0
GSD154,300,152,302,152,GSD,5.878149989106249,2.0
GSD337,156,426,152,427,GSD,4.824497886401332,4.123105625617661
GSD31,362,270,362,276,GSD,5.508295591808263,6.0
GSD123,339,260,344,254,GSD,7.005670536495721,7.810249675906654
GG791,303,176,305,171,GG,4.791443494907268,5.385164807134504
GSD275,217,400,219,397,GSD,4.472455666641697,3.605551275463989
TS433,91,394,94,383,TS,6.412782491827,11.40175425099138
GSD72,226,370,225,377,GSD,6.385663207427148,7.0710678118654755
GG37,514,162,528,157,GG,7.452292515038145,14.866068747318506
TS175,108,247,111,258,TS,6.425542175939573,11.40175425099138
TG1064,244,163,265,168,TG,6.409901005811955,21.587033144922902
GSD64,328,131,330,130,GSD,4.213639790371211,2.23606797749979
TG1165,383,125,403,109,TG,5.90092728387633,25.612496949731394
GG774,272,192,277,190,GG,5.086245141656399,5.385164807134504
GSD186,356,100,356,97,GSD,5.422534962629335,3.0
GG428,193,407,184,406,GG,5.220570754579413,9.055385138137417
GSD64,355,135,360,135,GSD,7.312605008413172,5.0
TS629,386,124,387,131,TS,6.4272483761159585,7.0710678118654755
TG378,237,167,256,164,TG,6.19150892690175,19.235384061671343
GG487,330,161,335,154,GG,7.360111001507267,8.602325267042627
GG679,365,224,364,236,GG,5.693361644182804,12.041594578792296
GSD270,347,86,349,83,GSD,6.307744516357964,3.605551275463989
TS209,238,164,240,175,TS,6.344662078628963,11.180339887498949
TS609,282,445,292,444,TS,6.215150511412443,10.04987562112089
TG1125,318,170,327,162,TG,6.1776222748533645,12.041594578792296
GG138,478,117,477,115,GG,4.042237878766017,2.23606797749979
GG336,258,194,261,191,GG,5.354015597230401,4.242640687119285
TS302,346,352,351,342,TS,5.878823499449094,11.180339887498949
GSD79,254,308,254,313,GSD,6.740521012396493,5.0
TS258,435,183,447,175,TS,6.348692267864817,14.422205101855956
GG220,195,395,196,385,GG,5.968054572920517,10.04987562112089
GG209,296,191,284,186,GG,8.427043425663655,13.0
TG854,139,400,174,406,TG,6.736325972743444,35.510561809129406
TG799,271,351,275,376,TG,5.815993809238911,25.317977802344327
TS228,382,276,381,284,TS,4.550754345312354,8.06225774829855
GSD201,252,188,252,189,GSD,3.887619765059978,1.0
TG495,157,404,178,405,TG,4.937258499202211,21.02379604162864
GSD291,158,310,155,311,GSD,4.113485101527797,3.1622776601683795
TS798,454,170,444,175,TS,5.491966256133452,11.180339887498949
GG591,92,394,91,401,GG,6.0192196517959555,7.0710678118654755
TS196,278,317,279,326,TS,5.690127148313248,9.055385138137417
TS777,485,92,476,94,TS,5.2305886580114205,9.219544457292887
TG848,436,91,409,103,TG,6.896764839975952,29.546573405388315
TS382,298,198,293,195,TS,3.981616778233196,5.830951894845301
GSD311,140,398,135,400,GSD,7.370885421253611,5.385164807134504
GG169,222,201,214,204,GG,6.982847076149568,8.54400374531753
TG756,238,142,218,153,TG,7.395605054515592,22.825424421026653
GG576,297,197,303,207,GG,6.328799964625347,11.661903789690601
GG203,460,143,457,132,GG,6.911175836610388,11.40175425099138
GSD275,215,381,209,380,GSD,6.967858310564786,6.082762530298219
TG190,305,99,284,115,TG,6.9552559318456115,26.40075756488817
TS540,258,164,256,151,TS,6.299108795949866,13.152946437965905
TG758,259,165,283,171,TG,5.993970096512377,24.73863375370596
TS178,460,97,461,96,TS,3.4474261598931752,1.4142135623730951
TS639,409,155,420,155,TS,4.646739422455241,11.0
TG780,431,165,423,154,TG,6.688464006657292,13.601470508735444
TG580,376,126,378,137,TG,4.952186653513592,11.180339887498949
GSD301,256,347,259,351,GSD,6.8701366507246036,5.0
TS795,522,180,512,178,TS,5.609073456067973,10.198039027185569
TS232,347,143,337,148,TS,5.69616695063784,11.180339887498949
TS508,190,203,194,194,TS,5.2156983701217525,9.848857801796104
TS294,228,345,243,343,TS,5.793886625404745,15.132745950421556
GG242,343,247,347,240,GG,6.443855769379415,8.06225774829855
GSD72,251,383,256,382,GSD,6.5950258195507345,5.0990195135927845
GSD59,476,203,480,200,GSD,4.125339351110846,5.0
TG835,314,201,334,180,TG,7.64489826477302,29.0
TS463,109,260,107,268,TS,6.340854693736951,8.246211251235321
TS797,19,445,26,441,TS,3.959940545221232,8.06225774829855
GG553,458,160,459,149,GG,6.525630546445967,11.045361017187261
TS790,58,374,51,366,TS,5.485597249165962,10.63014581273465
GSD38,319,98,319,99,GSD,6.432950674623054,1.0
GSD205,337,245,336,248,GSD,6.873154687723606,3.1622776601683795
GG270,238,180,238,173,GG,6.500673560580765,7.0
GG630,385,161,384,173,GG,7.201218560613231,12.041594578792296
TG164,309,241,306,260,TG,4.4564344531441655,19.235384061671343
TG1087,334,88,315,89,TG,5.275837104839405,19.026297590440446
GG288,296,317,308,316,GG,6.577734277858509,12.041594578792296
GSD225,443,117,443,116,GSD,6.62716582608838,1.0
TS773,67,330,68,320,TS,4.478665591782004,10.04987562112089
GG111,478,109,475,116,GG,5.811524925632123,7.615773105863909
TS130,52,445,56,437,TS,5.293750678256648,8.94427190999916
GSD333,349,286,349,290,GSD,4.1143330141121055,4.0
GSD101,398,320,399,318,GSD,4.652667120605955,2.23606797749979
TG768,311,175,294,171,TG,5.528702800636312,17.46424919657298
GG600,311,126,309,129,GG,5.428153377444163,3.605551275463989
GSD21,280,350,281,348,GSD,5.565628149770578,2.23606797749979
GSD310,335,239,336,235,GSD,6.161580642084253,4.123105625617661
TS516,391,180,392,168,TS,5.398560686789254,12.041594578792296
GSD142,238,485,235,485,GSD,4.968872397524358,3.0
GSD251,270,133,274,134,GSD,6.054636135624669,4.123105625617661
GSD107,149,334,148,338,GSD,6.568431042710969,4.123105625617661
GSD393,288,148,288,151,GSD,7.265382886383517,3.0
TG829,420,154,434,137,TG,7.092328228917256,22.02271554554524
TG887,331,152,322,167,TG,5.845517271868071,17.4928556845359
TG350,444,95,422,91,TG,5.2061153665301845,22.360679774997898
GSD259,525,166,527,160,GSD,5.5144927453632615,6.324555320336759
TS426,80,375,76,363,TS,6.298604444124209,12.649110640673518
TS122,243,172,244,179,TS,4.690725373178529,7.0710678118654755
TS620,48,358,52,369,TS,6.746699762386358,11.704699910719626
TG917,385,125,399,111,TG,5.656915717592838,19.79898987322333
GG578,344,84,348,90,GG,6.373739778684552,7.211102550927978
GSD220,490,99,486,100,GSD,4.904056081705126,4.123105625617661
TG363,401,111,419,94,TG,7.456948122376279,24.758836806279895
GG408,396,256,393,263,GG,6.102211030581238,7.615773105863909
GG635,253,129,251,138,GG,4.420360360465828,9.219544457292887
GSD365,424,233,422,228,GSD,5.360546827397322,5.385164807134504
GSD133,305,270,299,270,GSD,6.510109200427525,6.0
GSD249,442,233,447,232,GSD,3.8797206767267305,5.0990195135927845
TS325,325,124,314,127,TS,4.82115119519726,11.40175425099138
GG763,252,152,258,159,GG,6.738072863317267,9.219544457292887
TS331,238,143,231,131,TS,6.034729667774712,13.892443989449804
GSD267,466,203,467,210,GSD,6.564097289371041,7.0710678118654755
GG340,255,139,252,132,GG,5.487822856887352,7.615773105863909
GG345,175,469,182,470,GG,5.552366195551645,7.0710678118654755
GG463,228,181,219,186,GG,6.134916534670754,10.295630140987
TG658,314,201,325,185,TG,4.249267077246431,19.4164878389476
TS687,408,104,409,105,TS,2.3415361243823423,1.4142135623730951
TG127,226,431,210,417,TG,5.692988793968059,21.2602916254693
GG604,412,221,408,229,GG,4.885327180927744,8.94427190999916
GG520,412,223,407,236,GG,8.737567548914221,13.92838827718412
GSD205,337,251,337,256,GSD,6.714757209227287,5.0
GSD101,391,333,388,330,GSD,6.710662459921153,4.242640687119285
TS670,259,144,266,135,TS,5.724714280900718,11.40175425099138
GG52,514,161,501,163,GG,7.979574643042799,13.152946437965905
GSD9,539,147,534,149,GSD,5.542029613175863,5.385164807134504
GSD274,319,101,319,105,GSD,5.472782408005174,4.0
GG729,329,315,321,315,GG,4.901115590914217,8.0
TG779,333,172,306,173,TG,7.730912240399727,27.018512172212592
GSD371,337,292,337,298,GSD,6.302388432777477,6.0
TG868,302,267,308,243,TG,6.810070432755804,24.73863375370596
TS406,391,160,395,151,TS,6.158858568094802,9.848857801796104
GG795,437,110,440,111,GG,5.450950191483315,3.1622776601683795
TS213,123,395,132,397,TS,4.570602190877686,9.219544457292887
TS183,353,93,348,87,TS,4.531938136738857,7.810249675906654
TG289,198,350,171,357,TG,5.851520479468934,27.892651361962706
TS35,65,419,69,406,TS,7.775076266179452,13.601470508735444
GG789,94,439,101,427,GG,7.890979195720856,13.892443989449804
TS227,273,363,272,350,TS,6.192636363918377,13.038404810405298
TG708,482,92,481,107,TG,4.99945836586984,15.033296378372908
GG320,254,461,251,466,GG,5.837546647956399,5.830951894845301
GSD222,386,163,385,159,GSD,7.931252783154118,4.123105625617661
TS436,428,91,438,93,TS,5.709552677845494,10.198039027185569
TG593,179,406,204,413,TG,6.663189401773736,25.96150997149434
GSD348,521,151,520,152,GSD,5.130697842197996,1.4142135623730951
GSD122,105,416,103,418,GSD,4.510782607808121,2.8284271247461903
GG88,249,304,253,315,GG,7.354793739120887,11.704699910719626
TS126,372,112,361,106,TS,7.712916245692838,12.529964086141668
GSD304,359,283,357,281,GSD,3.497162992251921,2.8284271247461903
TG594,426,102,449,97,TG,5.422771802423842,23.53720459187964
GG341,362,105,366,111,GG,6.456040563458279,7.211102550927978
GG331,334,179,333,168,GG,6.332446309253886,11.045361017187261
GG448,296,190,299,196,GG,6.785041812654647,6.708203932499369
TS513,395,204,402,215,TS,5.603647767245731,13.038404810405298
TS131,352,81,339,84,TS,5.3237745045898786,13.341664064126334
GSD309,487,176,481,176,GSD,6.0688946041056475,6.0
GG95,484,100,478,110,GG,7.317926512506226,11.661903789690601
TG603,231,130,250,147,TG,5.56523377272782,25.495097567963924
GSD391,429,96,431,92,GSD,5.389563011373387,4.47213595499958
GSD209,259,205,259,200,GSD,7.693875588382486,5.0
GSD59,458,203,466,203,GSD,7.73405033105556,8.0
GSD243,152,401,151,404,GSD,7.668911869674368,3.1622776601683795
GG457,231,249,237,246,GG,4.779620890012019,6.708203932499369
GSD31,362,276,361,282,GSD,7.260214106588279,6.082762530298219
TG441,319,166,299,173,TG,6.124975431237366,21.18962010041709
TS343,86,390,98,392,TS,5.224652187803364,12.165525060596439
TS129,68,408,63,422,TS,6.116944245760216,14.866068747318506
TS86,222,346,209,346,TS,5.936420832831743,13.0
GSD181,389,298,386,293,GSD,7.253652596967548,5.830951894845301
GSD253,469,221,470,221,GSD,5.66634770840461,1.0
GSD112,444,220,443,223,GSD,4.698901221338929,3.1622776601683795
TS578,400,112,392,119,TS,5.20508595559491,10.63014581273465
GSD395,441,245,439,250,GSD,5.827333726086049,5.385164807134504
TG432,273,356,276,377,TG,5.64457188996251,21.213203435596427
GSD162,423,250,420,248,GSD,7.094490938201957,3.605551275463989
TS28,374,221,387,227,TS,5.631958405697347,14.317821063276353
GG468,481,78,478,72,GG,5.4523841663235375,6.708203932499369
TG930,253,342,230,345,TG,4.877642832210427,23.194827009486403
GG339,297,200,302,206,GG,5.1722662350316035,7.810249675906654
GSD231,349,233,351,229,GSD,4.544298752616591,4.47213595499958
GSD307,374,145,370,144,GSD,5.715144685442326,4.123105625617661
GG39,475,162,486,162,GG,6.369531417626504,11.0
TS490,441,224,459,224,TS,6.439387426071727,18.0
GG286,311,163,320,161,GG,5.185697893476829,9.219544457292887
GG587,416,119,419,129,GG,5.978680661136853,10.44030650891055
GG210,374,355,365,353,GG,5.576002664816681,9.219544457292887
TG1172,480,93,483,115,TG,6.297911124066327,22.20360331117452
GG657,267,83,272,88,GG,5.721797358980022,7.0710678118654755
TS715,390,129,393,119,TS,7.365637511470059,10.44030650891055
GG739,401,119,404,114,GG,5.145041293316222,5.830951894845301
GG563,438,93,431,93,GG,5.373562618149663,7.0
TG1145,222,164,231,146,TG,5.970918502532639,20.12461179749811
TG895,470,95,478,102,TG,4.136380483203612,10.63014581273465
GSD94,382,354,381,358,GSD,6.03973773130379,4.123105625617661
TG1084,316,223,318,192,TG,7.579406548455945,31.064449134018133
GSD48,365,63,365,58,GSD,4.872902885907941,5.0
TS786,483,93,475,95,TS,5.622592585546638,8.246211251235321
TS595,74,313,84,304,TS,6.957792897617165,13.45362404707371
TS753,295,174,303,175,TS,7.851129490767122,8.06225774829855
GG466,183,284,188,278,GG,6.403885864786262,7.810249675906654
GSD146,310,245,314,246,GSD,6.19493959903939,4.123105625617661
GSD5,325,241,328,233,GSD,6.866794916958277,8.54400374531753
GG255,326,199,324,191,GG,5.327338332472856,8.246211251235321
TG620,237,435,216,424,TG,5.319222534031403,23.706539182259394
TS625,205,179,197,187,TS,4.976986630418425,11.313708498984761
TG806,330,87,354,81,TG,6.158973466812279,24.73863375370596
GSD349,235,341,232,342,GSD,5.614731227028013,3.1622776601683795
GG519,453,93,452,81,GG,6.613291674524341,12.041594578792296
GG556,178,307,181,295,GG,6.549024584647475,12.36931687685298
TS732,430,101,417,109,TS,7.3682751682117456,15.264337522473747
TG400,411,118,393,130,TG,6.890469066269634,21.633307652783937
TS587,219,428,211,425,TS,5.269175533985846,8.54400374531753
GG435,273,119,276,117,GG,3.598772453770822,3.605551275463989
TG201,272,169,251,162,TG,5.420558631941865,22.135943621178654
GSD279,483,175,485,172,GSD,6.3331676001225645,3.605551275463989
GG453,251,136,256,143,GG,5.548356570933635,8.602325267042627
TS131,354,73,352,81,TS,5.36256100727367,8.246211251235321
TG308,342,323,323,329,TG,5.576163904537765,19.924858845171276
TG1156,90,365,89,331,TG,6.609587222718261,34.0147027033899
TS338,295,173,285,173,TS,5.484520627526361,10.0
TG367,202,170,219,160,TG,7.770964166371119,19.72308292331602
GSD329,308,198,311,200,GSD,4.077237242788019,3.605551275463989
GSD355,152,396,147,402,GSD,5.735923263687343,7.810249675906654
TS605,77,365,73,352,TS,8.091935018263463,13.601470508735444
TS250,266,426,282,421,TS,7.622241778120269,16.76305461424021
TS453,198,409,208,404,TS,5.488808969764314,11.180339887498949
GSD31,366,249,365,251,GSD,5.224588091712661,2.23606797749979
TG1172,483,115,465,126,TG,5.426393457479469,21.095023109728988
TG1015,272,169,276,164,TG,5.521581750010586,6.4031242374328485
TG848,430,100,436,91,TG,5.184676467277559,10.816653826391969
TS106,217,156,224,150,TS,5.247391698166986,9.219544457292887
TS100,343,85,327,87,TS,6.1960412965487786,16.1245154965971
GG23,473,68,465,64,GG,4.998401396312584,8.94427190999916
TG645,463,126,478,118,TG,4.683472185336516,17.0
TS471,187,407,189,414,TS,7.376644093377883,7.280109889280518
GSD110,256,338,256,335,GSD,4.345792090720348,3.0
TS112,245,356,239,365,TS,5.7077278429643705,10.816653826391969
GG306,320,208,316,210,GG,5.234999520303347,4.47213595499958
GSD135,272,343,271,339,GSD,6.135369350941351,4.123105625617661
TG9,372,129,349,142,TG,6.050376363841656,26.419689627245813
GSD141,538,161,541,159,GSD,5.154300971223584,3.605551275463989
GG240,253,444,256,433,GG,6.041137884764922,11.40175425099138
TG546,362,136,367,124,TG,5.128608428286625,13.0
GG26,355,126,349,121,GG,5.673549321493775,7.810249675906654
TS339,281,167,273,163,TS,5.716307678149537,8.94427190999916
GG243,242,139,253,138,GG,7.5268810410074,11.045361017187261
GG497,310,207,301,205,GG,5.750735886107939,9.219544457292887
GG785,268,160,272,159,GG,4.719681701519832,4.123105625617661
GG7,273,122,270,128,GG,4.146290539296427,6.708203932499369
TS89,83,393,85,401,TS,3.764536987922032,8.246211251235321
GSD45,442,125,440,126,GSD,7.261461635416865,2.23606797749979
TG693,271,351,255,341,TG,6.281832412241744,18.867962264113206
GG75,472,119,471,126,GG,6.8669471776399895,7.0710678118654755
TS14,162,406,146,401,TS,6.6660973656184055,16.76305461424021
TS247,74,314,67,323,TS,6.596502834688345,11.40175425099138
GG756,459,158,461,145,GG,6.442233308000992,13.152946437965905
GSD372,316,91,317,93,GSD,5.9123345505532,2.23606797749979
TS333,84,403,92,393,TS,7.580216150619203,12.806248474865697
TG599,324,330,306,330,TG,5.380244113502281,18.0
GSD178,240,122,245,123,GSD,4.472403253906136,5.0990195135927845
TG560,420,201,434,177,TG,6.067542011053362,27.784887978899608
TS267,66,335,66,323,TS,5.988084674297839,12.0
GSD224,432,135,436,134,GSD,6.501602701465018,4.123105625617661
TG1100,164,405,196,409,TG,7.087314266205678,32.2490309931942
GG515,275,374,275,368,GG,4.258468470157542,6.0
GG275,480,93,475,93,GG,6.252514015070056,5.0
TG342,134,400,108,391,TG,6.717305839820848,27.51363298439521
TS497,221,168,225,162,TS,4.98602182376596,7.211102550927978
GG788,409,38,417,43,GG,6.207717865247,9.433981132056603
TG87,307,177,298,174,TG,8.283440796892595,9.486832980505138
GG408,424,204,417,214,GG,6.173370521552404,12.206555615733702
GSD127,216,201,213,198,GSD,5.756142085641258,4.242640687119285
GSD306,159,358,160,355,GSD,4.485712371587859,3.1622776601683795
GG547,336,152,330,158,GG,5.195026759409831,8.48528137423857
TG443,223,161,242,165,TG,5.492168738839436,19.4164878389476
TS776,322,174,335,171,TS,5.451503963425819,13.341664064126334
GSD31,363,266,362,270,GSD,4.931423902395871,4.123105625617661
GSD111,44,441,50,441,GSD,6.29437392668777,6.0
TS321,431,166,434,181,TS,7.268351648948776,15.297058540778355
TG1145,245,161,222,164,TG,5.350065762752177,23.194827009486403
GSD180,462,100,463,97,GSD,5.587015793823319,3.1622776601683795
GG56,331,80,332,74,GG,3.4792388992803005,6.082762530298219
TS715,411,117,404,124,TS,5.5205800924135655,9.899494936611665
GSD301,257,341,256,347,GSD,7.024072072963762,6.082762530298219
TS451,299,173,288,173,TS,7.46538614968982,11.0
GSD245,268,265,267,266,GSD,4.793652172652315,1.4142135623730951
TG902,355,121,329,123,TG,6.381150816061613,26.076809620810597
GSD229,359,339,361,339,GSD,3.7308260374807958,2.0
GSD35,300,151,303,153,GSD,6.527428764760417,3.605551275463989
GG449,388,306,397,306,GG,6.132514536245278,9.0
GSD399,359,100,357,99,GSD,6.081264119314369,2.23606797749979
TG969,318,173,293,172,TG,6.976058359768548,25.019992006393608
GSD85,380,378,379,384,GSD,6.777821287342512,6.082762530298219
GG321,244,180,248,190,GG,7.622332221909692,10.770329614269007
TS566,45,353,51,365,TS,5.273878441423421,13.416407864998739
TS731,92,375,89,364,TS,5.149403984533858,11.40175425099138
TS283,114,243,121,231,TS,5.958678075892056,13.892443989449804
GG418,414,143,406,142,GG,5.8247716985454465,8.06225774829855
TS535,91,398,92,408,TS,6.409644029462408,10.04987562112089
GG10,111,376,119,373,GG,6.86601059424406,8.54400374531753
GG608,265,340,266,345,GG,5.4863412720176505,5.0990195135927845
TS543,269,424,258,433,TS,7.312152518040099,14.212670403551895
GG563,445,95,438,93,GG,6.099881161370483,7.280109889280518
TG48,372,128,344,121,TG,6.6969455542086305,28.861739379323623
TS14,187,413,174,409,TS,6.473104459090672,13.601470508735444
GSD74,346,238,346,243,GSD,5.2977802303031165,5.0
TS265,259,144,263,147,TS,5.598878329685971,5.0
GSD130,301,386,304,390,GSD,6.595730083094818,5.0
TS700,280,167,291,173,TS,5.822561668344148,12.529964086141668
GG460,250,259,243,259,GG,5.278137450461518,7.0
GSD91,280,77,278,75,GSD,7.932956127519715,2.8284271247461903
TS374,416,219,410,214,TS,6.321641493702872,7.810249675906654
GSD394,225,350,227,354,GSD,5.11851689973329,4.47213595499958
TS235,271,351,267,338,TS,7.300348137234413,13.601470508735444
GG181,312,91,317,87,GG,4.744057620908164,6.4031242374328485
TS206,385,124,389,122,TS,6.231155886710861,4.47213595499958
TG35,272,169,303,174,TG,7.733447836951862,31.400636936215164
GSD299,372,309,370,311,GSD,7.141315211379478,2.8284271247461903
TS718,337,368,341,357,TS,6.102552044668444,11.704699910719626
GG782,392,38,382,40,GG,5.571912989381213,10.198039027185569
GG536,372,137,380,134,GG,6.168353508222964,8.54400374531753
GG108,445,214,436,217,GG,4.487412875234358,9.486832980505138
GG537,276,119,288,122,GG,5.3883734753072865,12.36931687685298
GG491,195,395,197,383,GG,6.66050512463068,12.165525060596439
TG187,497,81,485,93,TG,4.338251081181203,16.97056274847714
GG309,432,88,430,92,GG,4.319318698313644,4.47213595499958
TS763,95,386,103,378,TS,6.010191556221823,11.313708498984761
TS192,473,94,485,92,TS,5.277048933403943,12.165525060596439
TG79,259,155,287,171,TG,6.257935183055558,32.2490309931942
GG169,255,154,254,164,GG,6.113966835061193,10.04987562112089
TS534,273,162,286,171,TS,5.9484802063259,15.811388300841896
GSD279,505,180,495,179,GSD,6.89841517519524,10.04987562112089
TS284,91,403,91,410,TS,3.6403255124741047,7.0
GG100,245,177,235,181,GG,5.783735747926338,10.770329614269007
GSD103,428,80,429,78,GSD,4.9351193250610645,2.23606797749979
TS142,60,376,65,386,TS,6.069486444833267,11.180339887498949
TG535,400,242,408,219,TG,6.287778955172366,24.351591323771842
TS799,304,177,311,175,TS,5.3185257182506955,7.280109889280518
GG684,180,317,172,318,GG,5.5078572864617605,8.06225774829855
GSD400,264,330,267,330,GSD,5.033758168936705,3.0
TG345,237,167,255,163,TG,4.935898648251482,18.439088914585774
TG130,366,315,351,322,TG,5.0210498145914695,16.55294535724685
GSD88,227,394,224,391,GSD,5.835394592400535,4.242640687119285
GG106,430,178,432,172,GG,4.192745502055828,6.324555320336759
TG310,188,356,168,357,TG,4.189833001370137,20.024984394500787
GSD68,325,357,327,354,GSD,5.5768540789234535,3.605551275463989
GG186,233,183,224,183,GG,5.325138334261059,9.0
TG534,334,150,315,172,TG,6.567221011274419,29.068883707497267
TG1092,418,206,433,185,TG,6.881638122246662,25.80697580112788
GSD249,447,232,453,228,GSD,5.700996544889437,7.211102550927978
TS294,243,343,255,336,TS,7.571304830541891,13.892443989449804
GG292,453,91,456,82,GG,7.886630904666131,9.486832980505138
TS302,351,342,355,332,TS,5.2625128124452445,10.770329614269007
GG730,395,98,388,99,GG,5.378993920898605,7.0710678118654755
GG530,311,104,311,111,GG,4.129496828343861,7.0
GG303,453,94,453,104,GG,6.612740815736105,10.0
TS552,317,194,325,186,TS,5.773614787204553,11.313708498984761
GG494,506,174,496,177,GG,6.543703464053237,10.44030650891055
TS470,55,344,45,350,TS,6.798161406855207,11.661903789690601
GSD203,242,240,243,237,GSD,5.224058017730643,3.1622776601683795
GSD221,282,110,284,109,GSD,4.786459752920816,2.23606797749979
TS665,459,98,467,94,TS,4.924035904674227,8.94427190999916
GG120,365,233,363,241,GG,5.640833371489835,8.246211251235321
GG178,215,403,205,408,GG,5.686718459195229,11.180339887498949
TG45,139,400,161,405,TG,4.811202321229225,22.561028345356956
TG803,268,339,248,343,TG,4.779829369436859,20.396078054371138
GSD164,369,117,372,121,GSD,5.8004359472798015,5.0
GSD117,437,233,440,231,GSD,5.397286376818405,3.605551275463989
TG1105,218,346,243,344,TG,6.033236321864272,25.079872407968907
GSD64,361,138,361,139,GSD,4.0074495017098,1.0
TG801,299,279,305,257,TG,5.3025694305045015,22.80350850198276
TG710,176,356,195,350,TG,5.408578266432836,19.924858845171276
GG384,437,54,432,58,GG,5.132955794589594,6.4031242374328485
GSD210,371,349,376,349,GSD,6.5833879515081275,5.0
GSD176,342,397,336,394,GSD,5.416230910239923,6.708203932499369
GG363,432,57,437,66,GG,5.873688132397503,10.295630140987
GG625,92,405,95,414,GG,4.533683297315708,9.486832980505138
TS203,82,393,84,400,TS,4.443937491288989,7.280109889280518
GG404,327,185,325,192,GG,4.307128247302933,7.280109889280518
TG957,211,346,239,344,TG,5.7548113257437885,28.071337695236398
TS493,388,261,394,247,TS,7.084821569977173,15.231546211727817
TG999,393,250,386,276,TG,7.0387705639385265,26.92582403567252
TS563,259,144,269,130,TS,7.350405957169021,17.204650534085253
TG1003,259,165,279,172,TG,5.772275561829339,21.18962010041709
TS10,165,234,171,226,TS,4.569128167544646,10.0
TS690,264,160,258,153,TS,4.741950431053638,9.219544457292887
TG1173,228,345,252,343,TG,6.437900771964506,24.08318915758459
TS502,32,442,16,447,TS,8.048003285935984,16.76305461424021
GG433,454,83,463,80,GG,5.114285555181578,9.486832980505138
GSD170,156,419,156,415,GSD,6.399085166200933,4.0
GG485,433,217,441,216,GG,5.245592767133388,8.06225774829855
TS8,335,173,325,173,TS,5.881611833683831,10.0
TS498,268,162,264,160,TS,6.095450824307687,4.47213595499958
GG114,459,151,459,139,GG,6.204181021600359,12.0
GSD310,336,235,337,227,GSD,7.845382990184245,8.06225774829855
TG74,266,343,275,366,TG,5.657228529999216,24.698178070456937
TS86,234,344,222,346,TS,6.216957783540124,12.165525060596439
GG277,270,349,272,359,GG,6.404913112082664,10.198039027185569
GG495,278,190,287,191,GG,7.322824112590698,9.055385138137417
TG927,316,209,316,229,TG,5.581133409258602,20.0
GSD266,331,351,331,355,GSD,7.0161852942115726,4.0
TG1096,228,127,235,144,TG,5.929758744506677,18.384776310850235
GG634,119,374,111,376,GG,6.350893733487529,8.246211251235321
GSD14,419,260,420,257,GSD,6.267551939057057,3.1622776601683795
GG222,346,168,351,161,GG,5.656418725966987,8.602325267042627
TG82,357,122,367,132,TG,6.442770175241963,14.142135623730951
TS720,429,193,424,202,TS,4.546542926349922,10.295630140987
GSD266,330,359,329,366,GSD,5.844219664746177,7.0710678118654755
TG868,308,243,316,223,TG,5.5761925358170075,21.540659228538015
TG432,185,356,204,349,TG,5.779070735823937,20.248456731316587
GSD391,428,103,429,103,GSD,5.1686616974185,1.0
TS619,194,347,193,353,TS,5.855980643317006,6.082762530298219
TG525,309,172,304,174,TG,4.086002297274312,5.385164807134504
GSD263,345,318,349,320,GSD,6.009753331705392,4.47213595499958
GG756,461,145,457,133,GG,7.375855921980953,12.649110640673518
TG1162,277,170,296,172,TG,4.582343799020457,19.1049731745428
TG785,440,132,465,128,TG,4.822048129334895,25.317977802344327
TG417,420,94,440,92,TG,5.76652237496006,20.09975124224178
TG1151,405,107,390,120,TG,5.406415716453209,19.849433241279208
TG642,369,124,346,121,TG,4.757027519893712,23.194827009486403
TG453,114,242,132,226,TG,5.829566513831625,24.08318915758459
TG80,311,332,285,321,TG,6.054013073887376,28.231188426986208
GSD399,357,99,357,97,GSD,5.511447156066751,2.0
GG312,427,54,433,57,GG,4.938361819502424,6.708203932499369
GG137,253,461,259,458,GG,6.569124811478417,6.708203932499369
GSD101,401,308,401,304,GSD,4.942178269077324,4.0
TS330,228,165,219,158,TS,5.810943122668302,11.40175425099138
TS462,92,403,85,399,TS,8.007506570238403,8.06225774829855
GG279,363,104,364,107,GG,5.386567352275232,3.1622776601683795
TG481,354,139,339,149,TG,5.3495519231739,18.027756377319946
GSD40,180,285,183,283,GSD,4.671457380549008,3.605551275463989
TG601,302,267,306,257,TG,2.963716794945934,10.770329614269007
GSD35,317,153,320,152,GSD,4.2515582299953,3.1622776601683795
GSD162,434,272,434,269,GSD,4.57370720593666,3.0
TS297,239,172,242,180,TS,5.1818589883372415,8.54400374531753
GG378,243,197,245,205,GG,6.042707844555682,8.246211251235321
TG1163,309,177,323,163,TG,6.411074994353932,19.79898987322333
GG720,267,421,270,413,GG,4.801541044250957,8.54400374531753
GG623,413,109,404,112,GG,5.066877193250292,9.486832980505138
TG354,155,404,187,407,TG,5.973181405548017,32.14031735997639
GG694,350,199,343,200,GG,6.129247445139356,7.0710678118654755
GSD241,296,152,299,152,GSD,3.4959472818090944,3.0
TG1026,279,312,272,329,TG,4.478684334008279,18.384776310850235
TG513,309,241,315,213,TG,6.819420318150861,28.635642126552707
GG221,311,161,307,170,GG,7.087572811959719,9.848857801796104
GSD276,452,159,454,160,GSD,3.9769946201767326,2.23606797749979
GG410,160,469,167,470,GG,5.135376066345639,7.0710678118654755
GG393,397,130,398,121,GG,5.346336743038499,9.055385138137417
GSD352,244,211,243,203,GSD,6.970710167882821,8.06225774829855
TS152,306,255,310,242,TS,7.286754015184995,13.601470508735444
TS523,313,207,311,206,TS,3.9050218199503095,2.23606797749979
GSD85,375,389,372,395,GSD,6.360638641346075,6.708203932499369
GSD59,466,203,472,206,GSD,6.959507069699654,6.708203932499369
GG348,259,432,264,427,GG,4.955757453774954,7.0710678118654755
GG708,215,206,222,200,GG,4.8325174981492935,9.219544457292887
TS37,377,303,384,293,TS,6.037855837669003,12.206555615733702
TS390,91,327,92,317,TS,5.209404559996313,10.04987562112089
TG214,328,172,324,186,TG,6.349377078490634,14.560219778561036
GSD33,319,274,321,276,GSD,6.468449673266072,2.8284271247461903
TS754,304,178,310,176,TS,5.791900294892503,6.324555320336759
TS492,429,145,431,154,TS,4.794812806191862,9.219544457292887
TG49,330,152,350,142,TG,6.223674049484362,22.360679774997898
TG199,313,171,291,172,TG,6.320790720154287,22.02271554554524
TS314,83,396,84,388,TS,4.355145759788505,8.06225774829855
GSD251,267,123,266,128,GSD,8.526635315452353,5.0990195135927845
TG706,415,97,438,93,TG,5.661348236992145,23.345235059857504
TS781,104,277,98,294,TS,8.068263139110964,18.027756377319946
GSD64,328,132,326,134,GSD,6.497266721243288,2.8284271247461903
TS300,187,412,176,409,TS,6.552418340221076,11.40175425099138
GG328,269,106,270,96,GG,6.556023932500217,10.04987562112089
GSD228,252,293,250,297,GSD,6.861208975797197,4.47213595499958
GSD53,352,169,354,166,GSD,7.365391833941437,3.605551275463989
TG765,354,321,333,325,TG,4.408782686901972,21.37755832643195
TS243,152,403,165,406,TS,7.155964211884065,13.341664064126334
GG723,117,391,129,395,GG,7.91880432824086,12.649110640673518
TS97,259,168,261,169,TS,6.565605951131891,2.23606797749979
GG177,453,181,460,185,GG,4.934220496626658,8.06225774829855
GG331,325,198,325,189,GG,5.874854555188193,9.0
GSD392,324,102,321,98,GSD,7.094658006331679,5.0
TG394,374,305,356,322,TG,6.2164994891909355,24.758836806279895
GSD261,391,263,388,262,GSD,6.648969088331938,3.1622776601683795
TS341,78,400,71,393,TS,5.526802850197198,9.899494936611665
GSD364,478,157,475,157,GSD,5.931789544688232,3.0
GSD76,180,362,179,360,GSD,6.580240622869088,2.23606797749979
TS160,316,173,320,169,TS,6.5537635710476305,5.656854249492381
TG956,408,105,397,115,TG,4.547259995297581,14.866068747318506
GSD214,430,91,429,91,GSD,5.021974031240902,1.0
GSD28,345,262,341,259,GSD,6.753394892124456,5.0
GSD391,429,90,426,95,GSD,8.170368216653273,5.830951894845301
GSD274,322,123,321,128,GSD,5.038770967711329,5.0990195135927845
GG541,329,109,322,101,GG,5.7376942504546875,10.63014581273465
GSD337,158,429,156,426,GSD,5.7263633294138145,3.605551275463989
TG1186,283,113,303,100,TG,6.366479783120447,23.853720883753127
TS763,103,390,95,386,TS,5.308450792518576,8.94427190999916
GSD395,439,250,441,256,GSD,5.72867836472744,6.324555320336759
GG84,311,116,309,104,GG,6.45060786716115,12.165525060596439
GSD72,242,383,247,383,GSD,6.06881664367949,5.0
GG219,289,87,281,86,GG,5.339754319617299,8.06225774829855
GG771,485,97,484,100,GG,2.963866319648174,3.1622776601683795
GSD394,224,377,224,379,GSD,6.829792496823991,2.0
GG368,79,404,73,405,GG,5.345646994504055,6.082762530298219
TS355,444,94,451,98,TS,5.294086695980722,8.06225774829855
TG98,301,175,282,171,TG,4.730379410912686,19.4164878389476
TS264,328,213,322,208,TS,3.882590596479166,7.810249675906654
TS446,389,134,390,145,TS,5.434914734503837,11.045361017187261
TG649,430,90,444,95,TG,3.6603925479039034,14.866068747318506
TS61,66,388,59,375,TS,6.48709851851773,14.7648230602334
TG389,479,104,475,124,TG,6.440699654872933,20.396078054371138
GG548,374,196,381,186,GG,6.3621279762935,12.206555615733702
GG581,187,406,196,408,GG,6.398421378813702,9.219544457292887
TS194,102,277,100,284,TS,6.815787604469963,7.280109889280518
TG526,432,187,431,169,TG,5.008413388527694,18.027756377319946
TS475,356,323,354,335,TS,6.337244257958375,12.165525060596439
TS685,443,95,432,99,TS,5.216634416123725,11.704699910719626
GSD41,354,213,356,215,GSD,5.573112295786606,2.8284271247461903
GG626,377,112,368,109,GG,6.582382550069972,9.486832980505138
TG329,163,360,142,367,TG,4.88872327604626,22.135943621178654
GG783,480,75,477,72,GG,4.844434742205871,4.242640687119285
GSD263,334,317,338,317,GSD,7.314842984444525,4.0
GSD311,146,403,146,405,GSD,6.674280944872827,2.0
GSD315,360,313,358,314,GSD,6.043247155558976,2.23606797749979
TS444,435,180,431,165,TS,6.3102944906327085,15.524174696260024
TG413,237,167,216,158,TG,6.238761284846115,22.847319317591726
TG1177,281,171,317,170,TG,8.736055943758053,36.013886210738214
GG313,310,195,301,194,GG,4.897559193345003,9.055385138137417
GSD303,214,249,218,246,GSD,6.147019820939997,5.0
GG8,246,331,240,331,GG,4.360560045653571,6.0
GSD302,236,396,230,394,GSD,7.328479109390799,6.324555320336759
GG772,181,343,180,348,GG,5.355040917024928,5.0990195135927845
GG124,256,161,256,153,GG,5.960377222560194,8.0
GG714,449,123,452,127,GG,6.172954265831419,5.0
TS293,178,407,168,406,TS,5.7529019327845,10.04987562112089
TG719,385,292,386,268,TG,4.941218503247319,24.020824298928627
TG318,368,125,332,124,TG,7.566978943506065,36.013886210738214
TG1196,316,169,325,174,TG,6.581054569147366,10.295630140987
GG403,459,210,452,214,GG,4.68029250790024,8.06225774829855
TS125,382,118,372,114,TS,5.301397652072152,10.770329614269007
GSD12,303,369,308,372,GSD,5.676233208318138,5.830951894845301
GG165,358,220,359,208,GG,6.32046212440957,12.041594578792296
GG276,359,207,356,200,GG,5.243336347730029,7.615773105863909
GG480,226,115,226,125,GG,5.779693504788391,10.0
GG478,291,122,302,124,GG,7.727118590348889,11.180339887498949
TG1097,435,177,428,189,TG,4.3977639952571135,13.892443989449804
GG614,408,98,405,103,GG,5.302462515612159,5.830951894845301
GSD210,371,337,369,345,GSD,7.545047264974761,8.246211251235321
GG268,266,117,265,122,GG,5.7176236029267695,5.0990195135927845
GG566,316,398,321,393,GG,5.169751372958316,7.0710678118654755
GG193,432,218,443,216,GG,6.023142180571661,11.180339887498949
GSD182,417,187,415,191,GSD,4.723702675158435,4.47213595499958
GG211,254,449,254,440,GG,6.558172983589557,9.0
TG608,408,104,425,89,TG,6.400640558379125,22.67156809750927
GG202,273,187,286,186,GG,5.955674565827749,13.038404810405298
TG592,299,325,277,320,TG,5.979257103380128,22.561028345356956
GSD126,260,324,257,320,GSD,5.73603422166817,5.0
TG1154,187,407,212,419,TG,6.790455813543124,27.730849247724095
GSD371,337,298,336,300,GSD,6.736070533175715,2.23606797749979
TG81,255,163,276,170,TG,6.118684577939896,22.135943621178654
TG253,228,127,248,147,TG,6.545461066909642,28.284271247461902
GSD39,388,151,393,155,GSD,5.739951139650522,6.4031242374328485
TS646,79,402,88,404,TS,7.051238138122514,9.219544457292887
GG545,205,409,197,412,GG,5.382881534754981,8.54400374531753
GG6,318,394,313,400,GG,6.31674875545864,7.810249675906654
TS663,128,228,142,221,TS,6.26165034021029,15.652475842498529
GSD218,433,117,432,112,GSD,5.335845809037963,5.0990195135927845
GG672,328,182,336,177,GG,7.337799501001978,9.433981132056603
TG279,320,189,335,173,TG,5.690225398478109,21.93171219946131
TS647,63,426,67,417,TS,4.555697698936616,9.848857801796104
TG725,172,406,196,409,TG,5.439043343044303,24.186773244895647
GSD69,328,172,329,172,GSD,6.9555466497693885,1.0
TG476,315,332,284,319,TG,7.00828977597406,33.61547262794322
GSD199,396,260,400,261,GSD,5.823343219172415,4.123105625617661
TS580,307,258,309,242,TS,7.539974800045112,16.1245154965971
TS682,69,389,81,394,TS,7.527321594587219,13.0
GG364,373,199,377,191,GG,4.694070735390621,8.94427190999916
GSD247,346,281,352,282,GSD,7.504788333771389,6.082762530298219
GSD280,328,354,327,349,GSD,5.621452103813411,5.0990195135927845
GSD324,300,235,301,235,GSD,7.3384020769584755,1.0
GG290,263,425,259,432,GG,4.329399563402891,8.06225774829855
GG738,480,93,485,99,GG,5.84272026224126,7.810249675906654
GG362,352,136,352,130,GG,4.205610414871087,6.0
TS658,422,91,433,91,TS,6.585590733458357,11.0
GG575,215,187,225,183,GG,6.746862708306417,10.770329614269007
GG542,328,296,331,285,GG,6.144410162442124,11.40175425099138
TS286,330,214,342,216,TS,5.774578152179295,12.165525060596439
TS67,424,90,432,91,TS,4.750040459927895,8.06225774829855
GSD132,378,148,375,146,GSD,5.035265586553514,3.605551275463989
GSD201,253,195,257,198,GSD,7.253090346608698,5.0
TG910,469,94,450,98,TG,5.973934638381144,19.4164878389476
TS570,150,403,138,400,TS,5.667107926603298,12.36931687685298
GG153,358,203,358,208,GG,5.198251927307918,5.0
GSD58,319,113,320,116,GSD,6.708531054979812,3.1622776601683795
GSD128,162,404,166,405,GSD,5.862837888348752,4.123105625617661
GG443,479,72,479,82,GG,7.828911392870069,10.0
TS223,256,342,268,337,TS,6.875299977513144,13.0
GG61,414,181,426,178,GG,5.617445842933392,12.36931687685298
GSD374,393,113,396,117,GSD,6.287517611685377,5.0
GG669,421,179,412,179,GG,5.733384166640253,9.0
GG424,334,116,339,119,GG,5.516476333473626,5.830951894845301
TG266,450,98,426,89,TG,7.229962072032747,25.632011235952593
GG344,453,83,453,89,GG,5.868908955647907,6.0
TS654,313,401,322,394,TS,6.9143933407082026,11.40175425099138
GG75,484,102,478,110,GG,6.796858441404067,10.0
TS388,385,292,376,302,TS,5.869482210432639,13.45362404707371
TG531,302,267,312,237,TG,7.697885227146793,31.622776601683793
GSD305,319,359,320,359,GSD,4.287435122161657,1.0
GSD6,92,404,87,405,GSD,5.68250483706416,5.0990195135927845
TS115,33,441,24,442,TS,5.630289764077887,9.055385138137417
TG1054,277,409,270,423,TG,4.213593436052154,15.652475842498529
GG651,386,176,385,167,GG,7.546018694001102,9.055385138137417
GG700,307,131,305,142,GG,6.341992698433884,11.180339887498949
TS98,108,324,98,328,TS,5.441585747402908,10.770329614269007
TS785,240,344,224,345,TS,6.690335748153561,16.0312195418814
GG450,358,205,359,215,GG,6.613616409051805,10.04987562112089
GSD265,430,273,434,270,GSD,5.846286581758071,5.0
TS590,395,249,397,244,TS,5.900222178751903,5.385164807134504
GSD371,336,313,336,319,GSD,5.65595624090497,6.0
GSD225,440,119,443,117,GSD,4.165124608781042,3.605551275463989
TG755,361,121,337,121,TG,4.588851664839509,24.0
GSD297,281,150,287,150,GSD,6.661717686877289,6.0
GSD396,400,299,393,299,GSD,6.575575394048535,7.0
GG489,436,73,433,82,GG,5.7767405855464204,9.486832980505138
GG204,250,500,256,504,GG,4.418972955219727,7.211102550927978
GSD234,229,434,234,434,GSD,6.272684334032489,5.0
GG116,393,267,392,276,GG,5.592415041173348,9.055385138137417
TS538,243,345,228,346,TS,6.255207295653662,15.033296378372908
TS97,243,161,251,161,TS,5.735840760851495,8.0
GG472,274,120,270,128,GG,6.110939615701698,8.94427190999916
GG75,480,93,484,102,GG,7.337731114135169,9.848857801796104
TG136,219,159,234,144,TG,6.024539623798908,21.213203435596427
GG501,402,116,405,112,GG,4.409696858186205,5.0
TS288,486,162,472,162,TS,6.627273464426658,14.0
GSD267,457,204,461,202,GSD,7.229495880687842,4.47213595499958
GG539,337,175,334,178,GG,4.895328278167689,4.242640687119285
GSD399,336,108,339,106,GSD,5.138365883620978,3.605551275463989
GSD139,357,134,357,132,GSD,6.204722972292796,2.0
GG219,281,86,271,87,GG,6.510959785780528,10.04987562112089
GSD287,362,302,365,302,GSD,5.675863422742317,3.0
TG432,253,343,273,356,TG,6.230999053978959,23.853720883753127
TG32,397,151,372,127,TG,7.318007364716991,34.655446902326915
TS450,396,118,408,104,TS,8.192906104223848,18.439088914585774
GSD139,357,132,358,130,GSD,5.974008065093258,2.23606797749979
TS260,478,95,482,92,TS,3.865730033323773,5.0
TG724,92,393,88,362,TG,8.133537812685502,31.25699921617557
GG770,267,444,262,452,GG,6.7531111009425215,9.433981132056603
TG767,226,431,210,417,TG,5.364819880408826,21.2602916254693
GSD368,328,175,326,172,GSD,4.961598082139664,3.605551275463989
TG340,271,354,275,372,TG,5.202140317834099,18.439088914585774
GSD131,265,122,270,120,GSD,5.576505204905509,5.385164807134504
TS343,98,392,109,396,TS,6.3251139767141105,11.704699910719626
GSD276,464,153,461,155,GSD,5.925087667658161,3.605551275463989
TS257,94,389,90,399,TS,6.286504456835133,10.770329614269007
TG880,284,113,308,96,TG,6.8226321836425745,29.410882339705484
GSD119,320,419,319,415,GSD,6.699836630814978,4.123105625617661
TS681,110,396,123,396,TS,6.266847882860333,13.0
GSD396,399,320,400,317,GSD,6.037484080726394,3.1622776601683795
TG106,276,388,273,356,TG,6.294238149980515,32.14031735997639
GSD379,264,214,264,219,GSD,5.913148405893553,5.0
GSD255,504,156,498,156,GSD,6.340293192907417,6.0
TS427,484,92,499,89,TS,6.296661426890992,15.297058540778355
TG211,273,358,271,329,TG,7.7458315622755975,29.068883707497267
GG671,422,146,424,151,GG,4.277885847432371,5.385164807134504
GSD295,60,395,63,394,GSD,3.981290557892514,3.1622776601683795
GG623,404,112,400,120,GG,5.71073998885408,8.94427190999916
GSD31,364,262,363,266,GSD,5.587409231188964,4.123105625617661
TG847,372,308,386,276,TG,7.4363876429507005,34.92849839314596
GSD94,381,358,381,365,GSD,7.4562559568455296,7.0
GG66,290,187,280,185,GG,6.14764099762764,10.198039027185569
TS799,314,171,303,175,TS,6.694537059213179,11.704699910719626
TS262,272,169,271,166,TS,5.764729103598937,3.1622776601683795
TS468,114,242,118,245,TS,4.598222898550409,5.0
TS110,404,227,406,224,TS,4.211165880209666,3.605551275463989
GSD269,103,405,101,397,GSD,6.118206245418538,8.246211251235321
TG316,246,145,226,122,TG,6.249413253414339,30.479501308256342
TS576,233,145,224,152,TS,5.752990075729828,11.40175425099138
TS59,294,290,285,304,TS,6.809906041266599,16.64331697709324
GSD399,335,109,336,108,GSD,5.228219445132861,1.4142135623730951
TS357,387,289,386,273,TS,5.810048349410891,16.0312195418814
GG474,260,154,262,159,GG,6.059009225689534,5.385164807134504
TG341,248,343,270,334,TG,5.965804558835186,23.769728648009426
GG172,280,115,274,120,GG,5.484633530648985,7.810249675906654
GSD363,252,339,252,338,GSD,5.187296532552399,1.0
GSD143,359,175,355,171,GSD,4.944475698340582,5.656854249492381
TG1000,242,144,220,152,TG,6.1670203440435865,23.40939982143925
TG90,422,91,431,91,TG,2.221331670504004,9.0
TS467,85,389,92,395,TS,7.064356642384242,9.219544457292887
GG715,326,88,337,87,GG,6.042786923765125,11.045361017187261
GG388,486,162,473,163,GG,6.013205707140885,13.038404810405298
TS711,149,240,137,244,TS,5.757630453538759,12.649110640673518
GSD64,324,131,328,131,GSD,4.308209342522343,4.0
GG259,428,77,419,74,GG,5.201583241090157,9.486832980505138
GSD21,297,338,300,342,GSD,5.210121771040058,5.0
GG403,414,219,405,217,GG,6.096139762321414,9.219544457292887
TS584,230,166,222,168,TS,5.682584031798536,8.246211251235321
GG564,112,446,123,451,GG,5.024240745465955,12.083045973594572
TG105,457,97,474,94,TG,4.424911335937357,17.26267650163207
TG261,308,173,309,177,TG,4.042831231094367,4.123105625617661
GG708,245,200,245,208,GG,5.889800235954532,8.0
TG156,165,359,152,362,TG,3.8697121518795594,13.341664064126334
TG117,495,86,478,94,TG,5.201486362159839,18.788294228055936
GG326,267,426,268,437,GG,4.9697458415520686,11.045361017187261
GG610,354,222,344,220,GG,4.64158219134449,10.198039027185569
GG474,256,148,260,154,GG,6.368548898482937,7.211102550927978
TG504,298,174,317,168,TG,6.6965401454662965,19.924858845171276
TG605,408,222,394,248,TG,8.038162783320669,29.5296461204668
GG90,257,487,254,479,GG,4.781624281889908,8.54400374531753
GG22,434,81,432,90,GG,6.158596980769309,9.219544457292887
TS92,230,166,239,161,TS,6.588011448489043,10.295630140987
GSD133,291,288,288,296,GSD,5.936479519861237,8.54400374531753
GG308,241,244,234,249,GG,5.744614084293051,8.602325267042627
GG490,240,201,235,198,GG,4.399499878495064,5.830951894845301
GSD275,222,390,222,385,GSD,7.162008882653026,5.0
GSD154,320,152,322,152,GSD,4.072064570876044,2.0
GG400,453,113,445,111,GG,7.2790795292377,8.246211251235321
GG398,265,187,266,191,GG,5.327014363491731,4.123105625617661
TS684,91,410,93,411,TS,6.512400186794736,2.23606797749979
GG680,331,121,322,121,GG,7.94116380875709,9.0
TS737,120,245,129,244,TS,4.83146893780639,9.055385138137417
TG614,304,329,286,321,TG,5.599879261623801,19.697715603592208
GSD354,352,91,354,93,GSD,5.10429831629437,2.8284271247461903
TG733,385,124,407,105,TG,5.467595284047574,29.068883707497267
GG448,276,190,288,191,GG,7.016020796065291,12.041594578792296
GSD124,217,400,219,397,GSD,7.3161571329934745,3.605551275463989
TG1020,280,313,293,293,TG,5.9271711055145175,23.853720883753127
TS382,281,190,265,188,TS,7.506460869532164,16.1245154965971
TS154,324,88,311,94,TS,7.529330178934309,14.317821063276353
GSD314,214,255,215,257,GSD,5.732548890421114,2.23606797749979
TG752,136,399,110,392,TG,5.851283131651057,26.92582403567252
TG1037,226,346,252,343,TG,5.614909007433126,26.1725046566048
GSD273,307,245,306,253,GSD,6.76379389523823,8.06225774829855
TG1113,94,389,91,398,TG,3.2136842971098205,9.486832980505138
TG507,228,127,234,144,TG,5.453578194715427,18.027756377319946
GG202,291,193,288,191,GG,3.763038894087998,3.605551275463989
GSD29,404,297,399,300,GSD,6.534112899256019,5.830951894845301
TS657,114,243,110,254,TS,5.588194052061156,11.704699910719626
TG865,157,404,132,399,TG,6.152971880945257,25.495097567963924
GSD133,294,281,292,282,GSD,3.710495002909333,2.23606797749979
GSD253,466,224,462,225,GSD,3.6082619276514425,4.123105625617661
TG462,430,153,432,173,TG,4.169485972758819,20.09975124224178
GG58,250,327,253,322,GG,4.127644453709113,5.830951894845301
GG652,240,198,225,199,GG,7.829225598321219,15.033296378372908
GSD250,274,408,273,414,GSD,7.121245064047773,6.082762530298219
TS699,347,353,339,362,TS,5.666246683153723,12.041594578792296
GSD117,440,231,444,229,GSD,6.2479413734203835,4.47213595499958
TS756,315,214,315,225,TS,4.86242059981853,11.0
GG704,432,163,428,160,GG,4.131671149549993,5.0
GG663,253,442,255,435,GG,5.227057878047324,7.280109889280518
TS547,323,164,332,158,TS,5.826635467941152,10.816653826391969
GSD64,353,133,355,135,GSD,4.436743398674238,2.8284271247461903
GSD27,234,395,229,395,GSD,6.364941054183362,5.0
GG6,304,406,294,415,GG,5.922929917853477,13.45362404707371
GSD101,394,325,398,320,GSD,5.272478717787912,6.4031242374328485
GSD88,223,389,223,385,GSD,6.746257362840213,4.0
GG177,460,185,465,189,GG,4.8760821576314015,6.4031242374328485
TS6,301,174,290,172,TS,4.900832986539681,11.180339887498949
TG105,437,92,457,97,TG,5.806442901530807,20.615528128088304
GSD331,26,430,26,434,GSD,5.960499588784147,4.0
GG476,470,94,478,90,GG,5.945051656687731,8.94427190999916
GG232,350,83,356,78,GG,5.155330006457758,7.810249675906654
TG197,361,121,377,134,TG,5.578960995015415,20.615528128088304
TS219,91,398,90,409,TS,4.805232942226095,11.045361017187261
GG688,238,261,238,271,GG,6.5559438968886035,10.0
GSD200,305,91,304,95,GSD,5.379445700085039,4.123105625617661
GG498,461,186,468,192,GG,6.1092831266245415,9.219544457292887
TG425,480,93,485,111,TG,5.466929046732408,18.681541692269406
TG598,226,346,264,341,TG,7.633664589252342,38.3275357934736
TS799,295,174,304,177,TS,4.724742885917285,9.486832980505138
GG78,230,130,226,118,GG,6.409395952982383,12.649110640673518
GSD300,283,297,287,293,GSD,6.50835818098831,5.656854249492381
TS463,99,287,90,298,TS,6.125642980475469,14.212670403551895
TG1080,330,160,349,147,TG,5.385399649592443,23.021728866442675
GG551,453,93,463,94,GG,6.683530310409683,10.04987562112089
GG346,500,162,492,162,GG,4.879878112080405,8.0
GG456,458,110,452,101,GG,5.518241269839112,10.816653826391969
GG719,306,82,301,89,GG,4.414710715549688,8.602325267042627
TS342,78,399,77,394,TS,5.544195033221348,5.0990195135927845
GSD206,140,397,138,398,GSD,5.667269923980069,2.23606797749979
GG335,160,316,174,317,GG,7.772391317174483,14.035668847618199
TS672,367,314,361,320,TS,5.1816803704849965,8.48528137423857
GG519,480,86,478,89,GG,5.059123213268272,3.605551275463989
GG451,276,218,265,223,GG,6.226561881333795,12.083045973594572
TG1041,309,177,335,174,TG,6.538108235138685,26.1725046566048
TS417,378,126,378,133,TS,5.3286930584925525,7.0
TG302,323,162,321,173,TG,5.883566458964527,11.180339887498949
GG436,296,285,294,289,GG,4.126736330003618,4.47213595499958
GG647,353,190,346,184,GG,5.574070197183827,9.219544457292887
TG1113,91,398,77,399,TG,4.973597222206079,14.035668847618199
TS87,338,148,344,145,TS,6.445703573763218,6.708203932499369
GG718,353,222,362,223,GG,5.825703310100827,9.055385138137417
TG379,315,214,315,231,TG,3.74989589402206,17.0
GSD235,319,153,324,150,GSD,8.988814603411413,5.830951894845301
GG485,422,216,433,217,GG,5.86695057787051,11.045361017187261
GG249,261,117,254,117,GG,5.114226618005136,7.0
GG146,237,198,227,198,GG,6.151164098962141,10.0
TS581,381,280,387,269,TS,6.291513874771351,12.529964086141668
GG215,376,132,370,139,GG,5.595657829024912,9.219544457292887
TG536,385,291,386,271,TG,5.214631677169487,20.024984394500787
GG84,321,122,313,125,GG,6.368100413910456,8.54400374531753
GSD72,261,383,265,381,GSD,6.215546445609803,4.47213595499958
GG407,279,316,274,325,GG,6.2960127679147035,10.295630140987
TS69,444,95,454,96,TS,6.86430426658913,10.04987562112089
GG669,412,179,402,178,GG,6.635756784103092,10.04987562112089
TG228,390,123,372,128,TG,5.418152393298472,18.681541692269406
TG198,389,124,364,124,TG,6.039365508160237,25.0
GG416,225,494,229,496,GG,5.205388241531644,4.47213595499958
TG1024,467,127,443,132,TG,5.521271213232297,24.515301344262525
TS29,304,409,294,416,TS,5.534951704585026,12.206555615733702
GG530,321,100,314,99,GG,6.400179879049736,7.0710678118654755
TG863,301,175,317,173,TG,5.089773222944722,16.1245154965971
TS716,319,208,331,214,TS,6.167752982681988,13.416407864998739
TG1091,352,323,371,309,TG,6.6866601377312325,23.600847442411894
TG1138,157,404,178,406,TG,4.005980956058668,21.095023109728988
GG234,289,108,295,104,GG,5.415382029370419,7.211102550927978
TG523,238,436,217,425,TG,5.338098099827788,23.706539182259394
TS170,414,97,408,106,TS,5.9411430499285665,10.816653826391969
GSD208,392,121,393,118,GSD,5.987943998770184,3.1622776601683795
GG128,269,118,263,123,GG,5.724940516179576,7.810249675906654
TS240,312,334,312,331,TS,5.835815063947235,3.0
GG181,320,99,310,97,GG,6.560372953161307,10.198039027185569
TS730,174,410,161,405,TS,7.5222202933502595,13.92838827718412
GSD192,180,308,179,309,GSD,3.657781586911625,1.4142135623730951
GG191,402,103,389,97,GG,8.209361230569606,14.317821063276353
TS278,259,434,264,428,TS,4.959657785077768,7.810249675906654
TS39,83,403,70,394,TS,8.88095658145025,15.811388300841896
TG600,92,393,88,369,TG,5.738219138171009,24.331050121192877
TS212,216,427,221,428,TS,6.001060397678542,5.0990195135927845
GSD127,220,213,218,210,GSD,5.899302769319625,3.605551275463989
GSD154,310,153,316,153,GSD,7.843521383503269,6.0
GG749,341,181,347,185,GG,5.256151819195939,7.211102550927978
TG429,308,131,287,143,TG,6.050161307044992,24.186773244895647
TG1190,265,426,278,408,TG,6.45693637054192,22.20360331117452
GG693,458,136,460,127,GG,6.5209660780929894,9.219544457292887
GG38,232,148,238,142,GG,5.053903773333172,8.48528137423857
GSD295,85,395,90,390,GSD,7.466246043776287,7.0710678118654755
GG704,422,141,430,139,GG,5.494090492044599,8.246211251235321
TG58,386,124,360,121,TG,5.730750461769748,26.1725046566048
GG690,348,198,352,193,GG,5.00324843201354,6.4031242374328485
GG724,302,159,291,158,GG,7.3938246354830515,11.045361017187261
GSD360,227,354,228,362,GSD,6.61952879830777,8.06225774829855
TS239,275,367,276,377,TS,5.067486854038243,10.04987562112089
TG778,272,328,252,344,TG,5.194174097492703,25.612496949731394
TS360,152,403,164,405,TS,5.586677458337589,12.165525060596439
GG93,192,407,182,407,GG,6.47911709320624,10.0
GSD127,213,198,211,195,GSD,5.954040662778624,3.605551275463989
GSD35,308,153,312,153,GSD,4.345212782301774,4.0
GSD204,435,49,435,44,GSD,4.965342031877679,5.0
GSD278,243,455,239,456,GSD,6.480199372175999,4.123105625617661
GSD347,336,157,339,159,GSD,6.7878731220671185,3.605551275463989
TG83,275,374,278,402,TG,5.312374917521689,28.160255680657446
TG925,136,399,153,404,TG,4.997875409735276,17.72004514666935
GG629,272,112,271,106,GG,6.3115539730445995,6.082762530298219
GG291,254,449,252,456,GG,5.544991623865759,7.280109889280518
TG360,313,130,330,123,TG,5.416203799741717,18.384776310850235
TS800,90,391,84,397,TS,7.454714293889055,8.48528137423857
TG353,429,144,408,153,TG,6.245729187967697,22.847319317591726
TS282,444,96,435,93,TS,4.560737269491056,9.486832980505138
TG888,225,431,211,417,TG,6.187087340505816,19.79898987322333
TS674,67,339,70,350,TS,5.717311805190341,11.40175425099138
GG553,464,161,458,160,GG,4.771219064250918,6.082762530298219
GG682,407,180,391,176,GG,9.302209395640597,16.492422502470642
TS71,401,112,395,116,TS,4.568221176540307,7.211102550927978
GSD70,336,263,339,265,GSD,6.097210853245301,3.605551275463989
TS217,256,165,262,167,TS,6.179470479771404,6.324555320336759
TS412,307,177,297,174,TS,7.138489616473379,10.44030650891055
GG386,236,136,231,130,GG,6.549625233334485,7.810249675906654
GG763,250,143,252,152,GG,6.8528538818572855,9.219544457292887
TS148,487,208,490,199,TS,4.594113879390392,9.486832980505138
GG702,291,188,278,186,GG,6.2826459899483,13.152946437965905
GG769,443,115,439,111,GG,4.135573850098762,5.656854249492381
GSD227,273,87,273,93,GSD,6.672020195449846,6.0
TG557,264,137,253,148,TG,4.419271203993059,15.556349186104045
GG190,244,179,250,173,GG,4.54878525184097,8.48528137423857
GSD254,300,258,301,252,GSD,5.741414972611167,6.082762530298219
GG577,315,90,325,86,GG,7.190094909179335,10.770329614269007
TS132,375,222,387,226,TS,5.997114898526778,12.649110640673518
GSD213,292,124,289,125,GSD,7.627051530868026,3.1622776601683795
TG802,415,97,400,113,TG,5.115481809184433,21.93171219946131
GSD333,339,283,342,281,GSD,5.490608929266074,3.605551275463989
TG521,258,341,272,328,TG,6.528349075209679,19.1049731745428
GG672,332,167,328,161,GG,4.849200769663032,7.211102550927978
GG571,429,92,435,99,GG,5.814744281954885,9.219544457292887
GSD180,464,103,462,100,GSD,5.580668437695351,3.605551275463989
GSD367,526,168,526,162,GSD,6.481001974928888,6.0
TG881,92,395,93,413,TG,4.9045631150471465,18.027756377319946
GG414,431,163,431,172,GG,6.536541257225849,9.0
GG147,274,393,272,400,GG,5.547405401141841,7.280109889280518
GSD370,167,272,170,273,GSD,5.5289732737599735,3.1622776601683795
GG44,466,124,475,127,GG,6.726918163158956,9.486832980505138
TS230,53,443,43,442,TS,5.726804238636296,10.04987562112089
GG104,360,282,359,277,GG,4.496065031914367,5.0990195135927845
TG16,245,146,263,147,TG,6.278450526703155,18.027756377319946
TS92,246,179,249,185,TS,5.3089232580399255,6.708203932499369
TS393,236,171,236,167,TS,5.250873006287665,4.0
GSD223,468,162,463,162,GSD,7.128639931788604,5.0
GSD313,454,228,453,226,GSD,3.7084926136476355,2.23606797749979
GG50,396,139,397,127,GG,7.241694290366832,12.041594578792296
GSD34,431,109,430,104,GSD,5.256227327155742,5.0990195135927845
TS62,388,131,383,141,TS,6.662245932120436,11.180339887498949
TG399,355,121,373,128,TG,4.3393894818682694,19.313207915827967
TS491,259,165,262,167,TS,6.92904763925671,3.605551275463989
TS534,257,155,262,158,TS,5.55394072617212,5.830951894845301
GG27,237,248,232,249,GG,4.979876338838814,5.0990195135927845
TG278,154,404,133,399,TG,4.7792107062247196,21.587033144922902
TS416,395,119,389,130,TS,6.481257721898108,12.529964086141668
TS500,243,183,243,177,TS,5.592138187135864,6.0
GSD323,381,149,383,149,GSD,5.618446494308337,2.0
TG81,276,170,270,162,TG,5.616481149653689,10.0
GSD72,233,385,230,384,GSD,4.479904463701473,3.1622776601683795
GG152,409,143,404,143,GG,3.9585221450100896,5.0
GSD295,76,394,74,399,GSD,7.082147540418202,5.385164807134504
GG188,266,343,271,332,GG,7.678626127677102,12.083045973594572
GSD267,461,202,466,203,GSD,5.556907347837759,5.0990195135927845
GSD243,152,396,148,401,GSD,5.515077075126929,6.4031242374328485
TG1150,330,124,312,129,TG,4.608018966108972,18.681541692269406
GSD274,319,105,318,109,GSD,6.314376390770395,4.123105625617661
GG439,387,307,374,306,GG,6.808589617501006,13.038404810405298
TG499,339,85,358,71,TG,7.737125879757897,23.600847442411894
TS540,254,162,255,167,TS,6.91573635156238,5.0990195135927845
TS440,252,188,246,182,TS,4.467465079848269,8.48528137423857
GSD152,356,410,359,410,GSD,7.221033694037137,3.0
TS325,361,121,342,121,TS,7.010175791411151,19.0
GSD279,495,179,494,179,GSD,4.922913028988958,1.0
GG126,430,179,435,188,GG,6.364658175337945,10.295630140987
GSD390,282,150,286,147,GSD,7.732502787237236,5.0
TG1012,256,340,271,350,TG,5.286633061524059,18.027756377319946
TG1129,470,95,450,97,TG,5.5519767718455,20.09975124224178
TG666,405,107,419,93,TG,5.217595295385482,19.79898987322333
GG68,241,198,247,200,GG,5.269596037933683,6.324555320336759
TG692,403,108,422,90,TG,6.9093415580495385,26.1725046566048
GG336,253,197,258,194,GG,4.945440546223743,5.830951894845301
GG727,432,89,434,98,GG,5.7698866994871665,9.219544457292887
TG805,156,362,138,368,TG,5.53566780589463,18.973665961010276
TG659,225,431,252,440,TG,7.414563955501903,28.460498941515414
GG671,430,161,432,164,GG,4.454589691556855,3.605551275463989
GSD102,298,78,295,78,GSD,6.507205356163888,3.0
TG5,301,175,273,169,TG,7.113015636915652,28.635642126552707
TG965,309,241,304,262,TG,4.83671509990698,21.587033144922902
TS108,510,158,519,157,TS,5.2364232793108005,9.055385138137417
GSD257,462,172,467,172,GSD,6.723581461955376,5.0
TS389,448,98,433,98,TS,6.944582691688021,15.0
TG943,300,325,321,331,TG,5.746883657103049,21.840329667841555
GG593,375,179,383,175,GG,5.247956338875698,8.94427190999916
GSD311,138,400,143,400,GSD,6.577165864062813,5.0
GSD229,335,325,340,321,GSD,6.95183041549528,6.4031242374328485
TG1181,276,388,278,403,TG,3.341190842144566,15.132745950421556
GSD179,256,162,258,164,GSD,5.6990580826149255,2.8284271247461903
GG635,263,124,253,129,GG,7.480558375129629,11.180339887498949
TG556,153,362,177,356,TG,5.724918858702717,24.73863375370596
TG192,482,115,479,105,TG,3.098522486751048,10.44030650891055
GG204,256,504,263,502,GG,5.088053598571861,7.280109889280518
TG718,272,169,282,167,TG,4.856543913957669,10.198039027185569
TG484,196,350,164,358,TG,7.059151721955116,32.984845004941285
TS109,105,390,97,384,TS,7.001484587756767,10.0
TS467,92,395,90,404,TS,6.232694940802606,9.219544457292887
TG121,372,129,351,122,TG,6.04316508771814,22.135943621178654
TS349,100,295,96,302,TS,4.735738553489018,8.06225774829855
GG782,401,39,392,38,GG,4.747853288022862,9.055385138137417
TS28,358,219,374,221,TS,7.642496648056112,16.1245154965971
GG583,238,467,246,463,GG,5.364592901799822,8.94427190999916
GSD58,316,95,318,96,GSD,6.0738880498849,2.23606797749979
TS39,84,390,84,394,TS,4.355919103760902,4.0
TG719,368,313,385,292,TG,6.776549245306528,27.018512172212592
GG695,387,138,382,135,GG,3.8402681431886787,5.830951894845301
GG115,284,191,296,191,GG,6.691634883008172,12.0
TG115,301,175,292,173,TG,3.950951684243696,9.219544457292887
TS77,274,357,270,350,TS,4.2580037678491305,8.06225774829855
GSD374,399,115,394,111,GSD,6.764781954680149,6.4031242374328485
GSD84,298,407,301,404,GSD,6.226964382301148,4.242640687119285
GG416,237,498,249,502,GG,6.917430817134566,12.649110640673518
TG1117,337,172,325,186,TG,5.198461934671044,18.439088914585774
GG486,482,162,468,161,GG,7.179562017606727,14.035668847618199
TG147,223,150,227,127,TG,8.049684832299924,23.345235059857504
GG628,358,263,360,277,GG,6.502982946078532,14.142135623730951
TG457,330,153,320,168,TG,6.402616202115851,18.027756377319946
GSD202,193,408,194,410,GSD,5.298721801200944,2.23606797749979
GG81,410,104,414,109,GG,5.799971733706032,6.4031242374328485
GG504,233,106,226,106,GG,5.165817920584082,7.0
TS253,296,328,285,325,TS,4.849053827617979,11.40175425099138
TG115,292,173,264,160,TG,6.627174172874211,30.870698080866262
GSD3,223,263,227,261,GSD,6.486935814919903,4.47213595499958
TS712,388,139,385,133,TS,6.328751369614407,6.708203932499369
TG366,390,121,369,125,TG,5.448624707771877,21.37755832643195
GSD156,534,171,537,167,GSD,6.1923953075776,5.0
GG519,470,94,460,95,GG,6.029888806609961,10.04987562112089
GSD304,350,278,350,274,GSD,5.44380295166879,4.0
GSD289,332,322,328,324,GSD,6.137495933091635,4.47213595499958
GSD330,346,349,351,352,GSD,6.099369239193095,5.830951894845301
GG252,324,197,325,189,GG,7.121752258467994,8.06225774829855
TS518,352,93,349,84,TS,6.5587160126351565,9.486832980505138
GG110,373,202,369,209,GG,6.050572856141294,8.06225774829855
GG764,374,355,365,351,GG,6.856936910390449,9.848857801796104
TG834,321,87,349,83,TG,6.85296788856385,28.284271247461902
GG269,324,191,329,183,GG,6.348529640778219,9.433981132056603
TG682,445,96,424,88,TG,5.51028567584601,22.47220505424423
GSD266,326,349,331,351,GSD,6.2504165931177535,5.385164807134504
GG602,450,72,450,66,GG,3.941199835208396,6.0
TS759,256,190,247,185,TS,8.617848406160189,10.295630140987
GG276,357,216,359,207,GG,7.058575118648772,9.219544457292887
GG667,251,463,252,469,GG,4.491345604406861,6.082762530298219
GG348,254,437,259,432,GG,5.971322941702725,7.0710678118654755
TG1016,136,399,113,391,TG,4.350282767461021,24.351591323771842
TG910,450,98,424,89,TG,6.531375127934484,27.51363298439521
TG678,315,332,333,325,TG,4.86326901268328,19.313207915827967
GSD179,251,158,252,161,GSD,7.370276708966106,3.1622776601683795
TG28,266,339,239,344,TG,6.487397975279266,27.459060435491963
TG1042,248,160,226,164,TG,6.882417498155618,22.360679774997898
GG779,470,93,462,95,GG,6.413636852986244,8.246211251235321
GG713,285,186,271,187,GG,7.147033798447183,14.035668847618199
TG389,453,127,436,135,TG,5.1634024935994915,18.788294228055936
GG90,254,479,252,469,GG,8.063446444258243,10.198039027185569
GSD251,271,119,269,121,GSD,5.6530815752931645,2.8284271247461903
TG637,367,316,383,296,TG,5.904522690475279,25.612496949731394
GSD28,353,262,349,262,GSD,5.936042122466814,4.0
TS644,67,345,73,354,TS,5.270363782969997,10.816653826391969
GSD276,468,151,465,151,GSD,5.288660541597963,3.0
GG525,294,158,286,158,GG,6.354229875444034,8.0
GG61,381,176,391,175,GG,6.3931278287454045,10.04987562112089
TG373,350,321,329,326,TG,5.1516929839058125,21.587033144922902
TS518,349,84,352,75,TS,6.602436007699608,9.486832980505138
TS190,141,242,153,239,TS,6.349950930069733,12.36931687685298
TG263,249,160,276,171,TG,6.837350889756125,29.154759474226502
GG27,248,259,239,256,GG,6.972413397595176,9.486832980505138
TS57,432,160,432,174,TS,4.865822606860503,14.0
GG463,251,170,247,175,GG,5.722511185589622,6.4031242374328485
TS149,172,406,184,407,TS,4.541536577728845,12.041594578792296
TG872,271,351,276,376,TG,5.568791860845352,25.495097567963924
GG586,412,91,414,96,GG,4.114389129440168,5.385164807134504
GG165,355,223,358,220,GG,5.361860063577713,4.242640687119285
GG45,238,198,228,198,GG,4.1941994620111664,10.0
TS798,435,181,431,188,TS,6.775410498308673,8.06225774829855
GSD62,434,79,435,76,GSD,5.290797463310319,3.1622776601683795
GSD331,23,441,26,440,GSD,4.612698337141374,3.1622776601683795
TG324,330,326,362,319,TG,6.771547153024332,32.7566787083184
TS5,371,310,377,302,TS,6.456691753407394,10.0
GSD76,180,312,184,313,GSD,5.68769787157845,4.123105625617661
GG254,219,261,224,258,GG,4.424922289175067,5.830951894845301
GSD281,341,348,344,348,GSD,4.80330870736174,3.0
GG74,354,194,348,184,GG,6.486852255244905,11.661903789690601
GSD177,231,144,229,144,GSD,5.2767294951921135,2.0
TS550,85,402,91,400,TS,4.873995467041043,6.324555320336759
TG348,330,326,352,321,TG,5.042148331972386,22.561028345356956
TG1166,318,332,299,324,TG,4.764370354222021,20.615528128088304
TG211,276,388,273,358,TG,6.601878156258865,30.14962686336267
TS311,77,362,71,351,TS,6.352655730429328,12.529964086141668
TG754,367,314,353,320,TG,4.007201583349565,15.231546211727817
GSD40,180,289,181,284,GSD,5.628301993607277,5.0990195135927845
TG935,296,141,311,129,TG,5.790303996500063,19.209372712298546
TS88,421,153,410,154,TS,6.513261232843375,11.045361017187261
TG359,366,315,382,296,TG,6.589494647112911,24.839484696748443
GG405,422,105,416,102,GG,5.078210947954718,6.708203932499369
TG330,211,346,191,353,TG,5.704172205180747,21.18962010041709
TG1182,367,132,372,138,TG,7.213692212125443,7.810249675906654
GSD197,157,360,151,358,GSD,7.396550149347629,6.324555320336759
TS740,429,193,427,191,TS,7.069944322878311,2.8284271247461903
GG274,512,162,517,161,GG,4.336789087166061,5.0990195135927845
TG649,444,95,459,97,TG,5.75976822715579,15.132745950421556
TS120,89,391,84,393,TS,5.245727523191733,5.385164807134504
TG81,227,165,255,163,TG,6.545647464524468,28.071337695236398
GG370,232,497,242,499,GG,5.457501956415658,10.198039027185569
GG741,255,140,252,131,GG,6.404562523177717,9.486832980505138
TS444,430,154,427,151,TS,5.926225106954224,4.242640687119285
TG994,387,287,390,256,TG,6.704212635357152,31.144823004794873
GG292,453,93,453,91,GG,4.325618852981666,2.0
TS257,83,403,73,394,TS,5.752595090106748,13.45362404707371
GSD141,538,165,538,161,GSD,6.686990423270167,4.0
GG239,276,321,284,316,GG,7.435175787056499,9.433981132056603
GG405,410,105,400,101,GG,5.54176447340582,10.770329614269007
TS363,445,95,434,99,TS,5.709152526312728,11.704699910719626
TG1130,325,186,316,209,TG,6.164393647020269,24.698178070456937
GG445,409,110,403,114,GG,5.294041520939764,7.211102550927978
TG145,192,407,165,406,TG,6.7357318302861895,27.018512172212592
GG726,136,458,145,462,GG,5.44619149893801,9.848857801796104
GSD367,525,152,518,153,GSD,7.128829671030381,7.0710678118654755
TS619,193,353,185,355,TS,4.625179821112747,8.246211251235321
GG494,521,164,514,173,GG,6.241418096954761,11.40175425099138
GG552,432,167,430,160,GG,6.535637423714733,7.280109889280518
GG197,365,227,364,236,GG,6.402331339647958,9.055385138137417
GSD227,281,70,280,76,GSD,6.143377652339836,6.082762530298219
TG992,435,97,415,114,TG,5.410353258804662,26.248809496813376
TG577,369,126,344,121,TG,5.028274462681477,25.495097567963924
TS256,455,128,442,132,TS,5.8678610058793295,13.601470508735444
TS388,367,316,356,325,TS,6.354587985713966,14.212670403551895
GSD270,344,95,347,92,GSD,5.489672405964399,4.242640687119285
GG544,294,88,304,88,GG,4.539104706290445,10.0
TG813,371,139,386,145,TG,4.931191244817901,16.15549442140351
TG224,295,289,277,317,TG,6.835621278460993,33.28663395418648
GSD332,348,158,351,156,GSD,5.172898308047305,3.605551275463989
TG678,375,304,386,282,TG,5.649446094766882,24.596747752497688
TS679,81,402,86,403,TS,5.299078756301588,5.0990195135927845
GG320,253,473,255,483,GG,6.085639314757664,10.198039027185569
TG760,210,346,230,345,TG,4.723025998148566,20.024984394500787
TS434,266,187,254,191,TS,6.210663738089338,12.649110640673518
GSD297,280,153,281,150,GSD,7.021092759974428,3.1622776601683795
TG917,364,123,385,125,TG,5.3501300572211985,21.095023109728988
TS186,407,222,400,213,TS,7.104103617286572,11.40175425099138
GSD35,303,153,308,153,GSD,5.376142533423554,5.0
TG612,316,222,315,205,TG,4.567013145060531,17.029386365926403
TS481,45,353,47,357,TS,4.2106085670651785,4.47213595499958
TS607,385,292,379,300,TS,6.435893155286107,10.0
TS800,84,397,86,403,TS,6.319236347124047,6.324555320336759
TS653,237,171,235,167,TS,6.772089933471513,4.47213595499958
GG136,391,154,394,144,GG,6.059190441973271,10.44030650891055
GG29,419,143,420,134,GG,5.899256868896273,9.055385138137417
GSD43,277,288,276,283,GSD,6.239520424206447,5.0990195135927845
TS125,367,112,358,106,TS,5.714710280400837,10.816653826391969
GG173,418,74,428,75,GG,6.136432033924411,10.04987562112089
TS119,85,401,83,391,TS,5.788360063227025,10.198039027185569
TS793,110,260,106,271,TS,5.151777331172519,11.704699910719626
GSD344,269,84,271,84,GSD,5.66553253341319,2.0
TS446,390,145,385,142,TS,5.51240413395419,5.830951894845301
GG589,362,301,363,294,GG,5.547322143142463,7.0710678118654755
GG693,458,148,458,136,GG,6.566786603534608,12.0
GG111,475,116,469,111,GG,5.7109431052619,7.810249675906654
TS182,234,169,240,168,TS,5.125112744122335,6.082762530298219
GSD1,243,190,244,197,GSD,5.913651970836209,7.0710678118654755
GG406,426,140,434,139,GG,6.6754324121131745,8.06225774829855
GG713,297,193,291,187,GG,6.12279436806781,8.48528137423857
GG231,237,265,240,277,GG,5.596360846470915,12.36931687685298
GSD337,181,429,176,429,GSD,6.649298829802028,5.0
GSD333,350,283,349,286,GSD,4.910664478333601,3.1622776601683795
TS651,146,218,134,224,TS,6.014264936353789,13.416407864998739
GG102,229,128,236,135,GG,7.220040037758471,9.899494936611665
GG324,226,182,219,186,GG,5.47632331185269,8.06225774829855
TS276,255,337,263,332,TS,5.0705168423026645,9.433981132056603
GG279,351,93,359,100,GG,6.046915863947774,10.63014581273465
TS720,413,212,409,222,TS,6.706071836897399,10.770329614269007
TS531,100,395,116,395,TS,6.237056161734713,16.0
TG995,117,370,144,367,TG,5.0979934554766535,27.16615541441225
TG408,417,208,430,188,TG,6.361965471888503,23.853720883753127
TS229,390,147,396,151,TS,5.873156592172954,7.211102550927978
TG1179,277,171,287,171,TG,3.6833959745138216,10.0
TG872,272,328,271,351,TG,6.762494578556752,23.021728866442675
TS753,325,154,335,150,TS,5.340564190351536,10.770329614269007
GSD301,244,342,247,342,GSD,4.05950328546837,3.0
TG811,379,137,361,143,TG,5.423405444857243,18.973665961010276
GSD206,138,398,136,398,GSD,6.127222829300088,2.0
TG711,318,173,333,181,TG,7.343387660692967,17.0
GG241,500,162,487,161,GG,6.894429290123177,13.038404810405298
TG800,259,165,279,170,TG,5.744485106681235,20.615528128088304
GSD294,483,178,476,176,GSD,5.970211954813124,7.280109889280518
GG616,270,133,265,140,GG,6.264419390314831,8.602325267042627
TS465,412,101,403,107,TS,5.858391337572542,10.816653826391969
TG1109,333,172,322,188,TG,7.126070600887453,19.4164878389476
GG399,328,158,323,161,GG,6.167012438367248,5.830951894845301
GG88,253,315,253,322,GG,6.23427374726357,7.0
TG647,164,406,147,402,TG,3.893155206528525,17.46424919657298
GSD237,228,260,227,262,GSD,5.827360484834966,2.23606797749979
GSD159,353,91,349,93,GSD,5.081890193187718,4.47213595499958
TS511,430,221,415,219,TS,6.702718819908241,15.132745950421556
GSD33,317,272,319,274,GSD,6.993217172903151,2.8284271247461903
TS308,245,176,248,185,TS,4.615012581634534,9.486832980505138
TS135,441,222,430,222,TS,5.855122633312757,11.0
TG617,423,105,444,95,TG,5.27046785328127,23.259406699226016
TG1097,428,189,418,207,TG,4.495329463187199,20.591260281974
GSD318,243,178,245,182,GSD,6.830949646162438,4.47213595499958
GG598,175,469,171,466,GG,5.749028581123968,5.0
GG791,305,171,305,160,GG,6.134634570692787,11.0
TS751,309,172,316,170,TS,5.3332718818686775,7.280109889280518
GG551,463,94,472,93,GG,6.274908359181012,9.055385138137417
TG100,272,330,283,318,TG,5.601915534012646,16.278820596099706
GSD125,228,356,228,361,GSD,5.755095613047867,5.0
GG230,68,407,64,415,GG,5.757620367140158,8.94427190999916
GSD290,418,249,413,250,GSD,4.921059462215415,5.0990195135927845
GSD12,309,377,312,378,GSD,5.992936370237203,3.1622776601683795
TG384,281,144,257,148,TG,5.569966885330865,24.331050121192877
TG432,204,349,225,347,TG,4.3733801117301505,21.095023109728988
TS592,489,199,490,186,TS,6.536138813143534,13.038404810405298
GSD252,281,94,280,98,GSD,5.223360127084602,4.123105625617661
TG230,467,127,437,133,TG,6.944754932471753,30.59411708155671
TG430,367,125,343,121,TG,5.290906164125207,24.331050121192877
GSD373,364,251,363,257,GSD,6.140694726419529,6.082762530298219
TG1077,153,362,170,357,TG,4.485671462556084,17.72004514666935
GSD205,327,227,333,225,GSD,6.908347004186215,6.324555320336759
TG1003,300,174,316,172,TG,5.4074725036495455,16.1245154965971
GSD250,273,421,271,428,GSD,7.183461418764644,7.280109889280518
TS426,91,411,87,402,TS,7.05974905881261,9.848857801796104
TS495,56,371,50,360,TS,6.33803914047294,12.529964086141668
TS374,418,202,424,201,TS,6.779349558158714,6.082762530298219
TS220,83,403,84,395,TS,5.829828690949108,8.06225774829855
GSD359,349,172,352,170,GSD,5.997419539899571,3.605551275463989
TS634,294,290,289,299,TS,5.376953125518565,10.295630140987
GSD29,407,283,404,288,GSD,5.544509102040726,5.830951894845301
GSD40,180,293,180,289,GSD,5.975591319961536,4.0
TS629,387,131,382,135,TS,4.733689937115592,6.4031242374328485
TS708,482,115,472,125,TS,7.372520122319628,14.142135623730951
TG261,324,157,308,173,TG,4.579968078082939,22.627416997969522
GSD76,176,343,179,343,GSD,5.031797069968505,3.0
GG709,267,187,276,186,GG,4.701984997884919,9.055385138137417
GG300,218,155,213,158,GG,4.609686588584605,5.830951894845301
TS241,116,396,100,394,TS,5.616263338898937,16.1245154965971
GSD366,428,99,432,97,GSD,4.447550414866834,4.47213595499958
TS132,367,220,375,222,TS,5.7465499118645615,8.246211251235321
TS678,151,403,161,405,TS,6.6627141106314465,10.198039027185569
GSD138,226,178,228,172,GSD,6.21511529442148,6.324555320336759
TG903,223,162,250,159,TG,5.769023034891238,27.16615541441225
TS5,359,322,365,317,TS,6.123189880566102,7.810249675906654
GG244,389,216,381,219,GG,5.413327509487876,8.54400374531753
GG702,298,191,291,188,GG,8.41852038467161,7.615773105863909
GSD394,221,377,213,370,GSD,7.7654347218562805,10.63014581273465
TG445,351,120,319,125,TG,7.412068631667337,32.38826948140329
TG509,99,389,118,394,TG,5.776736900211183,19.6468827043885
TS699,364,316,355,324,TS,6.9459399287596915,12.041594578792296
GG259,412,90,412,95,GG,5.154095274190791,5.0
TG1132,154,209,166,195,TG,4.557951503172204,18.439088914585774
GG267,253,166,257,160,GG,5.023200526936968,7.211102550927978
TS135,430,222,420,219,TS,4.746943100780221,10.44030650891055
GSD141,527,177,533,173,GSD,7.281975525989353,7.211102550927978
GSD222,392,170,390,166,GSD,5.725018856978313,4.47213595499958
GG256,426,54,430,55,GG,3.81294529802995,4.123105625617661
GG230,64,415,59,421,GG,6.458910860368411,7.810249675906654
GG544,330,112,335,118,GG,5.668609258709406,7.810249675906654
TG382,424,89,447,96,TG,7.006353116569348,24.041630560342615
GSD27,236,396,234,395,GSD,3.568905391717525,2.23606797749979
GSD382,345,132,346,135,GSD,4.684668490502691,3.1622776601683795
TG607,277,409,275,384,TG,7.088499446306887,25.079872407968907
GSD31,370,232,368,235,GSD,7.845409302781942,3.605551275463989
TG920,376,132,370,140,TG,4.605288264051304,10.0
GG202,288,191,278,192,GG,4.868195003244388,10.04987562112089
TS591,91,411,92,413,TS,4.285869959131133,2.23606797749979
GSD115,343,355,338,355,GSD,6.893241028614156,5.0
GG243,237,145,242,139,GG,3.8805593821430557,7.810249675906654
GG543,198,374,195,368,GG,5.032104832591976,6.708203932499369
TG110,315,332,339,323,TG,6.965715011683467,25.632011235952593
GSD55,461,86,462,79,GSD,6.241200212701862,7.0710678118654755
TS34,187,407,174,407,TS,6.1986484520874745,13.0
GG525,306,151,302,159,GG,5.959575401567118,8.94427190999916
TG797,372,129,361,141,TG,6.536921453000589,16.278820596099706
GG420,238,143,241,139,GG,5.389693559487275,5.0
GSD241,270,168,272,167,GSD,5.592730095085141,2.23606797749979
GG787,322,103,317,99,GG,6.326341373034168,6.4031242374328485
GSD140,259,241,258,244,GSD,5.317937741593042,3.1622776601683795
GSD325,425,128,423,131,GSD,5.4599506146061945,3.605551275463989
GG517,423,149,414,143,GG,8.556815560226681,10.816653826391969
TS66,146,240,154,237,TS,4.928272674208493,8.54400374531753
TS732,447,95,430,101,TS,7.574634175628642,18.027756377319946
GG787,334,116,330,111,GG,5.472382930103446,6.4031242374328485
TS418,433,91,441,93,TS,4.277589443958627,8.246211251235321
GSD211,329,127,328,130,GSD,6.90043034932399,3.1622776601683795
GG766,236,239,237,234,GG,4.93927525039804,5.0990195135927845
TS492,430,168,434,174,TS,5.3791058451083185,7.211102550927978
GG237,335,115,339,120,GG,6.071105980357757,6.4031242374328485
GSD59,491,179,497,179,GSD,5.9505259471802106,6.0
TG719,330,326,368,313,TG,8.640552059836043,40.162171256046406
TG519,405,107,386,124,TG,6.092496726885823,25.495097567963924
GG753,277,447,272,442,GG,4.300153976996117,7.0710678118654755
GSD177,230,152,231,156,GSD,5.767959526070946,4.123105625617661
TS502,61,426,58,435,TS,5.905247528006512,9.486832980505138
TG675,406,106,389,122,TG,5.663024758526431,23.345235059857504
TS40,391,146,391,144,TS,5.315005221821775,2.0
GG365,398,121,403,115,GG,5.202730654306361,7.810249675906654
TG1040,476,100,479,118,TG,5.89015619406987,18.24828759089466
GSD216,356,216,357,215,GSD,4.1921235846353575,1.4142135623730951
GG217,228,106,227,115,GG,8.618616974730095,9.055385138137417
TG303,459,126,479,118,TG,5.744798842535993,21.540659228538015
TG471,246,145,265,147,TG,4.976219051697514,19.1049731745428
TG989,341,153,320,168,TG,6.493730753512639,25.80697580112788
GG540,462,64,456,60,GG,6.175419638858983,7.211102550927978
GSD301,233,343,236,340,GSD,7.387975619019656,4.242640687119285
TG689,269,424,277,405,TG,6.617469081366275,20.615528128088304
GG260,322,320,325,315,GG,5.218901292557405,5.830951894845301
TG101,271,351,273,327,TG,6.522743425343924,24.08318915758459
TG1080,316,169,330,160,TG,5.121912795758286,16.64331697709324
TG326,100,294,93,314,TG,5.000301832371811,21.18962010041709
GG618,261,157,258,148,GG,5.887002539864167,9.486832980505138
TG373,367,314,350,321,TG,5.282216489335328,18.384776310850235
TG358,467,127,483,115,TG,5.454984918428692,20.0
GG439,409,306,397,308,GG,6.012665035116403,12.165525060596439
TS549,141,221,150,214,TS,5.225083148914457,11.40175425099138
TG1131,232,166,212,162,TG,5.5984019362542465,20.396078054371138
TS9,496,160,480,161,TS,6.668511748028713,16.0312195418814
TG886,261,341,275,323,TG,5.310173260563436,22.80350850198276
GSD77,223,433,219,433,GSD,4.831331850922702,4.0
TS445,254,162,258,168,TS,6.037770769529303,7.211102550927978
TG749,403,108,415,98,TG,4.391303093920017,15.620499351813308
TG437,441,93,455,96,TG,5.707781653484156,14.317821063276353
GSD295,63,394,66,394,GSD,7.295668603758907,3.0
GSD192,180,295,181,300,GSD,7.564004330236942,5.0990195135927845
TS85,467,164,457,163,TS,4.464978183265449,10.04987562112089
TS117,281,310,288,302,TS,5.425912642780611,10.63014581273465
TS431,93,395,92,409,TS,7.358653086112694,14.035668847618199
GSD111,38,440,44,441,GSD,7.025484663567866,6.082762530298219
GG564,127,456,140,458,GG,6.768241101111366,13.152946437965905
GSD386,249,155,246,151,GSD,7.827839203917641,5.0
GG83,468,163,481,162,GG,7.5627072303386935,13.038404810405298
GG237,328,111,335,115,GG,5.991336913189631,8.06225774829855
GSD337,171,427,166,427,GSD,6.528368311259911,5.0
TS5,377,302,382,292,TS,6.002168218042467,11.180339887498949
GSD307,385,150,384,151,GSD,5.0685185001160935,1.4142135623730951
GSD363,253,327,255,322,GSD,6.5921535065516395,5.385164807134504
TG821,260,444,267,426,TG,7.222646466522261,19.313207915827967
GG22,419,74,431,77,GG,7.247454306520798,12.36931687685298
TS684,92,393,90,399,TS,4.750640348782579,6.324555320336759
GSD162,427,271,430,272,GSD,6.360027593859456,3.1622776601683795
TS780,260,169,251,163,TS,5.763351682049038,10.816653826391969
TG54,233,433,219,427,TG,4.5700192965256505,15.231546211727817
GSD306,147,345,150,348,GSD,5.453430752842394,4.242640687119285
TS551,90,296,101,286,TS,6.994005886293634,14.866068747318506
TG475,202,170,184,182,TG,5.377816003801148,21.633307652783937
GSD79,259,321,260,326,GSD,6.5557335817737155,5.0990195135927845
TS121,56,369,62,383,TS,6.609442598374209,15.231546211727817
GSD324,313,212,317,207,GSD,5.877849690433777,6.4031242374328485
TS597,292,445,283,444,TS,7.494955533998727,9.055385138137417
GSD110,274,332,277,337,GSD,4.932805787168249,5.830951894845301
GSD11,490,77,484,74,GSD,5.206551796485503,6.708203932499369
GG622,174,469,183,470,GG,5.294318126659581,9.055385138137417
TG52,403,108,391,120,TG,3.571131026280602,16.97056274847714
TG637,330,326,347,323,TG,4.41350463520551,17.26267650163207
TS455,390,122,383,123,TS,6.889180250108369,7.0710678118654755
GSD229,329,340,330,336,GSD,6.330053276387424,4.123105625617661
TG854,174,406,201,411,TG,5.276722069313353,27.459060435491963
TG386,351,122,373,128,TG,5.108800156257055,22.80350850198276
GG162,324,199,332,201,GG,5.243163177184146,8.246211251235321
GSD62,439,93,435,91,GSD,6.978311399604504,4.47213595499958
TS642,468,163,481,160,TS,5.181523723294518,13.341664064126334
GSD279,514,183,510,184,GSD,5.900254427756565,4.123105625617661
TG896,272,169,298,174,TG,5.121416231526033,26.476404589747453
GSD345,228,429,231,427,GSD,7.562189391647934,3.605551275463989
TS608,99,394,89,402,TS,7.759022193172415,12.806248474865697
GG702,324,161,314,161,GG,4.31085632157753,10.0
GG607,360,283,364,294,GG,5.439256859121672,11.704699910719626
GG590,407,307,418,308,GG,6.9120684393556715,11.045361017187261
GG412,248,219,256,224,GG,6.6376148883589305,9.433981132056603
TS256,467,127,455,128,TS,5.838602475693279,12.041594578792296
GG218,257,222,266,222,GG,5.201256475972408,9.0
GG142,301,194,312,194,GG,7.984666790743688,11.0
TG330,191,353,179,356,TG,3.030887142845687,12.36931687685298
TS356,68,400,68,391,TS,7.662054398032943,9.0
GG798,236,145,243,148,GG,6.028086328613101,7.615773105863909
TS203,82,403,73,396,TS,7.528131867761953,11.40175425099138
TS753,312,171,320,165,TS,5.4622516594130115,10.0
TS36,124,396,131,399,TS,5.51041782743229,7.615773105863909
GG544,312,96,320,100,GG,6.63314837840125,8.94427190999916
TS191,214,346,202,349,TS,6.343720897009353,12.36931687685298
TG705,294,290,302,268,TG,5.717875542195294,23.40939982143925
GG772,187,355,195,359,GG,5.574614700024087,8.94427190999916
GG479,317,197,320,201,GG,4.780798596879091,5.0
GG281,399,142,405,143,GG,5.768894049464876,6.082762530298219
GSD137,314,431,318,426,GSD,6.568415017748244,6.4031242374328485
TS618,442,132,434,137,TS,7.091556190040125,9.433981132056603
TG157,202,170,216,153,TG,5.627738984711848,22.02271554554524
TS96,465,221,447,223,TS,6.568249654543264,18.110770276274835
GSD335,264,110,262,108,GSD,5.049604080914193,2.8284271247461903
GG544,304,88,306,92,GG,4.173582631901841,4.47213595499958
TG625,452,127,433,138,TG,5.307698858623499,21.95449840010015
TG912,243,143,255,151,TG,5.070664534480233,14.422205101855956
TS72,276,374,275,386,TS,6.1494376509178,12.041594578792296
GG745,263,191,272,187,GG,6.012135933507305,9.848857801796104
GG493,250,171,254,165,GG,5.194205996421058,7.211102550927978
GSD223,455,173,452,174,GSD,4.695990361839868,3.1622776601683795
GG417,392,153,388,160,GG,4.981496681092487,8.06225774829855
GSD177,231,156,234,159,GSD,8.166391640944354,4.242640687119285
GG397,453,110,453,100,GG,4.812622029194207,10.0
TG181,328,183,333,172,TG,4.703813598443548,12.083045973594572
GSD48,364,50,367,46,GSD,6.579650257235393,5.0
GG180,392,176,382,175,GG,5.524354311191676,10.04987562112089
GG597,215,263,210,266,GG,4.566153452331143,5.830951894845301
GG528,408,217,401,216,GG,4.431934215177403,7.0710678118654755
GSD7,387,348,384,352,GSD,5.341449935603558,5.0
GSD152,359,410,362,412,GSD,5.035577967279604,3.605551275463989
GSD112,475,214,472,212,GSD,5.799302389386865,3.605551275463989
GG548,369,210,371,202,GG,6.043934728267401,8.246211251235321
GG439,357,311,356,318,GG,5.608498888129581,7.0710678118654755
TG128,435,92,414,98,TG,6.7905241837086034,21.840329667841555
GG328,253,116,264,117,GG,6.269984655362326,11.045361017187261
GG797,310,402,316,397,GG,6.299251653607923,7.810249675906654
TS338,301,175,295,173,TS,6.580716867465938,6.324555320336759
TS653,239,165,243,174,TS,4.815091848142419,9.848857801796104
GG141,307,169,302,176,GG,5.905050682023145,8.602325267042627
GG231,246,258,239,257,GG,6.582650788175814,7.0710678118654755
GSD130,310,394,311,395,GSD,6.108564949326691,1.4142135623730951
GG695,391,154,396,142,GG,7.222596041303144,13.0
TG55,445,96,468,94,TG,6.364241645936921,23.08679276123039
GSD390,288,148,288,150,GSD,4.33134017179683,2.0
GSD333,348,302,345,298,GSD,5.982463803456035,5.0
TS102,474,95,479,102,TS,5.7225626959215425,8.602325267042627
TS600,357,321,347,322,TS,3.966972498997217,10.04987562112089
GG269,331,168,329,159,GG,6.486132668673783,9.219544457292887
GG90,266,500,261,492,GG,5.648404392319277,9.433981132056603
TG809,106,272,103,289,TG,5.20391280030969,17.26267650163207
GSD255,516,153,512,155,GSD,6.817867176428457,4.47213595499958
TG428,365,319,375,305,TG,5.435120704338832,17.204650534085253
GSD237,237,259,233,260,GSD,7.1451486552147845,4.123105625617661
TS23,195,410,181,407,TS,6.900605009501483,14.317821063276353
TG1181,278,403,269,426,TG,6.517658076186603,24.698178070456937
TG1004,165,359,139,369,TG,6.303892719720789,27.85677655436824
GSD142,241,484,238,485,GSD,4.798482847872613,3.1622776601683795
GSD279,494,179,487,176,GSD,6.11135137581261,7.615773105863909
GG543,218,422,208,414,GG,7.117237879189194,12.806248474865697
TS4,316,228,313,237,TS,4.821502184093396,9.486832980505138
TS675,180,407,195,410,TS,5.831665158451862,15.297058540778355
TG643,97,383,116,394,TG,6.733983599640525,21.95449840010015
GSD330,327,343,327,350,GSD,6.338995255900443,7.0
TG469,390,121,370,131,TG,5.770311530180349,22.360679774997898
TS185,275,419,281,420,TS,6.673196772099505,6.082762530298219
TG750,226,431,212,418,TG,4.652280437822098,19.1049731745428
GSD217,392,174,388,166,GSD,7.11826668187088,8.94427190999916
GG579,353,139,353,146,GG,4.600494632238959,7.0
GG527,229,128,227,116,GG,6.43221479940706,12.165525060596439
TS668,280,401,275,414,TS,5.855991931720736,13.92838827718412
TS750,496,160,484,161,TS,5.759365118967669,12.041594578792296
TS169,69,390,73,397,TS,6.1718571832779645,8.06225774829855
GG148,305,160,295,158,GG,5.022720463342683,10.198039027185569
GG644,482,163,490,162,GG,5.033592274884505,8.06225774829855
GSD388,375,209,374,212,GSD,5.04060764252605,3.1622776601683795
GG108,436,217,424,217,GG,7.092752200519713,12.0
GG392,236,137,231,130,GG,6.797760226609401,8.602325267042627
GSD98,360,411,363,415,GSD,4.745353093873511,5.0
GSD96,336,255,337,259,GSD,6.067271258408461,4.123105625617661
GG546,341,151,346,148,GG,3.8540021749650606,5.830951894845301
GG254,236,247,236,241,GG,4.983209489620531,6.0
TG391,422,91,416,97,TG,3.3042140700271494,8.48528137423857
TG1066,136,399,118,394,TG,4.214784893330899,18.681541692269406
GG83,461,162,468,163,GG,5.974553764890761,7.0710678118654755
TS169,89,402,91,410,TS,4.830173241075599,8.246211251235321
TG968,464,126,445,133,TG,4.907198672967227,20.248456731316587
GG431,267,86,271,84,GG,6.356915285479718,4.47213595499958
GG567,359,218,357,224,GG,6.052295023994914,6.324555320336759
GSD376,190,369,195,370,GSD,5.211821195282518,5.0990195135927845
GSD271,460,151,462,150,GSD,6.542029030567293,2.23606797749979
GSD328,304,421,302,419,GSD,7.720799899194937,2.8284271247461903
TG742,161,406,197,409,TG,6.534413662265069,36.124783736376884
GG407,249,329,253,322,GG,5.129139035799058,8.06225774829855
TG137,279,117,298,104,TG,5.543754825412611,23.021728866442675
TS169,91,410,91,399,TS,5.5989552324656415,11.0
GSD205,336,248,337,251,GSD,5.2618038382027805,3.1622776601683795
GG54,479,72,475,69,GG,4.788908109680877,5.0
TS134,305,174,318,173,TS,6.415413245980608,13.038404810405298
TS237,363,320,372,308,TS,5.185700971790987,15.0
TG451,361,122,342,121,TG,3.8937888724679457,19.026297590440446
GSD81,321,172,316,172,GSD,6.038381147922685,5.0
GG127,158,402,166,404,GG,4.854504711524065,8.246211251235321
GSD140,265,231,260,238,GSD,7.363491896806387,8.602325267042627
GG293,294,158,288,159,GG,5.223073529404781,6.082762530298219
TS197,429,151,434,158,TS,5.3162174519229275,8.602325267042627
GG223,464,161,458,165,GG,5.405878783622345,7.211102550927978
GG303,453,104,451,109,GG,5.721321668137184,5.385164807134504
GSD308,407,249,414,250,GSD,6.145245046692288,7.0710678118654755
GSD160,372,128,375,134,GSD,7.421157611676108,6.708203932499369
TG667,290,320,282,308,TG,6.111578250832263,14.422205101855956
GG125,260,495,257,487,GG,5.924358336308558,8.54400374531753
TG276,315,170,319,168,TG,4.11660989681293,4.47213595499958
GG412,228,218,237,219,GG,5.254839953563334,9.055385138137417
TG1082,180,407,211,417,TG,6.807855070373678,32.57299494980466
TG343,240,437,257,434,TG,7.053051949025145,17.26267650163207
GSD340,442,227,439,231,GSD,5.835413122926044,5.0
GSD108,90,403,96,404,GSD,5.216085284724109,6.082762530298219
GSD386,241,170,238,169,GSD,2.2524586758626572,3.1622776601683795
TG1099,479,103,463,95,TG,4.937720170411769,17.88854381999832
GG396,493,182,487,188,GG,6.167938738195517,8.48528137423857
GG648,374,355,365,353,GG,5.367110008049938,9.219544457292887
TS610,263,189,252,191,TS,7.103920106375959,11.180339887498949
TG1176,399,112,379,126,TG,6.067729911855943,24.413111231467404
GSD48,367,46,371,43,GSD,5.675048150827429,5.0
TS451,288,173,279,167,TS,5.5085358573916245,10.816653826391969
TG32,372,127,396,117,TG,5.224725532825398,26.0
GSD209,257,209,258,210,GSD,4.360759697451362,1.4142135623730951
GSD366,403,116,402,119,GSD,5.296690150475527,3.1622776601683795
TS7,384,125,378,126,TS,3.4502145873610752,6.082762530298219
GG445,415,103,409,110,GG,5.9682021314375,9.219544457292887
TG1188,451,98,436,91,TG,4.615069768241836,16.55294535724685
GSD397,380,291,379,293,GSD,6.1413190936239985,2.23606797749979
GG783,477,72,473,67,GG,4.187582592378961,6.4031242374328485
TS671,347,322,356,323,TS,5.868256642323463,9.055385138137417
TS660,328,172,329,183,TS,8.416348491735047,11.045361017187261
TG561,412,101,432,91,TG,7.328208274682304,22.360679774997898
TG269,375,139,370,124,TG,6.130704996238192,15.811388300841896
GG649,281,191,289,192,GG,6.083959326337965,8.06225774829855
GG517,398,130,394,125,GG,6.734101788423409,6.4031242374328485
TS671,349,347,355,335,TS,6.284187960863501,13.416407864998739
TS144,439,224,432,221,TS,4.122647700071198,7.615773105863909
TS474,157,404,173,406,TS,6.577186557705775,16.1245154965971
TG258,370,312,383,294,TG,6.655218010491545,22.20360331117452
GG549,306,146,306,137,GG,4.658564853637653,9.0
GG530,311,111,310,124,GG,6.298798745357384,13.038404810405298
GSD14,411,264,417,264,GSD,7.544602680309378,6.0
GSD306,156,359,150,359,GSD,5.257646691395053,6.0
GSD22,155,427,152,425,GSD,4.723221783368765,3.605551275463989
TS356,67,415,68,400,TS,6.103369750013735,15.033296378372908
GSD230,267,453,267,457,GSD,5.210300436102038,4.0
GG237,311,103,318,100,GG,8.066941458696228,7.615773105863909
GSD362,245,259,243,259,GSD,5.217729932791542,2.0
TS648,293,108,284,114,TS,6.7267456708445685,10.816653826391969
TS356,58,434,63,426,TS,4.689537315159608,9.433981132056603
GSD303,223,238,227,233,GSD,5.289431793188527,6.4031242374328485
GG528,393,216,385,219,GG,4.3463618361904,8.54400374531753
GG629,251,137,256,128,GG,5.578378055290456,10.295630140987
GG701,476,127,468,123,GG,4.782251365114861,8.94427190999916
TG875,187,407,160,405,TG,6.15437911203367,27.073972741361768
TG1128,228,165,252,162,TG,6.07682435105358,24.186773244895647
TS89,85,401,89,407,TS,5.88679729124334,7.211102550927978
TS630,68,410,66,419,TS,5.073799209048276,9.219544457292887
TS752,384,137,377,132,TS,5.03462054101906,8.602325267042627
GSD170,154,409,153,406,GSD,4.672675282989985,3.1622776601683795
GG437,420,103,418,99,GG,4.281954339603406,4.47213595499958
GSD101,412,303,414,297,GSD,5.804477756782063,6.324555320336759
TS302,340,359,346,352,TS,5.789990846193078,9.219544457292887
GG698,452,94,449,84,GG,5.845836193953209,10.44030650891055
TG1089,180,407,206,415,TG,6.051564357452289,27.202941017470888
GG170,106,376,97,384,GG,6.08991908262273,12.041594578792296
TS153,401,110,391,121,TS,6.2377578506342335,14.866068747318506
GSD35,323,149,326,149,GSD,5.407477284427259,3.0
GG416,249,502,257,502,GG,4.549756952341674,8.0
GSD13,271,317,270,317,GSD,6.22929709608648,1.0
GG781,310,107,311,120,GG,7.649556322586031,13.038404810405298
GG662,358,274,357,263,GG,5.1574929924685335,11.045361017187261
TG543,430,153,430,171,TG,4.657585769271928,18.0
GSD147,409,84,411,84,GSD,5.408572706615978,2.0
GSD274,320,119,322,123,GSD,5.261539840457946,4.47213595499958
GG644,442,176,450,178,GG,5.6471674074207545,8.246211251235321
GG457,237,246,237,253,GG,5.993096572864628,7.0
GG651,394,175,386,176,GG,4.9889257983848125,8.06225774829855
TG43,419,94,443,94,TG,5.910502645959944,24.0
TG755,337,121,311,129,TG,6.749643928686354,27.202941017470888
GG269,336,177,334,172,GG,4.827096170025074,5.385164807134504
GG140,415,218,419,210,GG,5.033789139984993,8.94427190999916
GSD297,284,144,282,141,GSD,5.656684794279677,3.605551275463989
TG725,139,400,172,406,TG,6.735523796507805,33.54101966249684
TS28,401,227,408,221,TS,6.251472649220375,9.219544457292887
TS280,317,194,327,183,TS,5.802820810389504,14.866068747318506
GG467,263,162,258,153,GG,6.56087077119829,10.295630140987
TG668,108,391,89,398,TG,6.344298365956089,20.248456731316587
GG485,416,218,422,216,GG,5.678401393907338,6.324555320336759
TS277,429,195,431,189,TS,7.09464850980212,6.324555320336759
GG559,498,162,487,163,GG,6.935643754748806,11.045361017187261
TS743,447,174,434,175,TS,6.923774642825016,13.038404810405298
TG631,250,342,267,338,TG,4.530153224601035,17.46424919657298
GSD42,195,367,190,367,GSD,5.42557515783664,5.0
GSD14,417,264,419,260,GSD,4.53152380474349,4.47213595499958
GG391,258,221,267,220,GG,5.717149854257034,9.055385138137417
GG713,300,205,296,197,GG,5.159671336690315,8.94427190999916
TG650,346,143,324,157,TG,5.266336968567524,26.076809620810597
GSD78,305,82,302,78,GSD,5.119763438782888,5.0
GSD350,317,95,318,94,GSD,6.290724486041698,1.4142135623730951
TS585,108,247,113,253,TS,4.19100416015843,7.810249675906654
GSD119,311,404,310,407,GSD,4.067063436053154,3.1622776601683795
GG797,316,397,322,393,GG,5.812533462689229,7.211102550927978
TS700,272,169,269,161,TS,5.1643818927002725,8.54400374531753
GG739,392,149,394,142,GG,5.166054407184451,7.280109889280518
TG901,176,356,157,363,TG,5.27588305012883,20.248456731316587
GSD319,442,118,440,123,GSD,5.2801682038268645,5.385164807134504
TS457,406,105,397,113,TS,5.6949073506878385,12.041594578792296
GG584,393,216,384,219,GG,6.299907134419778,9.486832980505138
TG177,248,160,223,162,TG,5.148315750496173,25.079872407968907
GG658,331,77,336,68,GG,6.771006088567674,10.295630140987
TG816,301,266,294,289,TG,4.961361031981306,24.041630560342615
TS408,330,124,343,121,TS,5.629119737856056,13.341664064126334
TG1194,311,332,286,320,TG,7.306203071211495,27.730849247724095
TS403,446,176,437,179,TS,5.944883807667845,9.486832980505138
GSD331,29,440,28,436,GSD,7.012544298985226,4.123105625617661
TG38,298,105,277,122,TG,7.721433495269836,27.018512172212592
GG687,363,235,365,224,GG,5.555514940965281,11.180339887498949
TS168,480,116,471,127,TS,5.911978064226209,14.212670403551895
TG1083,340,153,357,144,TG,5.512960040827429,19.235384061671343
GG368,73,405,69,406,GG,6.08954102726311,4.123105625617661
GSD333,354,311,349,307,GSD,5.847087940124844,6.4031242374328485
GSD196,296,441,297,441,GSD,4.060508837673106,1.0
GG488,457,110,465,111,GG,4.26135296189503,8.06225774829855
TS140,66,335,67,330,TS,3.822999965983781,5.0990195135927845
TG494,314,201,334,181,TG,7.709937566804181,28.284271247461902
TS98,88,347,88,358,TS,5.758005761603904,11.0
TS496,438,179,451,173,TS,7.6069257022647285,14.317821063276353
GSD352,241,233,242,230,GSD,5.211116319478055,3.1622776601683795
GG89,363,71,365,62,GG,6.061481399822213,9.219544457292887
GG543,195,368,193,358,GG,6.228594012053115,10.198039027185569
GSD9,534,149,529,151,GSD,5.686563969832191,5.385164807134504
TS323,441,223,430,222,TS,5.486806707607246,11.045361017187261
TS705,160,405,177,405,TS,7.066618186238626,17.0
TS659,388,183,390,197,TS,5.980128387352989,14.142135623730951
TG729,324,157,346,144,TG,6.8431398173497415,25.553864678361276
TG892,248,160,266,170,TG,5.641885550564727,20.591260281974
TG596,225,431,202,413,TG,6.126521177354432,29.206163733020468
GG344,440,95,432,92,GG,6.559528699297303,8.54400374531753
TG367,219,160,250,161,TG,7.130453912486107,31.016124838541646
GSD145,241,369,239,373,GSD,5.694396327760682,4.47213595499958
GG560,263,117,253,117,GG,5.296493538650949,10.0
TG350,422,91,403,109,TG,5.544390195166352,26.1725046566048
GG184,324,191,324,200,GG,5.231482588631415,9.0
TS528,448,130,462,126,TS,6.230386917407089,14.560219778561036
TS220,78,400,83,403,TS,5.820931332193209,5.830951894845301
TS377,279,172,286,171,TS,5.17187780857007,7.0710678118654755
TS567,308,247,314,233,TS,6.42531009471187,15.231546211727817
TG552,419,94,406,107,TG,5.173276667024797,18.384776310850235
TS50,428,220,412,219,TS,7.3440693577286495,16.0312195418814
GSD21,294,340,297,338,GSD,5.562337851558052,3.605551275463989
TG694,260,444,264,428,TG,5.545343504152923,16.492422502470642
GSD386,241,176,241,170,GSD,5.637549237157446,6.0
GSD41,354,210,350,212,GSD,5.966199218985164,4.47213595499958
GG608,296,317,288,316,GG,5.332259720378407,8.06225774829855
GSD144,441,228,445,232,GSD,5.7450391590413705,5.656854249492381
GG790,354,196,348,199,GG,6.1938014225636095,6.708203932499369
TS407,247,183,255,194,TS,7.329244612416929,13.601470508735444
TS190,126,244,141,242,TS,6.43461735825473,15.132745950421556
TG422,98,383,90,400,TG,5.9518853206467845,18.788294228055936
TG833,95,310,99,297,TG,3.8359695444119737,13.601470508735444
TG517,448,131,477,121,TG,7.301191134316095,30.675723300355934
TG829,397,151,420,154,TG,6.240292389696209,23.194827009486403
TS760,52,345,61,336,TS,6.310985090107513,12.727922061357855
TG333,259,144,242,141,TG,5.584559840826128,17.26267650163207
GSD325,426,125,430,121,GSD,6.800197366533826,5.656854249492381
TG203,139,400,167,405,TG,6.594954724839742,28.442925306655784
GG226,251,115,260,117,GG,6.3375819865755645,9.219544457292887
GG408,393,263,392,275,GG,6.066281831304906,12.041594578792296
GSD156,539,161,545,155,GSD,6.5698630592958125,8.48528137423857
GG548,366,217,369,210,GG,5.626356038152221,7.615773105863909
TS480,244,190,254,191,TS,5.679851393329958,10.04987562112089
TS78,218,156,215,159,TS,4.274914780458051,4.242640687119285
TS440,243,183,247,193,TS,6.120774575401361,10.770329614269007
GG273,275,368,277,384,GG,6.976822448321334,16.1245154965971
TG972,316,209,313,236,TG,5.791161601093656,27.16615541441225
GG51,99,381,110,376,GG,6.545590593172854,12.083045973594572
GG110,380,187,375,196,GG,6.305795152671229,10.295630140987
GG466,197,273,204,270,GG,6.204957620014822,7.615773105863909
GSD118,154,404,158,405,GSD,5.224075001655778,4.123105625617661
GSD7,383,352,382,355,GSD,4.301812289875336,3.1622776601683795
GSD98,352,408,357,407,GSD,6.843152219751561,5.0990195135927845
GG485,408,217,416,218,GG,5.128262797289288,8.06225774829855
TG720,330,123,310,130,TG,5.570779650499044,21.18962010041709
GG790,364,183,359,192,GG,5.630892870879245,10.295630140987
TS413,183,356,167,357,TS,5.52604742365792,16.0312195418814
GG58,219,336,229,333,GG,6.753542401862034,10.44030650891055
GG711,306,136,305,146,GG,5.6491574761179315,10.04987562112089
GG756,457,133,449,133,GG,6.755977888007568,8.0
GSD330,327,322,331,324,GSD,6.155447197082751,4.47213595499958
GSD66,365,312,370,312,GSD,6.292813218588858,5.0
GG707,399,126,395,124,GG,5.605610468787849,4.47213595499958
TG1199,417,95,443,95,TG,6.8914638719050885,26.0
GSD320,231,382,231,387,GSD,4.751903301736366,5.0
TG611,348,143,366,132,TG,6.888713221981965,21.095023109728988
GSD383,326,157,325,152,GSD,6.14560446944442,5.0990195135927845
GG644,461,163,471,162,GG,5.755103884506003,10.04987562112089
GSD145,245,358,244,365,GSD,5.375019010570421,7.0710678118654755
TS616,356,219,369,220,TS,6.580421924974494,13.038404810405298
TG162,425,89,439,97,TG,6.541430872002406,16.1245154965971
GSD205,325,240,326,236,GSD,4.648688865454932,4.123105625617661
TS110,369,220,386,226,TS,7.834052114149726,18.027756377319946
TG1011,470,95,450,98,TG,5.113686659995197,20.223748416156685
GSD86,271,389,275,388,GSD,5.69636236551931,4.123105625617661
GSD185,324,157,324,161,GSD,6.281690810854698,4.0
TG503,192,407,217,424,TG,6.571900899534176,30.23243291566195
TS178,461,96,464,97,TS,4.151627722775875,3.1622776601683795
TS352,276,457,269,452,TS,5.288284232849997,8.602325267042627
GG665,350,163,352,156,GG,4.150842328868439,7.280109889280518
GG799,357,124,351,130,GG,6.450429471281929,8.48528137423857
TG112,353,321,368,315,TG,4.726511956191711,16.15549442140351
GG223,498,162,485,162,GG,7.351319451880046,13.0
TS30,280,117,287,113,TS,5.255873087690836,8.06225774829855
TS274,467,127,476,123,TS,5.563011506551191,9.848857801796104
TS48,355,100,364,108,TS,6.778760927916575,12.041594578792296
TS231,63,337,66,331,TS,5.024869458526897,6.708203932499369
TS464,474,95,480,93,TS,4.924864597144053,6.324555320336759
TG9,349,142,328,153,TG,5.20249074520988,23.706539182259394
TG204,259,165,276,170,TG,5.332116544600049,17.72004514666935
TG1045,117,370,101,379,TG,5.166152408410699,18.35755975068582
TG401,483,93,462,95,TG,6.7622986054826395,21.095023109728988
TG683,279,171,253,162,TG,5.601158946740073,27.51363298439521
GG16,328,215,321,211,GG,5.077940064404469,8.06225774829855
GG457,237,253,236,260,GG,5.133242076644683,7.0710678118654755
GG712,390,305,401,307,GG,5.963228565253697,11.180339887498949
TG909,430,153,430,173,TG,5.369374284340592,20.0
GG761,262,143,269,130,GG,7.220929185207726,14.7648230602334
GG492,268,186,258,192,GG,6.863551812585172,11.661903789690601
GSD25,476,176,469,174,GSD,6.697636737034657,7.280109889280518
TG290,324,173,329,183,TG,6.507622400052064,11.180339887498949
GG80,438,67,438,56,GG,5.866471120154959,11.0
GSD184,370,215,374,217,GSD,6.130364254247713,4.47213595499958
TG644,487,92,477,102,TG,5.276486518903929,14.142135623730951
GG206,368,124,359,121,GG,5.400659038353531,9.486832980505138
GG146,237,210,240,201,GG,5.946411929118984,9.486832980505138
GG295,315,230,309,241,GG,7.386672350190651,12.529964086141668
TS645,89,298,95,290,TS,6.303880686961651,10.0
GG690,352,193,345,183,GG,7.207282498381543,12.206555615733702
GG614,405,103,395,99,GG,6.5842393475820025,10.770329614269007
GSD178,266,123,268,122,GSD,5.3553045836672695,2.23606797749979
GG529,111,446,103,446,GG,4.92649859903552,8.0
GSD125,225,350,225,352,GSD,5.122740307894279,2.0
GG298,455,82,465,81,GG,6.512263016523178,10.04987562112089
GG427,308,253,307,245,GG,3.9737282831536227,8.06225774829855
GSD383,324,148,324,147,GSD,5.0714322271085415,1.0
GSD127,218,210,217,204,GSD,6.256998747939086,6.082762530298219
TS471,189,414,178,412,TS,4.5744812213573125,11.180339887498949
TS561,220,159,220,152,TS,6.520704450858004,7.0
GG399,323,161,315,161,GG,5.2298474774521395,8.0
TG15,482,115,457,127,TG,6.738156539260427,27.730849247724095
TS473,275,146,291,143,TS,6.434422058286737,16.278820596099706
TG640,374,128,385,134,TG,4.572707727396893,12.529964086141668
GSD69,331,178,334,177,GSD,4.337478378473674,3.1622776601683795
GSD366,399,119,395,120,GSD,6.095705700680597,4.123105625617661
GSD229,361,339,362,342,GSD,4.890506908927051,3.1622776601683795
TG960,383,297,385,279,TG,5.399740137068791,18.110770276274835
TS150,351,324,360,323,TS,3.9894703556063433,9.055385138137417
GSD35,326,149,330,147,GSD,6.092417270751739,4.47213595499958
GSD284,125,415,120,411,GSD,8.431542771646848,6.4031242374328485
GG284,275,384,274,393,GG,5.820131961620523,9.055385138137417
GG166,436,74,428,76,GG,7.223899058954699,8.246211251235321
GSD34,434,115,431,109,GSD,6.801235327809625,6.708203932499369
TG563,157,404,176,406,TG,4.7676327594622325,19.1049731745428
TS114,396,151,407,154,TS,6.523207551474535,11.40175425099138
GSD377,292,340,291,340,GSD,4.947567073976131,1.0
GG87,55,425,54,431,GG,4.016816865172014,6.082762530298219
GG353,294,158,302,158,GG,5.374777409092822,8.0
TS63,467,127,475,122,TS,5.208875502432631,9.433981132056603
GG528,401,216,393,216,GG,5.184795709466332,8.0
TS744,103,276,105,268,TS,5.156430507595944,8.246211251235321
GG347,323,199,323,204,GG,6.995763711047838,5.0
GG785,262,189,262,176,GG,8.792783599694324,13.0
GG710,520,166,516,171,GG,4.227060083824416,6.4031242374328485
GG332,242,188,239,198,GG,5.765533911058685,10.44030650891055
GSD329,318,203,323,206,GSD,8.252797687194622,5.830951894845301
TG269,370,124,338,123,TG,6.634231089997499,32.01562118716424
TG987,275,373,279,402,TG,5.309006906460606,29.274562336608895
TS251,287,173,281,167,TS,6.185077153781261,8.48528137423857
GG28,242,183,234,180,GG,4.856797088024442,8.54400374531753
TG1098,455,125,477,121,TG,5.625436246240763,22.360679774997898
GG562,267,444,268,436,GG,5.968782892144367,8.06225774829855
GSD113,492,207,492,211,GSD,5.175024445603633,4.0
GSD168,353,188,358,187,GSD,7.127785111749059,5.0990195135927845
TG618,344,322,318,331,TG,6.352700918048679,27.51363298439521
TG402,340,85,357,77,TG,5.077992861093215,18.788294228055936
GG35,455,183,452,177,GG,4.862648797577732,6.708203932499369
TS27,252,164,256,165,TS,6.824154235862366,4.123105625617661
TG347,264,139,260,156,TG,5.016041073597037,17.46424919657298
TG420,259,144,274,145,TG,5.866199277319745,15.033296378372908
GG487,340,173,336,173,GG,4.226608714604697,4.0
GG208,414,110,406,112,GG,7.9481802782357,8.246211251235321
GG137,267,442,269,441,GG,5.471903545057593,2.23606797749979
TG933,139,400,161,405,TG,5.98537056885106,22.561028345356956
GG675,431,182,438,192,GG,6.027649128428658,12.206555615733702
GG637,426,106,434,109,GG,4.812545347552968,8.54400374531753
TS60,386,272,386,285,TS,6.171981358984647,13.0
GG799,331,121,340,121,GG,5.660671637657626,9.0
TG375,476,97,483,113,TG,4.001260364242055,17.46424919657298
GG396,506,175,496,177,GG,5.886056831320967,10.198039027185569
GG603,411,39,417,46,GG,4.9940028311630495,9.219544457292887
GSD167,297,171,302,172,GSD,8.173958140199225,5.0990195135927845
GG530,310,124,321,122,GG,5.579476914635773,11.180339887498949
TG963,274,367,272,354,TG,3.405155738448469,13.152946437965905
TS63,483,110,474,96,TS,6.855331077341415,16.64331697709324
GSD285,392,151,389,153,GSD,6.068624290383922,3.605551275463989
TG280,345,120,320,126,TG,5.549316856263541,25.709920264364882
TS214,121,395,106,391,TS,6.23094732872106,15.524174696260024
GSD121,426,127,429,124,GSD,5.842352925035258,4.242640687119285
TG677,321,87,302,101,TG,6.8410421453471,23.600847442411894
TS123,389,140,392,148,TS,6.487951649169905,8.54400374531753
TG1009,125,228,145,217,TG,5.465618060972509,22.825424421026653
GG479,320,201,326,196,GG,6.018751857052219,7.810249675906654
GSD27,229,395,227,392,GSD,2.88484428921301,3.605551275463989
GG726,127,457,136,458,GG,7.696899055794853,9.055385138137417
GG335,149,316,160,316,GG,9.080125879408572,11.0
GSD22,152,425,146,426,GSD,5.752735037648568,6.082762530298219
TG184,279,171,302,175,TG,4.875881344755796,23.345235059857504
TS665,448,96,459,98,TS,5.96949595825285,11.180339887498949
GSD68,339,347,341,348,GSD,7.526577309537927,2.23606797749979
GG9,306,142,309,132,GG,6.306406843252023,10.44030650891055
TS492,431,154,430,168,TS,6.165239735027143,14.035668847618199
TG584,401,112,383,125,TG,5.738499343014421,22.20360331117452
TS85,496,160,491,160,TS,3.26756950060163,5.0
TG337,259,144,245,146,TG,5.547064682260487,14.142135623730951
GSD132,369,130,369,132,GSD,4.337025408326156,2.0
TS668,287,418,301,412,TS,5.627806542690532,15.231546211727817
TG1146,249,440,261,430,TG,4.951098000076841,15.620499351813308
TS558,441,223,455,223,TS,6.173570232922836,14.0
TS241,100,394,92,392,TS,4.648055111777582,8.246211251235321
GG693,458,160,458,148,GG,5.398829172285435,12.0
TS679,78,400,81,402,TS,5.702595391628908,3.605551275463989
TS74,125,396,138,400,TS,7.058762276598639,13.601470508735444
GG257,414,80,412,88,GG,6.814151355665793,8.246211251235321
GSD168,347,195,350,194,GSD,4.585671013430388,3.1622776601683795
TS387,301,324,314,332,TS,6.1949555444296855,15.264337522473747
GSD313,467,204,471,203,GSD,6.403602636068058,4.123105625617661
TS209,230,166,238,164,TS,5.215575985547717,8.246211251235321
TG226,330,124,354,122,TG,5.656827053128463,24.08318915758459
TG946,313,90,301,103,TG,4.849280961763679,17.69180601295413
TS580,302,267,307,258,TS,5.692764228062735,10.295630140987
TG934,318,331,293,321,TG,6.745354200600482,26.92582403567252
GSD329,306,198,308,198,GSD,5.1372630271559565,2.0
TG722,464,95,434,99,TG,6.919292275045594,30.265491900843113
TG856,497,81,488,92,TG,3.403865430514005,14.212670403551895
GG692,395,215,386,217,GG,6.558984525143642,9.219544457292887
TS687,401,111,397,114,TS,3.566370986949698,5.0
GG748,459,139,457,150,GG,6.068039850583952,11.180339887498949
GSD154,316,153,320,152,GSD,6.93319938947689,4.123105625617661
GSD316,334,278,330,278,GSD,5.5690462896995285,4.0
TG410,114,242,107,264,TG,6.5660108482103645,23.08679276123039
GSD331,28,420,26,422,GSD,5.148945550595738,2.8284271247461903
GG706,439,108,437,102,GG,5.540370659526861,6.324555320336759
GG364,371,205,373,199,GG,5.227270847905744,6.324555320336759
GG361,272,355,268,347,GG,6.672935671634177,8.94427190999916
GSD334,271,330,268,327,GSD,6.901144401676695,4.242640687119285
GG175,360,303,362,300,GG,3.3646391541215905,3.605551275463989
GSD369,356,304,356,300,GSD,5.0697926416548,4.0
TS140,67,330,71,317,TS,5.087999781431881,13.601470508735444
GSD399,347,93,350,92,GSD,5.658943227076918,3.1622776601683795
TG526,417,208,432,187,TG,6.019676628709887,25.80697580112788
GSD141,536,170,538,165,GSD,6.00131253294056,5.385164807134504
GG194,239,276,237,267,GG,7.420584468879003,9.219544457292887
GSD116,446,138,444,140,GSD,6.06218791218657,2.8284271247461903
TG1051,372,308,385,293,TG,5.205882620112713,19.849433241279208
TG53,272,169,255,163,TG,4.972960123573579,18.027756377319946
GSD323,388,153,388,148,GSD,6.8365584774248305,5.0
TS243,173,410,183,413,TS,5.913994517483381,10.44030650891055
TS677,429,221,435,223,TS,3.095449010519264,6.324555320336759
GSD153,397,116,398,120,GSD,6.55655834555256,4.123105625617661
TS757,237,168,232,166,TS,4.36548053644533,5.385164807134504
TS456,91,411,94,420,TS,6.385816586932506,9.486832980505138
GG620,249,141,247,147,GG,4.590659263417095,6.324555320336759
TS17,380,126,373,130,TS,3.3908530371878616,8.06225774829855
GSD72,233,387,236,384,GSD,4.587727058887808,4.242640687119285
GSD69,334,177,329,174,GSD,5.0898671552745665,5.830951894845301
TG518,226,346,249,343,TG,5.376884290518616,23.194827009486403
TS710,309,177,312,174,TS,4.204566536943231,4.242640687119285
GG484,293,293,289,299,GG,6.935980007317876,7.211102550927978
GG662,357,263,359,256,GG,5.278482623929246,7.280109889280518
TG682,424,88,410,102,TG,4.417605241649978,19.79898987322333
GG29,420,134,418,129,GG,4.85234485656424,5.385164807134504
TG358,483,115,476,99,TG,5.750332602883518,17.46424919657298
TS121,48,358,56,369,TS,6.745921890787591,13.601470508735444
TS501,245,173,241,180,TS,6.579600099672916,8.06225774829855
TS748,293,174,283,171,TS,6.027117972424065,10.44030650891055
TS536,130,245,141,242,TS,5.17148965768077,11.40175425099138
TS240,292,327,305,330,TS,6.223037118842555,13.341664064126334
GG74,348,184,340,176,GG,5.458304498477553,11.313708498984761
TS267,75,314,82,305,TS,6.011236734832508,11.40175425099138
TS719,318,168,309,176,TS,5.228274374287466,12.041594578792296
TG893,202,170,182,183,TG,5.245367906357252,23.853720883753127
TG894,92,391,80,403,TG,4.583201722811435,16.97056274847714
TS676,478,106,475,95,TS,6.890894551449648,11.40175425099138
GSD15,328,319,328,323,GSD,7.400626260569078,4.0
GSD235,324,148,326,143,GSD,7.36210766475746,5.385164807134504
TS692,392,178,391,167,TS,4.946918387142775,11.045361017187261
GSD166,446,116,442,114,GSD,7.0285817117013885,4.47213595499958
TG100,271,351,272,330,TG,6.836174446978902,21.02379604162864
TS543,260,443,265,450,TS,5.994927185901799,8.602325267042627
TS642,448,175,454,168,TS,5.733551821168231,9.219544457292887
GSD51,186,307,188,311,GSD,7.123026661671259,4.47213595499958
GG518,458,139,460,147,GG,5.228335018074674,8.246211251235321
TS581,381,293,381,280,TS,5.655357753534243,13.0
GG700,305,142,307,150,GG,6.521491525306708,8.246211251235321
TG804,256,149,291,142,TG,7.357094058996866,35.6931365951495
GSD21,283,345,290,341,GSD,7.4161415525625305,8.06225774829855
TG45,207,416,221,430,TG,4.709286397490921,19.79898987322333
GG72,343,85,350,83,GG,6.240731069958575,7.280109889280518
GG263,125,369,131,371,GG,6.097062726141942,6.324555320336759
TG469,403,108,390,121,TG,4.178058750120689,18.384776310850235
GG427,303,263,308,253,GG,7.43559777306054,11.180339887498949
TG1185,99,390,91,399,TG,5.132652083626677,12.041594578792296
GG298,474,92,479,90,GG,5.463076813407838,5.385164807134504
TG760,185,356,210,346,TG,6.552358002837206,26.92582403567252
TS298,263,329,252,338,TS,6.847668914471227,14.212670403551895
GSD113,493,200,493,203,GSD,5.100807301394099,3.0
GSD32,338,251,338,253,GSD,4.685026374820367,2.0
TS308,243,161,239,165,TS,7.306923816696841,5.656854249492381
TS589,78,370,75,358,TS,6.921557665270663,12.36931687685298
TS524,318,333,309,334,TS,4.711178892799042,9.055385138137417
TG1158,396,245,386,260,TG,5.45869585409544,18.027756377319946
TS738,261,156,259,148,TS,7.073633588590106,8.246211251235321
GG512,482,97,474,93,GG,6.478593065916346,8.94427190999916
TS86,274,356,266,343,TS,7.947886813983963,15.264337522473747
GSD195,461,105,461,107,GSD,4.7557081955634075,2.0
TG775,252,343,271,329,TG,5.489072967645239,23.600847442411894
GSD367,527,162,524,154,GSD,8.76834351656635,8.54400374531753
TS242,212,345,205,349,TS,3.5531571445860806,8.06225774829855
TG920,390,121,376,132,TG,6.525068220312147,17.804493814764857
TG939,186,407,206,416,TG,6.550817758851018,21.93171219946131
TG24,317,88,303,101,TG,4.940941809094259,19.1049731745428
TG446,387,260,386,285,TG,6.169920292102893,25.019992006393608
GSD380,407,228,408,228,GSD,5.262079386699971,1.0
TS65,358,219,369,221,TS,5.829050856831745,11.180339887498949
TG283,158,362,134,369,TG,5.865857385966294,25.0
GSD264,26,433,25,440,GSD,7.305145697387995,7.0710678118654755
TS365,238,163,244,163,TS,5.7338149942057095,6.0
TG634,429,145,411,154,TG,4.836424321895538,20.12461179749811
TG162,408,104,425,89,TG,5.999897660844734,22.67156809750927
TS484,410,101,405,108,TS,4.474545510502068,8.602325267042627
GSD179,247,152,248,149,GSD,5.182340074116951,3.1622776601683795
GSD71,270,142,275,145,GSD,6.598457629236641,5.830951894845301
GG241,512,161,500,162,GG,6.41394723982176,12.041594578792296
TG570,318,173,331,182,TG,6.018946554907795,15.811388300841896
TG276,309,177,315,170,TG,6.01313284805452,9.219544457292887
TG565,483,91,497,81,TG,5.138995638364092,17.204650534085253
GG574,306,157,306,150,GG,5.691976643233279,7.0
TG189,257,163,275,171,TG,6.059429071849453,19.697715603592208
TS135,479,218,466,219,TS,6.153758926485831,13.038404810405298
TG948,136,399,113,392,TG,4.992275067674232,24.041630560342615
GG800,421,95,428,92,GG,5.214244999523231,7.615773105863909
GSD9,523,154,524,154,GSD,4.20924813771968,1.0
TG424,378,139,349,147,TG,7.007548902491636,30.083217912982647
TS338,285,173,279,172,TS,5.378805308803852,6.082762530298219
GSD233,327,313,326,317,GSD,6.06805592741005,4.123105625617661
GSD282,440,242,439,248,GSD,6.501160828042302,6.082762530298219
TS430,416,219,434,222,TS,6.943689462866962,18.24828759089466
GSD52,415,249,420,250,GSD,6.684750828636702,5.0990195135927845
GG679,364,236,361,247,GG,6.319860518899063,11.40175425099138
TS729,414,98,403,110,TS,7.16072657367739,16.278820596099706
GG609,453,102,454,109,GG,4.406623779652751,7.0710678118654755
GSD44,350,200,350,204,GSD,5.015310002475907,4.0
TG691,248,160,268,168,TG,5.6203867726675085,21.540659228538015
GG711,304,160,297,158,GG,6.222757609987383,7.280109889280518
TS617,163,359,178,356,TS,6.684615442750416,15.297058540778355
GG10,119,373,127,372,GG,5.460233936818801,8.06225774829855
GSD140,258,244,256,247,GSD,6.267660390113214,3.605551275463989
GSD157,228,429,222,428,GSD,7.089060359904746,6.082762530298219
TS691,89,369,88,349,TS,7.2100646192250135,20.024984394500787
GG163,276,190,283,191,GG,3.972414667591295,7.0710678118654755
GSD372,316,90,316,91,GSD,5.4573129943061245,1.0
GG463,219,186,211,185,GG,6.0245710588386,8.06225774829855
TS72,271,351,274,358,TS,3.6334412117548864,7.615773105863909
GSD337,198,434,194,432,GSD,5.841324672307733,4.47213595499958
TS186,401,236,405,227,TS,6.207452460697199,9.848857801796104
GSD216,342,212,347,213,GSD,7.011744853293716,5.0990195135927845
TS752,389,140,384,137,TS,5.834190402139044,5.830951894845301
TS382,293,195,281,190,TS,6.458175464908889,13.0
TS406,388,146,378,137,TS,5.730282662344223,13.45362404707371
GG759,390,306,383,306,GG,4.529608572495139,7.0
TS251,281,167,274,164,TS,4.908923019240881,7.615773105863909
GSD104,304,124,305,124,GSD,5.610590576270763,1.0
GSD95,401,317,400,313,GSD,5.794752584443694,4.123105625617661
TG1060,280,117,268,135,TG,5.957105344864705,21.633307652783937
GSD255,507,156,504,156,GSD,4.7480695933219295,3.0
GG413,419,142,414,145,GG,5.059455969967177,5.830951894845301
GSD56,338,83,338,82,GSD,5.4670164069054055,1.0
GG509,363,67,366,61,GG,5.121434783560148,6.708203932499369
TG717,325,87,311,92,TG,3.483717444754184,14.866068747318506
TS558,455,223,465,221,TS,4.522994532694284,10.198039027185569
GG129,181,343,181,348,GG,5.461049636245765,5.0
GSD391,430,105,428,103,GSD,6.2247040953260395,2.8284271247461903
GG152,394,144,390,155,GG,5.23485281896761,11.704699910719626
GG42,141,460,148,465,GG,4.78971188687559,8.602325267042627
TS759,265,188,256,190,TS,4.353409954835666,9.219544457292887
TG406,256,146,271,127,TG,6.081962160855938,24.20743687382041
GG481,440,60,448,61,GG,5.330190227836708,8.06225774829855
GG744,516,161,525,158,GG,6.601966906131551,9.486832980505138
TS223,246,343,256,342,TS,5.244885323450443,10.04987562112089
GG761,272,123,279,120,GG,4.4426320562625605,7.615773105863909
TS180,432,91,441,94,TS,4.846396368130281,9.486832980505138
GG796,432,108,421,105,GG,7.681512332294805,11.40175425099138
TS231,56,344,63,337,TS,7.086333862861872,9.899494936611665
TG141,198,351,181,356,TG,5.183162977556757,17.72004514666935
GG159,402,215,411,217,GG,5.6053810265640625,9.219544457292887
GSD246,361,129,362,127,GSD,5.103220982101025,2.23606797749979
TS19,487,91,479,93,TS,4.834550231739574,8.246211251235321
TS695,472,95,460,96,TS,6.0620714883051114,12.041594578792296
GG271,429,75,423,73,GG,5.18964789338322,6.324555320336759
GSD143,362,177,360,176,GSD,6.524449524158385,2.23606797749979
GG289,430,163,426,159,GG,4.665683650280592,5.656854249492381
TG706,396,116,415,97,TG,5.957146116810263,26.870057685088806
TG553,283,168,266,159,TG,5.259548180583173,19.235384061671343
GG338,415,100,411,92,GG,6.327020884425936,8.94427190999916
GG344,449,96,440,95,GG,5.226715012621915,9.055385138137417
GSD48,364,56,364,50,GSD,5.752347622802663,6.0
TG191,176,405,205,414,TG,6.090552221921365,30.364452901377952
TG217,318,173,299,174,TG,6.22504743510582,19.026297590440446
GG635,272,116,270,119,GG,5.678559183029888,3.605551275463989
TS605,80,375,77,365,TS,5.891394952207312,10.44030650891055
TG993,281,318,306,331,TG,6.748336699657421,28.178005607210743
GSD128,173,410,176,411,GSD,5.065092262787598,3.1622776601683795
GSD187,276,113,276,116,GSD,4.883639497318708,3.0
GSD146,327,249,335,251,GSD,7.9273486684567445,8.246211251235321
GG765,449,109,440,110,GG,6.934310919146146,9.055385138137417
GSD41,350,204,349,200,GSD,4.642865646708806,4.123105625617661
GG757,227,109,226,120,GG,6.851266706478963,11.045361017187261
GSD216,366,216,366,213,GSD,5.570542503173172,3.0
GSD212,29,437,28,440,GSD,5.390958848875952,3.1622776601683795
GG589,363,294,362,285,GG,6.6635167858739575,9.055385138137417
TG983,321,87,339,85,TG,4.090476229993257,18.110770276274835
GG555,195,395,196,407,GG,6.232568517538702,12.041594578792296
TS578,407,106,400,112,TS,5.625794256110539,9.219544457292887
TG1170,336,87,314,90,TG,4.75551798230906,22.20360331117452
TS786,488,91,483,93,TS,5.6104808206161785,5.385164807134504
GG713,296,197,297,193,GG,6.142198165637089,4.123105625617661
TG50,260,444,238,435,TG,5.910228071684076,23.769728648009426
GSD339,456,225,451,225,GSD,7.401668280966984,5.0
TS529,273,325,282,318,TS,5.752233112384624,11.40175425099138
TS536,122,245,130,245,TS,3.246801657828775,8.0
GSD158,189,395,190,392,GSD,6.062631301447844,3.1622776601683795
GSD212,28,440,22,439,GSD,5.496816526479805,6.082762530298219
TG1106,302,267,307,248,TG,4.127309418761491,19.6468827043885
TS280,308,205,314,203,TS,5.904080950649938,6.324555320336759
GG567,357,224,353,230,GG,5.089598770421979,7.211102550927978
TS755,348,217,333,214,TS,7.1883991137689485,15.297058540778355
GG552,430,160,424,153,GG,6.209544968496523,9.219544457292887
GSD266,328,358,330,359,GSD,7.071487379815995,2.23606797749979
GSD150,420,184,418,186,GSD,5.971315769338553,2.8284271247461903
TG905,280,166,262,158,TG,5.109186102031323,19.697715603592208
GG155,521,163,518,170,GG,4.802710687758832,7.615773105863909
TG20,187,408,205,414,TG,4.9752816944763385,18.973665961010276
GG251,87,403,94,408,GG,5.510615629256932,8.602325267042627
TS48,364,108,372,113,TS,6.316746088897085,9.433981132056603
GG542,331,285,332,276,GG,4.374860645752609,9.055385138137417
TS258,499,160,513,157,TS,6.579510084709213,14.317821063276353
GG145,125,369,125,373,GG,5.618671105847632,4.0
GG553,485,162,474,163,GG,6.973141993904569,11.045361017187261
GG244,376,222,366,223,GG,6.866793167332858,10.04987562112089
GSD137,318,426,320,425,GSD,4.060300713457792,2.23606797749979
GSD142,254,472,250,475,GSD,6.416342038043149,5.0
GG732,109,446,100,444,GG,6.125886062045088,9.219544457292887
TG1047,281,144,259,149,TG,5.672362833170601,22.561028345356956
GSD322,465,162,467,163,GSD,5.517677671009441,2.23606797749979
GG624,311,124,317,124,GG,4.316369263314005,6.0
GG208,417,123,414,110,GG,6.9851919366635835,13.341664064126334
TG961,428,90,457,97,TG,6.4276787198200935,29.832867780352597
GSD371,336,300,338,301,GSD,4.626094149152291,2.23606797749979
GG671,420,132,420,137,GG,4.32453846545545,5.0
GG273,270,349,273,354,GG,5.612302850068498,5.830951894845301
GSD396,400,317,401,313,GSD,6.061559624147602,4.123105625617661
TG12,228,166,215,158,TG,3.906248713850207,15.264337522473747
TS574,441,223,431,221,TS,5.817547692731028,10.198039027185569
TG338,422,153,433,165,TG,6.011971599262223,16.278820596099706
GG298,458,62,453,60,GG,3.9278576334722644,5.385164807134504
TS698,152,403,141,400,TS,5.785163542572368,11.40175425099138
TS478,255,438,260,432,TS,4.978520661956699,7.810249675906654
GG237,311,126,311,116,GG,6.36780339376462,10.0
GSD234,227,431,229,434,GSD,5.83652612187989,3.605551275463989
TG775,198,350,222,348,TG,5.745307508547992,24.08318915758459
TG1189,226,431,212,418,TG,4.496346578954404,19.1049731745428
TG977,347,322,310,330,TG,8.512607701600404,37.8549864614954
GG786,454,132,453,125,GG,5.040579197430773,7.0710678118654755
GG633,270,442,266,436,GG,5.671030666210556,7.211102550927978
TS349,102,291,100,295,TS,3.7620154054902173,4.47213595499958
GSD84,286,412,289,412,GSD,6.069679226604563,3.0
GG19,258,459,255,461,GG,4.5569384466705465,3.605551275463989
TG579,370,131,353,120,TG,5.098337509585461,20.248456731316587
GSD265,434,270,437,267,GSD,5.6419113517477175,4.242640687119285
GSD333,349,307,348,302,GSD,5.950773084227258,5.0990195135927845
GG119,244,138,249,142,GG,6.703128946002776,6.4031242374328485
TS650,369,220,352,218,TS,8.622065227994462,17.11724276862369
GG206,359,121,362,112,GG,6.160417315181345,9.486832980505138
GSD183,209,370,207,367,GSD,5.169405570453918,3.605551275463989
GG462,247,331,255,322,GG,5.897859651712316,12.041594578792296
TS141,329,326,341,323,TS,5.204042554703305,12.36931687685298
GSD316,330,278,328,277,GSD,4.9761804174277735,2.23606797749979
GSD299,372,305,372,309,GSD,6.904723469636494,4.0
GG207,443,59,455,60,GG,6.355168649576037,12.041594578792296
TG474,336,87,356,78,TG,6.016874243231367,21.93171219946131
TS17,399,112,394,118,TS,5.654131872849359,7.810249675906654
GG475,259,193,265,191,GG,6.007001569827535,6.324555320336759
GSD296,43,441,39,441,GSD,6.945069726417207,4.0
TS459,83,396,83,386,TS,5.612807931156101,10.0
GG222,352,151,348,148,GG,5.812725053612995,5.0
GG200,475,162,488,161,GG,6.209592061084127,13.038404810405298
GSD330,319,349,317,345,GSD,7.381613919572857,4.47213595499958
TG909,430,173,431,187,TG,4.82264159818246,14.035668847618199
GG108,414,218,405,216,GG,7.691729498452197,9.219544457292887
GSD71,256,130,261,132,GSD,5.832111739757021,5.385164807134504
GSD25,450,189,451,186,GSD,5.323017002695542,3.1622776601683795
TG538,497,81,475,93,TG,6.097197721192301,25.059928172283335
GG732,100,444,91,444,GG,8.097064613987582,9.0
GSD380,406,222,402,220,GSD,6.754984697600399,4.47213595499958
GG255,317,210,323,204,GG,5.873976381460066,8.48528137423857
TS103,147,402,137,400,TS,5.848832869574796,10.198039027185569
GG626,362,108,362,111,GG,5.447322238813584,3.0
GSD196,312,431,313,428,GSD,5.630038480797353,3.1622776601683795
GSD26,415,181,420,184,GSD,6.646740804162128,5.830951894845301
TS727,315,172,307,172,TS,6.394139487894174,8.0
GG786,446,135,454,132,GG,5.760804095355624,8.54400374531753
GSD47,234,386,232,384,GSD,6.350658272708792,2.8284271247461903
TS443,281,144,268,147,TS,8.024718286028968,13.341664064126334
TS426,83,396,84,390,TS,4.988955805135456,6.082762530298219
TS219,80,394,88,390,TS,5.471509576396311,8.94427190999916
TG357,349,322,371,309,TG,5.365450795626122,25.553864678361276
GG77,350,121,340,120,GG,6.051012361349052,10.04987562112089
GSD326,395,124,395,122,GSD,5.612665606822049,2.0
TS127,339,360,337,372,TS,6.712253466597564,12.165525060596439
GG493,255,188,248,186,GG,6.670028805989537,7.280109889280518
GG18,70,407,77,406,GG,6.83116726047857,7.0710678118654755
TG527,366,315,378,301,TG,5.564236553923245,18.439088914585774
TS681,90,391,99,393,TS,6.298058006206034,9.219544457292887
GSD219,384,110,382,106,GSD,5.694709764719937,4.47213595499958
TG690,140,401,109,392,TG,6.343877967460666,32.28002478313795
GSD332,351,156,355,156,GSD,4.974306961792088,4.0
TS6,290,172,285,174,TS,6.367336819228957,5.385164807134504
TG923,470,95,449,97,TG,6.158072571388697,21.095023109728988
GG653,330,216,330,219,GG,6.424228233174114,3.0
GG711,312,118,310,128,GG,6.203434542996204,10.198039027185569
TG826,347,321,328,328,TG,5.595749568902011,20.248456731316587
GG155,493,161,506,162,GG,6.8227507310798,13.038404810405298
TS753,303,175,312,171,TS,6.624254905456625,9.848857801796104
TS409,322,167,314,172,TS,7.293360056150033,9.433981132056603
TG629,461,96,478,95,TG,4.236445601514603,17.029386365926403
TG67,482,108,467,127,TG,6.4330207874756775,24.20743687382041
GG92,298,202,298,197,GG,5.961105201389166,5.0
TS201,312,174,315,172,TS,7.034557544583916,3.605551275463989
TS100,350,82,343,85,TS,5.886169635163722,7.615773105863909
TS142,46,357,51,366,TS,5.203726283215439,10.295630140987
TG21,226,165,210,164,TG,5.097792611643588,16.0312195418814
GG800,428,92,433,85,GG,5.537765264206719,8.602325267042627
GSD361,299,339,301,342,GSD,4.202552703380501,3.605551275463989
TS647,48,456,51,448,TS,5.903350711498903,8.54400374531753
TS292,183,329,177,321,TS,4.861428333208531,10.0
GG571,435,93,429,92,GG,3.9389303706606933,6.082762530298219
GG99,257,147,262,139,GG,6.230503938701753,9.433981132056603
GSD257,480,161,481,157,GSD,6.971788186125551,4.123105625617661
TG759,362,136,335,149,TG,6.223767140246428,29.966648127543394
GSD225,443,131,442,126,GSD,5.232286057186368,5.0990195135927845
TS540,256,151,249,146,TS,5.056373152766074,8.602325267042627
GSD271,463,152,463,158,GSD,5.569756406871871,6.0
GSD244,231,153,227,148,GSD,5.785764819698926,6.4031242374328485
TG888,211,417,187,408,TG,6.597938352466108,25.632011235952593
GSD214,430,95,430,91,GSD,5.94991724635182,4.0
GSD39,393,155,396,155,GSD,4.77013943744757,3.0
TS112,263,330,251,339,TS,6.397658982318027,15.0
GG703,359,208,358,203,GG,5.351324490795598,5.0990195135927845
TS45,313,401,318,395,TS,5.068777311380722,7.810249675906654
GG298,461,93,474,92,GG,7.47884340519613,13.038404810405298
GG167,453,117,455,109,GG,5.681663835476234,8.246211251235321
TS210,240,164,243,164,TS,4.909387250999018,3.0
GG227,296,317,288,316,GG,5.276637751074836,8.06225774829855
TS467,74,394,85,389,TS,5.614775677516793,12.083045973594572
TS505,258,161,254,150,TS,5.633006607734448,11.704699910719626
GG151,279,116,283,110,GG,4.8631313363698965,7.211102550927978
TS370,203,406,194,408,TS,4.600196729438721,9.219544457292887
TS656,70,395,72,395,TS,5.708526505880317,2.0
GG460,234,247,226,254,GG,6.700962488429777,10.63014581273465
TG272,78,400,96,388,TG,6.456234766601909,21.633307652783937
GG639,259,159,254,152,GG,6.268821641457498,8.602325267042627
GG42,124,453,133,457,GG,6.459319511538268,9.848857801796104
GSD294,485,173,484,175,GSD,5.723124220801068,2.23606797749979
GSD280,343,356,339,355,GSD,6.595036287720902,4.123105625617661
GG214,437,190,432,184,GG,4.8012971875035095,7.810249675906654
TG871,259,165,276,169,TG,5.654103499706196,17.46424919657298
TS115,54,440,48,445,TS,7.64533678440001,7.810249675906654
TS78,235,171,229,165,TS,5.917614135546665,8.48528137423857
GG308,245,239,241,244,GG,5.720038388787739,6.4031242374328485
GG594,355,356,358,350,GG,3.7105385663188337,6.708203932499369
GSD62,455,93,453,97,GSD,6.259797547896708,4.47213595499958
GG383,330,315,323,320,GG,6.696220090049231,8.602325267042627
TS198,361,320,357,323,TS,3.5297529646581474,5.0
GSD324,307,227,309,222,GSD,6.285497091749118,5.385164807134504
TG1133,98,300,105,272,TG,6.591360291311561,28.861739379323623
TG1005,354,321,332,326,TG,4.866221107917171,22.561028345356956
GSD383,325,147,326,144,GSD,4.406321095865636,3.1622776601683795
GSD162,419,266,423,268,GSD,5.830628010722036,4.47213595499958
TS694,78,394,83,403,TS,7.379218840921288,10.295630140987
GSD261,393,260,391,263,GSD,5.597712453768872,3.605551275463989
GSD371,335,328,332,334,GSD,7.2142829958186425,6.708203932499369
TS712,390,145,388,139,TS,3.06462162738591,6.324555320336759
GSD295,77,397,82,398,GSD,7.253079010258453,5.0990195135927845
TS475,369,312,362,321,TS,4.549584183335162,11.40175425099138
GG197,364,236,361,246,GG,6.197565493049257,10.44030650891055
GG102,227,118,229,128,GG,6.373245380929401,10.198039027185569
GSD169,26,437,30,435,GSD,4.831119099159942,4.47213595499958
TS214,137,399,125,398,TS,5.209269346173686,12.041594578792296
GSD357,254,448,259,449,GSD,6.975742668125761,5.0990195135927845
TS291,191,414,177,412,TS,5.938173803316349,14.142135623730951
TG530,259,144,245,145,TG,4.798099523304334,14.035668847618199
TG604,211,346,227,347,TG,4.158322529789959,16.0312195418814
GG460,243,259,236,252,GG,7.265561631672837,9.899494936611665
TS170,391,120,384,124,TS,5.562581558047757,8.06225774829855
GG398,289,185,277,186,GG,5.632651995655296,12.041594578792296
GG21,295,288,292,296,GG,5.777195643559619,8.54400374531753
GG476,460,96,470,94,GG,6.691036820588086,10.198039027185569
GSD31,365,238,365,245,GSD,5.968821171918675,7.0
TG776,372,308,387,286,TG,6.907561934017232,26.627053911388696
TG218,160,405,148,402,TG,2.8756699022072194,12.36931687685298
GG309,435,81,432,88,GG,5.0159444814260485,7.615773105863909
TS188,104,394,92,392,TS,6.500355058227768,12.165525060596439
GSD201,248,187,252,188,GSD,5.597423582112145,4.123105625617661
TS678,161,405,169,408,TS,6.177964795377996,8.54400374531753
TS543,272,454,280,460,TS,4.9869668232235895,10.0
TS134,318,173,326,174,TS,5.468112270670316,8.06225774829855
GG105,432,183,439,190,GG,6.357959277438816,9.899494936611665
TG802,437,92,415,97,TG,6.039055133255462,22.561028345356956
TG579,353,140,370,131,TG,5.7847181251018736,19.235384061671343
GG436,301,270,300,276,GG,5.776523427645858,6.082762530298219
GSD3,213,264,216,262,GSD,3.545144670879594,3.605551275463989
TG332,411,102,394,117,TG,5.515198384674679,22.67156809750927
TS5,387,286,382,296,TS,7.403217446713306,11.180339887498949
GSD19,338,118,342,120,GSD,4.590620653867354,4.47213595499958
TS662,239,344,249,345,TS,5.441406660270367,10.04987562112089
TS52,236,142,236,134,TS,6.686991426621503,8.0
TG258,315,332,349,323,TG,7.462272344882274,35.17101079013795
TG657,294,290,282,311,TG,6.318049378060752,24.186773244895647
TG85,390,121,370,124,TG,6.085478945770888,20.223748416156685
TG587,88,346,91,373,TG,6.4720393521386725,27.16615541441225
GG143,519,160,509,162,GG,6.105352853797612,10.198039027185569
GSD146,340,261,338,265,GSD,7.739536855481006,4.47213595499958
TS226,394,156,393,166,TS,4.554624975743808,10.04987562112089
TG799,278,395,271,423,TG,7.248797037690657,28.861739379323623
TG905,245,161,270,170,TG,6.183493257611571,26.570660511172846
TG895,478,102,479,120,TG,5.9643909026594075,18.027756377319946
TS84,248,159,252,166,TS,6.922120157134328,8.06225774829855
TS288,452,174,439,178,TS,6.148427687345656,13.601470508735444
TS605,91,391,83,387,TS,5.736569746852048,8.94427190999916
GG246,459,138,456,129,GG,5.999541435041664,9.486832980505138
GG359,211,489,215,486,GG,5.256899811638147,5.0
GSD305,308,354,310,358,GSD,5.731989647532394,4.47213595499958
TG1001,237,167,252,162,TG,4.800178876070427,15.811388300841896
TS496,510,157,522,155,TS,5.6841034504892605,12.165525060596439
TS291,225,431,211,425,TS,6.736281770772905,15.231546211727817
TG405,497,81,477,95,TG,6.860524886220681,24.413111231467404
TS661,91,327,77,331,TS,6.671512138323787,14.560219778561036
GG452,345,200,354,195,GG,6.7917868756277,10.295630140987
TG787,294,290,304,261,TG,6.757210128655048,30.675723300355934
GG251,97,417,101,424,GG,3.675116119689564,8.06225774829855
TS247,67,323,69,331,TS,6.526149344435279,8.246211251235321
TG973,429,145,443,133,TG,4.655571903867507,18.439088914585774
GSD119,321,412,317,408,GSD,5.313695162234541,5.656854249492381
TS501,241,180,245,188,TS,4.364580035188503,8.94427190999916
GSD108,102,403,101,402,GSD,5.2435106356576,1.4142135623730951
GSD285,378,148,377,146,GSD,6.606726367363123,2.23606797749979
GG793,389,139,381,136,GG,6.662892050107603,8.54400374531753
TG171,136,399,120,395,TG,3.871547401415487,16.492422502470642
TS95,256,169,263,171,TS,5.2655465129762575,7.280109889280518
GSD280,326,345,328,337,GSD,7.0011157648723525,8.246211251235321
GG492,279,191,289,191,GG,6.36870000729676,10.0
GG233,279,315,291,317,GG,6.44765122177369,12.165525060596439
TS555,272,169,280,171,TS,5.555000764214546,8.246211251235321
TS360,164,405,181,408,TS,6.1146733802834285,17.26267650163207
TG632,353,121,336,122,TG,4.41383726074286,17.029386365926403
TS395,300,323,308,333,TS,5.59250603229226,12.806248474865697
TS324,494,86,487,92,TS,6.157282065802249,9.219544457292887
TG1173,252,343,268,337,TG,4.746815787583628,17.08800749063506
GG32,433,98,436,106,GG,7.326586385128644,8.54400374531753
TS92,239,161,245,162,TS,5.733253853802285,6.082762530298219
GSD152,354,412,356,410,GSD,7.028583443441152,2.8284271247461903
TS114,378,126,388,126,TS,4.9916455884752065,10.0
TG743,315,221,315,205,TG,3.8423782586885507,16.0
TS194,93,293,84,303,TS,7.086200737068356,13.45362404707371
GG683,309,244,307,249,GG,5.126206563539563,5.385164807134504
GSD56,337,79,337,77,GSD,4.826839292902939,2.0
GG491,197,375,196,365,GG,5.206839851409979,10.04987562112089
GG724,291,158,284,159,GG,4.923753720734709,7.0710678118654755
GG343,264,188,275,185,GG,6.162112007788513,11.40175425099138
GSD370,158,275,161,272,GSD,4.8314034020067,4.242640687119285
GG557,207,160,213,157,GG,5.193202870620363,6.708203932499369
TS480,227,165,237,170,TS,6.950399338262834,11.180339887498949
GG644,490,162,503,162,GG,6.902161736708791,13.0
GG153,353,188,356,195,GG,6.428282634057551,7.615773105863909
GG153,362,223,367,216,GG,5.797856918566424,8.602325267042627
TG227,497,81,477,93,TG,5.859158170044431,23.323807579381203
TS783,398,229,384,226,TS,7.448528239614308,14.317821063276353
GSD385,308,171,305,173,GSD,7.387511300667491,3.605551275463989
GG373,111,446,102,445,GG,5.936134971159429,9.055385138137417
TS724,245,144,238,143,TS,6.120853414327991,7.0710678118654755
TG255,308,171,310,178,TG,4.681399899190421,7.280109889280518
GSD222,385,157,380,157,GSD,6.515049487650494,5.0
GG273,273,354,275,368,GG,6.170131254335899,14.142135623730951
TG322,218,426,204,412,TG,5.546784574539844,19.79898987322333
GG14,109,377,106,378,GG,3.732885899986316,3.1622776601683795
TS706,266,342,254,342,TS,7.024053803241205,12.0
TG658,325,185,323,173,TG,8.357686266666105,12.165525060596439
GG551,450,64,451,73,GG,5.681139119789164,9.055385138137417
GG779,482,104,487,98,GG,6.155801333026826,7.810249675906654
TS311,79,371,77,362,TS,4.591253325846759,9.219544457292887
TS326,350,82,345,84,TS,4.861294681971248,5.385164807134504
TS315,349,86,354,96,TS,5.44974765499651,11.180339887498949
GSD299,381,286,378,292,GSD,7.987712578702158,6.708203932499369
GSD34,423,116,419,114,GSD,6.8520323706180335,4.47213595499958
GG642,509,174,498,176,GG,4.971465693446088,11.180339887498949
TG1107,467,127,482,116,TG,4.639617146389597,18.601075237738275
GSD214,417,93,420,92,GSD,4.0379724005455575,3.1622776601683795
TS38,170,357,158,362,TS,5.966261316660063,13.0
TG946,351,82,330,88,TG,4.6212823175859405,21.840329667841555
GG452,339,198,345,200,GG,4.382973103001232,6.324555320336759
TG635,406,105,424,92,TG,6.842246349303183,22.20360331117452
TS61,70,395,66,388,TS,6.629752534800451,8.06225774829855
TS225,425,88,431,91,TS,3.433762890761665,6.708203932499369
GG492,289,187,277,185,GG,5.458770029447916,12.165525060596439
GSD312,320,155,324,153,GSD,3.99051757233112,4.47213595499958
GSD333,343,323,343,321,GSD,7.454430139225739,2.0
TS281,190,343,197,350,TS,6.932572429436847,9.899494936611665
GSD53,353,161,351,157,GSD,6.629953606184605,4.47213595499958
TS680,279,171,284,171,TS,4.177959880898065,5.0
GG744,454,173,457,163,GG,6.111091333497787,10.44030650891055
TS173,60,430,65,417,TS,6.260250223269236,13.92838827718412
TS493,385,292,381,292,TS,5.86252095330589,4.0
GSD62,431,82,434,79,GSD,7.416233475452067,4.242640687119285
TG1163,323,163,334,150,TG,4.894900402937278,17.029386365926403
GSD207,360,307,363,309,GSD,7.957213622331359,3.605551275463989
TG891,252,149,239,141,TG,4.667240924865529,15.264337522473747
GSD33,312,271,317,272,GSD,6.710662701436558,5.0990195135927845
TS537,385,121,378,127,TS,6.232826716514975,9.219544457292887
GG737,385,219,393,216,GG,4.000641293941921,8.54400374531753
GSD112,438,232,437,232,GSD,6.454305180997437,1.0
TG1122,160,404,188,406,TG,6.004286020530547,28.071337695236398
TG1115,459,96,481,94,TG,5.202140595874625,22.090722034374522
GG128,278,115,275,120,GG,5.071277682781412,5.830951894845301
TG817,467,127,484,113,TG,5.415142672025925,22.02271554554524
TG595,405,107,413,100,TG,4.732265060647949,10.63014581273465
TS223,236,344,246,343,TS,4.934257006616146,10.04987562112089
GG503,237,209,237,219,GG,6.209545662035238,10.0
GG690,341,199,348,198,GG,6.204651515302005,7.0710678118654755
GG600,315,162,326,159,GG,6.576560060726372,11.40175425099138
TS214,152,403,137,399,TS,6.097541318091919,15.524174696260024
GG358,221,336,212,338,GG,6.718178236312724,9.219544457292887
GSD286,223,386,223,390,GSD,5.392627226217801,4.0
GG279,332,86,346,85,GG,7.669830038837089,14.035668847618199
TS458,228,432,222,430,TS,4.518957950706474,6.324555320336759
GSD160,365,136,368,130,GSD,7.50986063769367,6.708203932499369
GSD174,287,133,288,129,GSD,6.4498732881879,4.123105625617661
GG298,475,71,465,65,GG,7.2723255591296265,11.661903789690601
GG633,258,433,253,443,GG,5.861133252230125,11.180339887498949
GG468,469,67,466,65,GG,4.1483244400911765,3.605551275463989
TG1190,278,408,277,390,TG,4.405855328444458,18.027756377319946
GSD353,291,340,289,343,GSD,5.902272514059966,3.605551275463989
GSD116,442,129,444,130,GSD,5.382881776334257,2.23606797749979
TG1167,315,170,326,154,TG,6.256630551661698,19.4164878389476
TS644,66,335,67,345,TS,5.529661807572768,10.04987562112089
GG79,360,217,359,206,GG,6.369983942221211,11.045361017187261
GG501,399,142,395,139,GG,5.237855447807926,5.0
GSD1,244,201,243,208,GSD,6.164009650884836,7.0710678118654755
GG452,333,201,339,198,GG,5.979800518656427,6.708203932499369
TG678,361,321,375,304,TG,5.162523523895048,22.02271554554524
GG551,481,87,480,78,GG,4.956267688746685,9.055385138137417
GSD30,343,253,344,248,GSD,6.668244551699134,5.0990195135927845
TS483,104,286,99,296,TS,5.372783465949759,11.180339887498949
GG325,396,132,396,137,GG,5.189595331927801,5.0
GSD25,467,175,468,170,GSD,6.8607167986007624,5.0990195135927845
GSD396,402,307,401,303,GSD,6.389509209192944,4.123105625617661
GG694,326,203,323,202,GG,4.71949948997748,3.1622776601683795
GSD297,281,146,284,144,GSD,6.714234531239228,3.605551275463989
TG697,137,398,111,392,TG,5.79061601288374,26.68332812825267
TS191,222,346,214,346,TS,4.913253814043048,8.0
TS742,201,406,210,405,TS,5.870554057419245,9.055385138137417
GSD56,337,77,334,74,GSD,4.438095104731358,4.242640687119285
GSD338,325,311,326,307,GSD,5.613183285645198,4.123105625617661
GG245,246,258,238,257,GG,6.087194019517025,8.06225774829855
GSD227,280,76,276,76,GSD,6.665502083722969,4.0
GG176,431,164,432,163,GG,5.817000906245397,1.4142135623730951
TG534,315,172,296,173,TG,5.691332170678921,19.026297590440446
TS667,182,356,193,353,TS,3.4781425645495876,11.40175425099138
GSD151,354,325,350,326,GSD,6.436631731275014,4.123105625617661
TG194,434,99,413,116,TG,6.002715687880322,27.018512172212592
TG1087,351,82,334,88,TG,4.361308612531135,18.027756377319946
GSD207,357,302,356,307,GSD,5.656972109314456,5.0990195135927845
GG712,388,294,385,302,GG,5.390153106528795,8.54400374531753
GSD322,468,159,465,157,GSD,7.584304924770531,3.605551275463989
TS570,160,405,150,403,TS,5.325861772398945,10.198039027185569
GSD198,253,188,252,186,GSD,4.591472872586646,2.23606797749979
TG815,482,115,464,126,TG,6.360881484487128,21.095023109728988
GG250,430,168,430,175,GG,3.830272242616193,7.0
GG471,250,198,262,192,GG,6.252057650850588,13.416407864998739
TS547,319,172,317,168,TS,6.338533385899006,4.47213595499958
TG714,251,160,285,170,TG,7.940163702885368,35.4400902933387
GG240,256,433,249,433,GG,4.9512546838167,7.0
GG510,272,315,266,315,GG,4.979089414727497,6.0
GG685,254,138,260,143,GG,5.952637679344061,7.810249675906654
GG323,275,382,275,391,GG,6.077724826950941,9.0
GG234,303,101,309,94,GG,4.6203666390548825,9.219544457292887
TG219,234,144,219,155,TG,5.191630586074212,18.601075237738275
GG525,286,158,278,159,GG,5.61789648590447,8.06225774829855
TS182,228,165,234,169,TS,4.430367034376573,7.211102550927978
GG607,359,309,357,320,GG,5.385655526542539,11.180339887498949
GG153,357,217,362,223,GG,4.777709964025302,7.810249675906654
TG436,78,400,93,393,TG,6.087274929818548,16.55294535724685
TS380,84,403,83,394,TS,6.651737340617661,9.055385138137417
TS87,318,170,323,165,TS,6.571778701624957,7.0710678118654755
TS262,264,159,258,156,TS,5.483647889994128,6.708203932499369
TS630,66,419,59,429,TS,5.3803136022258995,12.206555615733702
GG224,358,222,353,229,GG,3.8157511336221415,8.602325267042627
GG537,283,111,276,119,GG,6.1468115531719825,10.63014581273465
GG715,317,87,326,88,GG,5.097472881197334,9.055385138137417
TG74,290,297,276,319,TG,5.664936516020598,26.076809620810597
GSD383,322,150,324,148,GSD,6.986966645000775,2.8284271247461903
TG810,371,309,351,322,TG,5.7110532024492295,23.853720883753127
TG13,307,172,312,174,TG,3.649711039490111,5.385164807134504
GSD123,338,255,337,259,GSD,5.7969770500790645,4.123105625617661
TG1136,364,317,348,322,TG,4.158021926462464,16.76305461424021
GSD97,326,232,327,239,GSD,5.183977611184407,7.0710678118654755
TG506,319,191,315,207,TG,4.7922934713306375,16.492422502470642
GG679,408,217,399,215,GG,4.368415106586115,9.219544457292887
TG1018,438,92,463,93,TG,6.015810749805759,25.019992006393608
TG704,221,161,216,154,TG,4.952233167081063,8.602325267042627
TS548,327,173,337,174,TS,4.808822162187301,10.04987562112089
TS635,427,221,440,223,TS,5.928766002018054,13.152946437965905
TS138,308,205,315,205,TS,5.6392641540584885,7.0
GSD211,335,114,331,120,GSD,7.084765888256309,7.211102550927978
TS357,386,273,385,266,TS,3.6532325373766774,7.0710678118654755
TS772,75,394,84,396,TS,5.688628331112667,9.219544457292887
TG770,307,172,328,172,TG,8.332347101066713,21.0
TG1198,226,346,247,343,TG,4.706071615342172,21.213203435596427
GSD163,152,311,153,311,GSD,5.7394745171580155,1.0
TG806,298,105,330,87,TG,8.97894917995536,36.71511950137164
TS777,476,94,469,95,TS,6.35604461522809,7.0710678118654755
GSD79,263,331,259,331,GSD,7.204845251529868,4.0
TS396,278,121,268,132,TS,5.587394563076263,14.866068747318506
TS636,371,311,365,318,TS,5.977899244960797,9.219544457292887
GSD246,354,134,359,132,GSD,4.2771037573338315,5.385164807134504
GG282,281,451,276,453,GG,4.761208469524554,5.385164807134504
TS392,175,223,177,214,TS,5.476981239858638,9.219544457292887
GSD371,334,323,335,328,GSD,5.586673110517239,5.0990195135927845
TS368,254,476,260,490,TS,5.8353115714010215,15.231546211727817
TG277,308,243,315,226,TG,5.139230239103801,18.384776310850235
TS716,331,214,342,217,TS,5.067158674972672,11.40175425099138
GSD129,273,408,278,408,GSD,6.088602904973918,5.0
TS238,236,141,229,147,TS,5.705640507602334,9.219544457292887
GG83,511,162,520,162,GG,6.591242204774126,9.0
TG529,365,134,361,121,TG,5.967744149819842,13.601470508735444
TS636,376,302,371,311,TS,5.594760043365558,10.295630140987
TS260,461,97,470,95,TS,6.64713858732936,9.219544457292887
TS191,240,344,222,346,TS,6.453458050809636,18.110770276274835
TG83,271,351,275,374,TG,5.825211063987416,23.345235059857504
TG702,271,351,277,380,TG,7.091722819090454,29.614185789921695
GSD131,266,130,264,125,GSD,6.960079718272646,5.385164807134504
GG35,461,186,455,183,GG,4.455426382948774,6.708203932499369
TS531,116,395,128,398,TS,6.132624582205192,12.36931687685298
GG753,272,442,263,434,GG,6.075542686706254,12.041594578792296
GSD190,290,357,290,359,GSD,4.87076634200174,2.0
TG1169,308,330,284,319,TG,7.554235529613043,26.40075756488817
TS285,240,437,244,439,TS,5.08087506641043,4.47213595499958
GG262,249,198,241,194,GG,5.926388602991722,8.94427190999916
TG40,309,241,315,212,TG,8.45909143643265,29.614185789921695
GSD175,509,156,507,157,GSD,6.70370393480442,2.23606797749979
TS282,430,100,444,96,TS,7.562114671282369,14.560219778561036
TS562,256,148,274,147,TS,6.548256158128524,18.027756377319946
GSD9,512,153,508,153,GSD,5.73915438504703,4.0
GG338,412,82,416,76,GG,5.410095226772402,7.211102550927978
TG865,132,399,118,392,TG,4.0638693269940145,15.652475842498529
GSD78,305,90,305,82,GSD,6.87010350840622,8.0
GSD174,294,118,294,116,GSD,6.484311529629771,2.0
TG302,340,147,323,162,TG,5.992477711749405,22.67156809750927
TS73,382,276,385,270,TS,4.658629820093784,6.708203932499369
TS782,354,82,349,85,TS,5.845057216601114,5.830951894845301
GSD217,391,175,392,174,GSD,3.6907409459448406,1.4142135623730951
TG1094,299,173,285,168,TG,4.076615920963573,14.866068747318506
GG646,216,203,221,200,GG,6.261804266906889,5.830951894845301
GG467,263,167,263,162,GG,4.592605272452748,5.0
TG1197,399,112,420,93,TG,5.765980648364674,28.319604517012593
GG329,249,231,244,238,GG,6.186920548087382,8.602325267042627
GG153,356,195,358,203,GG,6.683682709492556,8.246211251235321
TG926,399,112,389,121,TG,4.665813977001967,13.45362404707371
TS517,245,439,254,440,TS,7.452510199594736,9.055385138137417
TG376,447,97,460,96,TG,3.8449232454931295,13.038404810405298
GG256,415,45,422,48,GG,5.697633591410378,7.615773105863909
TS295,271,350,265,341,TS,6.00858487799875,10.816653826391969
TG38,277,122,266,135,TG,4.151668874617587,17.029386365926403
GSD149,189,407,193,408,GSD,7.074037370964746,4.123105625617661
TS254,92,411,86,403,TS,6.868942578686765,10.0
GG680,322,121,313,124,GG,5.248649256222087,9.486832980505138
GSD370,154,275,158,275,GSD,6.026535677781087,4.0
GSD279,520,181,514,183,GSD,6.546187691004896,6.324555320336759
GSD162,441,258,441,254,GSD,5.7505421116260536,4.0
TS363,449,96,445,95,TS,3.955700454435581,4.123105625617661
GSD291,146,346,143,342,GSD,7.352722606951801,5.0
GSD87,345,414,348,416,GSD,7.391013993251871,3.605551275463989
TS582,464,94,456,97,TS,5.306284615646327,8.54400374531753
GSD255,523,154,516,153,GSD,6.4991670502402386,7.0710678118654755
TG136,243,162,219,159,TG,5.622913137135157,24.186773244895647
GG159,392,216,402,215,GG,5.376568144238195,10.04987562112089
GSD59,484,199,484,197,GSD,4.658457426047391,2.0
TS309,323,329,313,334,TS,4.464799337227111,11.180339887498949
GG549,294,158,300,159,GG,5.541685610304222,6.082762530298219
TS153,419,94,413,100,TS,5.308425418581375,8.48528137423857
GSD175,511,153,516,150,GSD,6.93733783035286,5.830951894845301
TS462,98,412,93,414,TS,5.972187855977555,5.385164807134504
GSD57,430,94,433,90,GSD,6.067776287397525,5.0
TS687,383,125,372,127,TS,7.890021497539205,11.180339887498949
TS221,456,97,451,97,TS,3.951179066623979,5.0
GSD216,366,213,371,213,GSD,5.70684250996127,5.0
TS463,107,268,105,279,TS,5.859273407497078,11.180339887498949
TS269,387,132,380,139,TS,5.577314577532791,9.899494936611665
GSD32,337,258,338,262,GSD,7.1941048365386,4.123105625617661
GSD388,372,215,367,217,GSD,6.336327762875895,5.385164807134504
GSD245,276,287,276,283,GSD,5.081382201641921,4.0
GSD172,184,367,184,363,GSD,5.837298818676164,4.0
GSD118,166,406,170,409,GSD,6.898367822566172,5.0
GSD270,352,75,356,72,GSD,5.361491112841172,5.0
TG117,478,94,464,94,TG,4.304571219693445,14.0
TG133,418,93,398,113,TG,5.95018903568144,28.284271247461902
GSD330,320,350,319,349,GSD,5.729043529992765,1.4142135623730951
TG579,330,152,353,140,TG,5.588585160054745,25.942243542145693
TS537,396,117,385,121,TS,5.576829841198515,11.704699910719626
GG92,298,197,296,192,GG,6.30186352760382,5.385164807134504
TS154,334,88,324,88,TS,6.282340296655033,10.0
TS147,162,407,145,401,TS,7.274030043629647,18.027756377319946
GSD365,419,259,420,254,GSD,6.602314488849002,5.0990195135927845
GG150,75,381,72,387,GG,5.605872753182731,6.708203932499369
GG712,385,302,390,305,GG,6.240179061934264,5.830951894845301
TS768,318,173,307,171,TS,6.187191590723389,11.180339887498949
GG176,431,181,432,173,GG,6.173203974438222,8.06225774829855
TS370,182,406,172,406,TS,5.229875488734068,10.0
TS482,226,166,236,167,TS,5.466019828756915,10.04987562112089
TG898,372,308,386,282,TG,7.251712208071122,29.5296461204668
GG188,253,338,263,340,GG,6.924961163229969,10.198039027185569
TS678,136,400,141,400,TS,3.4933884657901144,5.0
TS184,454,169,462,163,TS,5.778672961913179,10.0
GSD182,406,173,408,174,GSD,6.790108896788954,2.23606797749979
TS585,107,266,106,248,TS,7.018172466469894,18.027756377319946
GSD229,352,336,356,338,GSD,7.241377165715349,4.47213595499958
GG539,332,167,337,175,GG,5.620976770628641,9.433981132056603
TS764,152,403,160,405,TS,5.3082834013408045,8.246211251235321
TG961,457,97,484,92,TG,5.99968321755305,27.459060435491963
TS274,476,98,469,95,TS,5.572811014970345,7.615773105863909
TS77,270,350,266,339,TS,5.991520038413533,11.704699910719626
TG42,228,165,257,164,TG,7.081389708124357,29.017236257093817
GG576,303,207,314,209,GG,6.860970027655462,11.180339887498949
TS389,458,97,448,98,TS,7.032726895453031,10.04987562112089
GSD241,288,150,290,149,GSD,5.587727507887813,2.23606797749979
GSD216,351,215,356,216,GSD,6.6351300925120995,5.0990195135927845
GSD300,278,303,280,299,GSD,5.731651587075767,4.47213595499958
GG643,346,168,348,162,GG,5.712431011340304,6.324555320336759
GSD186,357,92,358,96,GSD,5.393379092896769,4.123105625617661
TS179,253,192,246,191,TS,6.035012204409789,7.0710678118654755
GG739,404,114,412,109,GG,6.0983302748780055,9.433981132056603
TG772,272,169,294,172,TG,6.136598891093997,22.20360331117452
TS269,394,151,389,144,TS,5.638165191714872,8.602325267042627
GG595,359,251,359,262,GG,8.02688984963262,11.0
GG182,313,124,321,123,GG,3.9849626847170114,8.06225774829855
TG57,217,426,238,437,TG,4.958817919890471,23.706539182259394
TS564,247,348,244,343,TS,6.283752162742186,5.830951894845301
GG363,436,74,433,85,GG,7.972378988046806,11.40175425099138
TS233,83,393,70,396,TS,6.016234273738184,13.341664064126334
TS443,255,148,258,146,TS,3.435193753059419,3.605551275463989
GSD175,516,150,521,150,GSD,6.372329476694162,5.0
GSD180,460,116,460,115,GSD,4.001643519134426,1.0
TS712,394,156,390,145,TS,6.116649544131071,11.704699910719626
GSD216,347,213,351,215,GSD,4.967976396601256,4.47213595499958
TS307,205,421,212,425,TS,4.858041854505865,8.06225774829855
GSD76,186,317,185,321,GSD,5.251459413412022,4.123105625617661
TS658,433,91,441,93,TS,5.655927760114205,8.246211251235321
GSD211,338,117,335,114,GSD,6.071964292581495,4.242640687119285
GG550,486,162,497,162,GG,7.366667128673143,11.0
GSD307,367,143,366,148,GSD,3.546049103388377,5.0990195135927845
TG45,161,405,190,407,TG,6.210662363074369,29.068883707497267
GSD280,368,359,365,357,GSD,5.6552150590093095,3.605551275463989
GSD262,526,169,526,171,GSD,4.480783540320205,2.0
TG791,361,321,348,323,TG,3.5361457102052354,13.152946437965905
GSD116,442,124,442,129,GSD,6.435129629948841,5.0
GSD287,381,295,379,299,GSD,5.071801786837426,4.47213595499958
GSD125,226,373,227,376,GSD,6.666572192183757,3.1622776601683795
TS784,432,166,434,176,TS,4.5007116691930085,10.198039027185569
GSD150,416,187,414,192,GSD,6.709263429055145,5.385164807134504
TG364,265,147,292,142,TG,7.39573300795918,27.459060435491963
GSD13,273,321,272,319,GSD,4.525767756744912,2.23606797749979
GG645,236,145,242,141,GG,9.234772106340332,7.211102550927978
TG243,211,346,183,356,TG,6.510264812128444,29.732137494637012
GG649,289,192,294,190,GG,4.582334951496433,5.385164807134504
GG182,307,139,308,133,GG,4.4228583604493785,6.082762530298219
TS772,89,409,80,403,TS,4.999678130088281,10.816653826391969
TS408,343,121,359,121,TS,6.010923869751493,16.0
TG987,271,351,275,373,TG,5.843666268103309,22.360679774997898
GSD274,321,128,321,129,GSD,5.14345477176871,1.0
TG361,266,340,276,322,TG,4.897266493038899,20.591260281974
GG359,215,486,219,477,GG,6.280986289464184,9.848857801796104
GG298,452,78,455,82,GG,5.560189967439442,5.0
TG260,309,171,319,164,TG,5.907516591450858,12.206555615733702
TG370,420,92,442,93,TG,5.785921097815434,22.02271554554524
TS441,476,161,492,161,TS,6.17257727381342,16.0
TG79,287,171,300,174,TG,5.638452383301935,13.341664064126334
GSD274,318,109,318,113,GSD,5.755011248557178,4.0
TS602,395,151,408,154,TS,5.6067731055781564,13.341664064126334
TG521,228,345,258,341,TG,5.835991145439206,30.265491900843113
TS36,108,396,124,396,TS,7.209464537462932,16.0
GG759,368,304,358,304,GG,5.4611327807266985,10.0
GSD381,428,118,432,117,GSD,3.990476761140133,4.123105625617661
GSD385,311,168,308,171,GSD,4.815558011427822,4.242640687119285
GSD338,326,307,326,303,GSD,5.967790552031158,4.0
TG635,424,92,442,94,TG,5.078326586307941,18.110770276274835
TS734,485,162,471,162,TS,7.213744472758169,14.0
GSD272,289,228,290,230,GSD,4.711119955102777,2.23606797749979
TS321,430,153,431,166,TS,6.985098543315343,13.038404810405298
TG1038,437,92,438,97,TG,4.036685998608637,5.0990195135927845
GG423,438,51,437,62,GG,6.653857726868553,11.045361017187261
TS189,469,94,461,95,TS,5.352583164739594,8.06225774829855
GG611,127,350,128,346,GG,3.7658804477591463,4.123105625617661
TS741,81,393,87,404,TS,6.869521072645526,12.529964086141668
TS180,455,96,461,95,TS,4.889330958907731,6.082762530298219
TS43,110,258,106,258,TS,7.2491573267118845,4.0
GG721,195,391,195,404,GG,6.515236980292038,13.0
GG656,254,196,249,192,GG,5.938098504956039,6.4031242374328485
TG885,451,98,432,91,TG,4.996201380221009,20.248456731316587
GG707,395,124,391,126,GG,3.954712356050422,4.47213595499958
GG435,272,112,273,119,GG,5.882491765619648,7.0710678118654755
TG982,134,399,120,395,TG,3.720718263786167,14.560219778561036
GSD150,418,186,416,187,GSD,6.056465736549061,2.23606797749979
GSD323,380,149,381,149,GSD,4.099863422118588,1.0
GSD77,235,451,230,446,GSD,7.711113021057805,7.0710678118654755
TS26,176,411,168,408,TS,4.381409959361564,8.54400374531753
GSD148,468,204,472,204,GSD,4.684082862716681,4.0
GG579,363,122,356,125,GG,6.722889876636807,7.615773105863909
GSD284,131,418,125,415,GSD,7.853525397381457,6.708203932499369
GG469,392,176,399,178,GG,5.511079349374856,7.280109889280518
GSD289,332,323,332,322,GSD,5.9999653755499835,1.0
TS258,447,175,454,169,TS,6.13676799973649,9.219544457292887
TS162,207,405,195,409,TS,5.225777563611992,12.649110640673518
TG382,465,94,475,95,TG,4.510830611091887,10.04987562112089
TS107,358,322,354,336,TS,7.5717482560740015,14.560219778561036
GG611,120,374,125,368,GG,4.919448115598355,7.810249675906654
TS206,389,122,393,130,TS,5.272236608246517,8.94427190999916
GG371,346,84,335,86,GG,6.774227809221298,11.180339887498949
GG568,367,216,365,226,GG,5.659796923273097,10.198039027185569
GSD205,327,230,327,227,GSD,4.8882782793562285,3.0
GG162,352,197,358,202,GG,7.38447053687635,7.810249675906654
TS49,441,223,456,224,TS,6.787397931252539,15.033296378372908
TG1110,433,160,435,178,TG,4.54368642081233,18.110770276274835
GSD163,153,301,152,305,GSD,6.719558263947267,4.123105625617661
GSD222,390,166,386,163,GSD,6.984847389226321,5.0
TG668,160,405,131,398,TG,7.641908109838384,29.832867780352597
GG191,389,97,376,104,GG,7.296567753339577,14.7648230602334
TG1165,354,139,383,125,TG,7.731551283458199,32.202484376209235
TS79,472,95,465,96,TS,4.172860113516671,7.0710678118654755
GG469,421,179,429,174,GG,7.4141555554255945,9.433981132056603
TS304,102,286,100,293,TS,4.292298079645484,7.280109889280518
GG708,219,213,215,206,GG,5.006282560939875,8.06225774829855
GSD322,464,159,465,162,GSD,6.150405587349329,3.1622776601683795
TS51,381,272,386,262,TS,5.863828379912551,11.180339887498949
GSD128,176,411,177,412,GSD,4.814532336663376,1.4142135623730951
TS306,226,346,212,346,TS,6.89670995630164,14.0
TG1042,226,164,207,168,TG,4.728836371847466,19.4164878389476
GSD197,144,358,140,361,GSD,7.416394956333189,5.0
GSD76,192,350,190,353,GSD,5.992662816271036,3.605551275463989
GG214,436,194,437,190,GG,4.403600304097127,4.123105625617661
GG602,462,63,469,67,GG,4.364957538488902,8.06225774829855
GSD370,164,274,167,272,GSD,5.207776735110922,3.605551275463989
TS105,392,121,384,123,TS,6.774682668009357,8.246211251235321
TS227,276,375,273,363,TS,6.022940680707103,12.36931687685298
GG242,362,223,368,223,GG,5.334125903055021,6.0
GSD299,363,268,362,272,GSD,3.7036447499666583,4.123105625617661
GSD361,290,333,293,335,GSD,5.53748369539449,3.605551275463989
GSD7,384,352,383,352,GSD,5.038425150743414,1.0
GG2,353,129,354,123,GG,4.37950313704959,6.082762530298219
GG246,475,162,467,162,GG,5.679925639792574,8.0
TS67,403,108,415,96,TS,8.578957002047488,16.97056274847714
GG55,324,315,317,316,GG,6.02564313065804,7.0710678118654755
GG563,431,93,422,92,GG,5.636371815912156,9.055385138137417
TG772,294,172,305,176,TG,3.9398793956428344,11.704699910719626
TS137,262,332,252,338,TS,5.662169337202766,11.661903789690601
TS134,295,174,305,174,TS,6.657676697528944,10.0
GSD327,359,405,356,408,GSD,5.28278432771209,4.242640687119285
TS435,86,402,98,416,TS,8.442146936164157,18.439088914585774
GG629,261,123,271,119,GG,6.567465065027516,10.770329614269007
GSD95,400,313,402,309,GSD,4.785800340131477,4.47213595499958
TG37,390,123,376,132,TG,6.29342977538527,16.64331697709324
GSD295,91,386,91,384,GSD,7.289688027727578,2.0
TS515,276,458,285,461,TS,5.394472025656109,9.486832980505138
GG121,256,162,264,159,GG,6.92845329925497,8.54400374531753
TS87,307,177,314,172,TS,5.7969218133487495,8.602325267042627
TS532,194,194,199,187,TS,4.793527641451311,8.602325267042627
TG821,278,412,276,389,TG,6.529474936199211,23.08679276123039
GG672,321,199,325,195,GG,5.776794352925645,5.656854249492381
GG148,306,168,305,160,GG,6.245675337893648,8.06225774829855
GSD76,172,348,172,344,GSD,6.1016793591437875,4.0
TG477,351,322,371,308,TG,6.239537205157053,24.413111231467404
TG1085,226,346,238,343,TG,3.2017786787679454,12.36931687685298
TS785,214,345,200,350,TS,5.770571426880188,14.866068747318506
GSD160,362,138,365,136,GSD,6.021094933539885,3.605551275463989
GSD146,323,250,327,249,GSD,6.237276041263836,4.123105625617661
TS398,412,219,426,220,TS,6.26561512171536,14.035668847618199
TS496,471,161,485,161,TS,5.447489036970239,14.0
TG606,321,87,347,83,TG,6.790775107697844,26.30589287593181
TS681,83,387,90,391,TS,3.6930090179192074,8.06225774829855
TS156,91,327,79,330,TS,6.398895411708322,12.36931687685298
GG295,332,203,323,203,GG,6.641186626777923,9.0
TG621,315,172,337,174,TG,5.681779211680436,22.090722034374522
TS291,201,419,191,414,TS,6.0069126873270555,11.180339887498949
TG993,306,331,319,333,TG,3.9338893577380007,13.152946437965905
TS193,281,318,279,315,TS,5.469753582105607,3.605551275463989
TG1112,160,405,138,399,TG,5.123416398438735,22.80350850198276
TS763,123,370,135,369,TS,4.7569417220141474,12.041594578792296
GSD216,371,213,374,216,GSD,7.582235573691825,4.242640687119285
GSD373,364,261,364,268,GSD,6.376971034451962,7.0
GSD311,151,404,154,409,GSD,5.133950747739995,5.830951894845301
TS399,350,82,346,84,TS,4.95970098606502,4.47213595499958
GSD244,232,157,231,156,GSD,4.979541099250249,1.4142135623730951
GG518,474,127,467,124,GG,5.980570555038782,7.615773105863909
GSD360,234,376,238,373,GSD,6.85344879008494,5.0
GG746,299,186,300,195,GG,5.699422264247863,9.055385138137417
TG589,379,137,398,128,TG,6.549566374966301,21.02379604162864
TS498,269,169,268,162,TS,4.962677555845346,7.0710678118654755
GG247,366,217,370,211,GG,5.045171383108702,7.211102550927978
GG232,356,78,360,72,GG,5.811305179345746,7.211102550927978
GG403,443,215,435,219,GG,7.158828819822579,8.94427190999916
TG1111,409,103,393,119,TG,6.082789155933759,22.627416997969522
TG649,418,95,430,90,TG,6.094872920835499,13.0
GG745,287,187,296,192,GG,5.021833554834753,10.295630140987
GG239,271,330,276,321,GG,6.574542828888925,10.295630140987
TS213,100,389,117,393,TS,7.069252046199825,17.46424919657298
TS248,211,174,203,177,TS,5.526784496046364,8.54400374531753
GG322,265,344,260,349,GG,4.338531005126226,7.0710678118654755
GG756,457,166,459,158,GG,6.413364981160976,8.246211251235321
TG147,216,159,223,150,TG,5.410763763121133,11.40175425099138
TG326,104,278,100,294,TG,4.487511970105152,16.492422502470642
TS793,106,271,103,273,TS,6.252869918174204,3.605551275463989
GSD117,440,234,437,233,GSD,4.4008254241804305,3.1622776601683795
TG22,432,91,430,101,TG,6.173092338618228,10.198039027185569
GSD224,449,123,450,122,GSD,5.643567236142218,1.4142135623730951
GG243,230,148,237,145,GG,6.203754679616817,7.615773105863909
GSD15,343,318,338,318,GSD,5.977876915229714,5.0
GSD206,146,397,144,395,GSD,4.782147831913058,2.8284271247461903
GSD95,403,301,404,295,GSD,6.861649907043422,6.082762530298219
GSD62,448,96,446,95,GSD,5.876312975843653,2.23606797749979
TG264,275,374,267,344,TG,7.182882279545838,31.04834939252005
GSD367,526,150,525,152,GSD,6.5328539420545795,2.23606797749979
TS690,258,153,262,147,TS,6.286921228731565,7.211102550927978
GSD95,404,291,405,285,GSD,6.093138362784444,6.082762530298219
TS611,202,411,210,417,TS,5.141379857288884,10.0
TS468,136,244,142,241,TS,4.602112172202215,6.708203932499369
TG843,487,92,497,82,TG,3.8605733196910625,14.142135623730951
GSD341,548,144,544,141,GSD,5.683794728671035,5.0
GSD219,380,105,380,101,GSD,6.771146265268001,4.0
GSD325,423,131,424,134,GSD,5.5784740584335495,3.1622776601683795
TS319,273,171,282,171,TS,6.260440647123968,9.0
GSD147,418,77,421,79,GSD,6.417774497038522,3.605551275463989
TG1186,271,130,283,113,TG,4.655080451734906,20.808652046684813
GSD228,251,300,255,303,GSD,4.790454190552978,5.0
TS296,429,145,435,137,TS,6.099757484830515,10.0
GSD32,338,262,337,265,GSD,5.494385691939911,3.1622776601683795
TS154,311,94,302,102,TS,5.288321988929926,12.041594578792296
GSD154,302,152,305,154,GSD,4.872294081579096,3.605551275463989
TG639,318,167,291,171,TG,7.20351584498939,27.294688127912362
TG462,432,173,427,193,TG,6.398750432010566,20.615528128088304
TG355,309,241,304,259,TG,5.872426088209118,18.681541692269406
TS54,367,315,372,306,TS,5.996267636286008,10.295630140987
GG8,212,339,203,342,GG,6.966473257790675,9.486832980505138
TS407,243,183,245,175,TS,6.041601687952413,8.246211251235321
GG522,356,224,366,224,GG,7.692521807530851,10.0
TS413,196,350,183,356,TS,6.341080810878776,14.317821063276353
GSD313,471,203,473,203,GSD,6.691414474039377,2.0
TS639,391,146,395,151,TS,5.302962278151669,6.4031242374328485
GSD47,269,382,267,379,GSD,5.903495641148088,3.605551275463989
GG655,240,179,232,181,GG,5.625891401369653,8.246211251235321
GSD276,471,158,474,155,GSD,4.717247545512734,4.242640687119285
GSD82,333,176,328,177,GSD,5.248535577844885,5.0990195135927845
TG984,301,175,288,171,TG,4.845821364310169,13.601470508735444
GG213,415,113,417,120,GG,4.8169610679127,7.280109889280518
GG526,364,239,362,249,GG,7.000035848207223,10.198039027185569
GG353,311,125,310,117,GG,5.016689473580193,8.06225774829855
TG466,406,105,387,124,TG,5.57749721550185,26.870057685088806
TS666,198,350,192,353,TS,6.550152714226976,6.708203932499369
TG169,260,444,265,426,TG,6.025004477756284,18.681541692269406
TS164,292,321,301,328,TS,6.448657751226957,11.40175425099138
TS69,454,96,461,96,TS,6.725500720673638,7.0
TS522,192,414,202,419,TS,5.157373975570285,11.180339887498949
TG842,103,390,88,401,TG,7.925994299597683,18.601075237738275
GG759,383,306,376,306,GG,4.102680398310055,7.0
TS763,125,398,115,392,TS,6.3343262424262585,11.661903789690601
TG1022,230,166,213,161,TG,6.425716201453087,17.72004514666935
TS666,178,355,164,359,TS,6.098316639453246,14.560219778561036
TS334,388,146,382,137,TS,5.521367547147396,10.816653826391969
TS769,64,385,72,394,TS,6.7023396066279215,12.041594578792296
GG609,453,121,448,122,GG,5.530544059341345,5.0990195135927845
TS494,223,168,233,167,TS,6.776323183919732,10.04987562112089
TS450,388,132,388,124,TS,4.879755736196321,8.0
GG399,306,147,308,134,GG,7.200373442652285,13.152946437965905
TS489,220,158,217,156,TS,5.425772926306367,3.605551275463989
GSD215,198,322,203,326,GSD,6.68878862030914,6.4031242374328485
TG201,251,162,231,166,TG,5.277797935148887,20.396078054371138
GG758,298,192,300,193,GG,3.552377298337885,2.23606797749979
TG773,316,331,298,324,TG,5.012115642057456,19.313207915827967
TS791,224,164,216,159,TS,6.0944363495220895,9.433981132056603
TS577,385,122,376,115,TS,7.215835067085878,11.40175425099138
GSD270,348,90,347,86,GSD,4.886933045817624,4.123105625617661
TG930,281,312,268,337,TG,6.344764591754683,28.178005607210743
GG382,260,460,252,463,GG,6.782945331899376,8.54400374531753
TG863,317,173,329,184,TG,6.19342872675288,16.278820596099706
TG86,272,169,255,164,TG,4.085764732031835,17.72004514666935
GSD8,326,348,326,350,GSD,4.657345057937114,2.0
GG257,431,79,424,75,GG,6.028211191366749,8.06225774829855
GG91,205,479,209,483,GG,5.011120704134078,5.656854249492381
GSD287,369,310,364,312,GSD,6.099991680494433,5.385164807134504
TS40,390,122,385,125,TS,3.4184879807433273,5.830951894845301
GSD301,249,341,254,341,GSD,6.536620100908493,5.0
GSD99,474,203,479,201,GSD,6.909633809812766,5.385164807134504
TS188,92,392,82,383,TS,6.824452143050841,13.45362404707371
GSD223,460,170,455,173,GSD,5.956180685930942,5.830951894845301
GSD297,287,150,287,148,GSD,4.260795038393539,2.0
TS594,472,94,475,97,TS,5.858872322662879,4.242640687119285
TS615,227,164,219,158,TS,6.618581752142251,10.0
GSD27,249,400,242,397,GSD,7.374058217906779,7.615773105863909
GSD96,356,262,360,262,GSD,6.0982495442232505,4.0
TS546,248,146,262,141,TS,7.726686245011695,14.866068747318506
TG623,303,176,289,171,TG,5.103542157981081,14.866068747318506
GG755,325,198,325,188,GG,6.127570510685665,10.0
GSD257,460,162,463,168,GSD,8.310654542440538,6.708203932499369
TS219,90,409,81,402,TS,6.175907712245316,11.40175425099138
GG635,248,143,248,145,GG,6.816157791828694,2.0
GG720,270,440,268,433,GG,6.655325075017078,7.280109889280518
TS91,194,410,202,407,TS,6.87258564055227,8.54400374531753
GG20,252,452,253,443,GG,5.364312854317924,9.055385138137417
GSD285,389,153,386,152,GSD,6.098950888251835,3.1622776601683795
GG736,401,120,397,122,GG,6.184661722036729,4.47213595499958
TS447,232,169,226,165,TS,5.751544270707628,7.211102550927978
GSD328,296,416,295,409,GSD,7.514696790071138,7.0710678118654755
GSD257,465,157,460,159,GSD,6.898863485966416,5.385164807134504
TS640,375,133,374,139,TS,5.896731845786029,6.082762530298219
GG703,366,221,358,218,GG,6.6106587037734705,8.54400374531753
GSD323,374,147,377,146,GSD,3.773503009308218,3.1622776601683795
GG650,117,392,124,392,GG,4.170490966627124,7.0
GG795,431,109,437,110,GG,5.668173086688242,6.082762530298219
TS536,141,242,153,239,TS,6.9360204217161385,12.36931687685298
TS680,272,171,279,171,TS,5.876647793580188,7.0
GG351,408,102,406,103,GG,5.232380490600454,2.23606797749979
GSD195,464,103,461,105,GSD,6.304898135883132,3.605551275463989
TG72,483,114,464,126,TG,6.520112630046695,22.47220505424423
GSD228,253,311,255,319,GSD,7.0488534342484215,8.246211251235321
GSD149,193,412,196,410,GSD,6.084954055650567,3.605551275463989
GG453,256,143,265,139,GG,6.813923523744283,9.848857801796104
GG452,339,177,332,171,GG,7.6738599112203545,9.219544457292887
TG757,271,350,275,370,TG,5.333973079824047,20.396078054371138
TG219,249,147,234,144,TG,5.128129904075563,15.297058540778355
GG103,276,119,274,122,GG,5.548353556610966,3.605551275463989
TG301,131,226,152,211,TG,6.528620915417216,25.80697580112788
GSD112,443,225,444,230,GSD,4.987827086387753,5.0990195135927845
GSD292,245,158,249,160,GSD,6.783721511725694,4.47213595499958
GG456,452,94,453,87,GG,5.566406935056111,7.0710678118654755
TS21,373,130,365,134,TS,5.6646263872145575,8.94427190999916
GG432,450,108,440,111,GG,6.907575937980531,10.44030650891055
TG93,267,341,280,318,TG,6.176516374790335,26.419689627245813
TG398,302,267,292,294,TG,7.116152035471082,28.792360097775937
GG597,226,254,221,258,GG,4.838632583369397,6.4031242374328485
GG422,326,214,331,216,GG,5.830629761243131,5.385164807134504
TS170,408,106,399,114,TS,5.684172735759599,12.041594578792296
TG565,470,95,483,91,TG,4.535480490440079,13.601470508735444
GSD110,261,328,265,327,GSD,4.80759681569193,4.123105625617661
GG472,270,128,265,136,GG,5.625360498840642,9.433981132056603
TG1144,325,155,332,159,TG,4.426694631236679,8.06225774829855
GG752,250,432,263,435,GG,7.201347233420808,13.341664064126334
TG807,275,384,276,413,TG,7.106970922466664,29.017236257093817
TS32,61,382,67,392,TS,6.46068119362798,11.661903789690601
TS253,292,321,302,327,TS,5.0956182800441905,11.661903789690601
TG269,360,143,375,139,TG,3.672266786959747,15.524174696260024
TS364,153,362,141,367,TS,5.450386281429431,13.0
TG826,367,314,347,321,TG,5.564780661191609,21.18962010041709
TS295,265,341,248,346,TS,7.615239931652951,17.72004514666935
GSD343,415,146,419,147,GSD,6.21451093159105,4.123105625617661
GSD183,207,367,202,368,GSD,5.757747667137274,5.0990195135927845
GSD323,388,148,388,150,GSD,5.920053556277566,2.0
GSD208,389,114,389,121,GSD,5.107652451502123,7.0
GG53,161,469,170,471,GG,4.921358796157133,9.219544457292887
TS643,389,126,390,123,TS,4.5359384300378585,3.1622776601683795
GG196,241,194,242,184,GG,5.980936153193612,10.04987562112089
GSD10,43,427,43,426,GSD,6.049120886615498,1.0
GSD299,363,264,363,268,GSD,4.90533037854428,4.0
GG312,433,57,437,49,GG,7.402965516362059,8.94427190999916
GG513,262,157,258,149,GG,5.934523712573298,8.94427190999916
TS641,385,124,379,125,TS,5.476923536976817,6.082762530298219
GG716,282,452,287,459,GG,7.052147357087467,8.602325267042627
TG558,99,300,103,279,TG,5.586643797387663,21.37755832643195
GG512,482,103,482,97,GG,7.09293873933612,6.0
GSD159,346,86,342,86,GSD,4.757226832805362,4.0
TG369,243,163,228,165,TG,4.967071217355247,15.132745950421556
GG269,329,159,337,151,GG,7.448787258792862,11.313708498984761
TS337,375,129,387,123,TS,6.3195308350633255,13.416407864998739
GSD191,468,200,466,202,GSD,5.889547294071626,2.8284271247461903
GSD399,342,104,342,100,GSD,5.539696088424879,4.0
TS670,272,126,281,116,TS,5.681105370682204,13.45362404707371
GSD324,304,236,300,235,GSD,5.286785634801841,4.123105625617661
TS294,272,326,279,318,TS,6.268780456068598,10.63014581273465
TG231,430,100,417,112,TG,4.31866373216311,17.69180601295413
TS197,422,153,429,151,TS,5.865886379781571,7.280109889280518
GG304,256,188,262,190,GG,5.842154848891848,6.324555320336759
GSD126,257,320,253,318,GSD,6.410134689529485,4.47213595499958
GG553,474,163,464,161,GG,6.122746857209478,10.198039027185569
GG310,263,177,262,184,GG,4.245540387638437,7.0710678118654755
TS412,297,174,290,173,TS,6.11280164525474,7.0710678118654755
GSD355,154,404,158,404,GSD,4.735061670154192,4.0
TG1140,314,201,316,219,TG,4.453580975957875,18.110770276274835
TG427,300,173,304,177,TG,4.986307273632347,5.656854249492381
GSD267,477,221,472,219,GSD,4.766175946082342,5.385164807134504
TG400,393,130,376,140,TG,5.1809833033592865,19.72308292331602
TS336,358,323,355,333,TS,4.756632767528586,10.44030650891055
TG549,216,346,182,356,TG,6.4982478412198565,35.4400902933387
TG1017,325,174,332,181,TG,5.178629837149358,9.899494936611665
GG287,380,306,378,312,GG,4.426799205923018,6.324555320336759
GG507,476,204,472,198,GG,4.946441349794577,7.211102550927978
GSD37,451,181,453,175,GSD,6.841603679466999,6.324555320336759
GSD202,186,407,193,408,GSD,6.121979198153198,7.0710678118654755
GSD307,365,152,363,154,GSD,6.792481270519907,2.8284271247461903
TS304,93,296,99,287,TS,6.555086091490398,10.816653826391969
GSD74,346,243,345,246,GSD,6.237917444995826,3.1622776601683795
TG108,309,241,316,218,TG,5.87567753283808,24.041630560342615
TG234,272,328,261,341,TG,4.852149553087055,17.029386365926403
TS406,395,151,388,146,TS,6.899146252936516,8.602325267042627
GSD307,378,147,374,145,GSD,5.411139215192172,4.47213595499958
GG377,294,203,285,208,GG,5.775075381304729,10.295630140987
TG182,180,407,200,409,TG,4.706551255481388,20.09975124224178
GG384,432,58,428,55,GG,4.79448383336717,5.0
GG109,393,142,384,136,GG,5.314229359983344,10.816653826391969
GG285,394,260,400,247,GG,8.168390157806638,14.317821063276353
GSD17,227,126,232,127,GSD,7.007936135227014,5.0990195135927845
GG508,482,88,476,91,GG,4.91270097888845,6.708203932499369
GG640,311,119,311,125,GG,4.566310334417256,6.0
TS114,391,146,396,151,TS,5.326672124843142,7.0710678118654755
TG666,419,93,444,96,TG,7.874359532217775,25.179356624028344
GG62,287,418,295,415,GG,5.888906737957043,8.54400374531753
GSD5,336,236,335,243,GSD,5.903000557507269,7.0710678118654755
GG617,125,369,126,373,GG,5.087572743664382,4.123105625617661
GG303,451,109,442,111,GG,5.469173287181032,9.219544457292887
TS634,281,312,276,321,TS,5.581689578221582,10.295630140987
TG942,187,407,204,414,TG,5.310360392204333,18.384776310850235
GG665,353,191,346,185,GG,6.388050771892342,9.219544457292887
GG510,256,320,249,329,GG,7.992882696010906,11.40175425099138
TG482,157,404,181,407,TG,5.129718340456434,24.186773244895647
GG724,306,142,306,151,GG,6.149763105496321,9.0
TS58,112,251,107,264,TS,8.591448644073985,13.92838827718412
GG33,453,124,455,129,GG,5.303965784305623,5.385164807134504
TS176,352,322,363,320,TS,6.704005245454606,11.180339887498949
GG117,418,129,417,119,GG,6.6850441648932675,10.04987562112089
TG749,415,98,431,91,TG,6.034509807567739,17.46424919657298
TG1053,402,110,389,123,TG,5.042675556659203,18.384776310850235
GSD299,359,262,363,264,GSD,6.585807594923402,4.47213595499958
GG775,241,198,251,198,GG,5.550926148219858,10.0
GG137,259,458,266,449,GG,6.543059697941686,11.40175425099138
TG1159,152,403,177,405,TG,5.382261620805014,25.079872407968907
GSD96,360,262,367,261,GSD,6.341731813866694,7.0710678118654755
TG532,318,173,335,178,TG,5.387066265526809,17.72004514666935
TG1176,379,126,376,139,TG,4.968688743385715,13.341664064126334
GG381,415,42,405,38,GG,7.267188642712092,10.770329614269007
TS172,252,337,251,342,TS,3.502268879813313,5.0990195135927845
GG623,400,120,394,125,GG,4.452584993808191,7.810249675906654
TS649,178,412,166,407,TS,5.9194222861092385,13.0
TG1102,423,92,449,97,TG,7.049093963348167,26.476404589747453
GSD71,253,141,253,137,GSD,6.0374164043957474,4.0
TG347,280,117,264,139,TG,6.430344272841646,27.202941017470888
TS665,428,90,438,93,TS,5.951110382359496,10.44030650891055
TG244,330,152,323,166,TG,4.916815171387974,15.652475842498529
TG1031,106,271,96,303,TG,8.884657808657437,33.52610922848042
TG788,265,136,258,145,TG,3.9732531364435832,11.40175425099138
GG219,271,87,264,79,GG,5.7499105098621826,10.63014581273465
GG719,280,87,272,88,GG,5.59581066926085,8.06225774829855
GG306,325,198,320,208,GG,6.016922684923098,11.180339887498949
GG671,424,151,430,161,GG,7.18915593499233,11.661903789690601
GSD331,24,438,23,441,GSD,5.492558138325407,3.1622776601683795
TG1136,386,281,375,302,TG,5.762649417239882,23.706539182259394
TG867,267,426,276,404,TG,6.007809429875691,23.769728648009426
TG125,136,399,157,404,TG,5.534134487336999,21.587033144922902
GSD356,240,172,240,166,GSD,4.470618823068032,6.0
GSD382,334,132,340,132,GSD,6.351431517161847,6.0
TG168,226,346,208,347,TG,4.386043293402581,18.027756377319946
TG471,265,147,290,142,TG,6.667064433013973,25.495097567963924
GSD37,448,184,450,182,GSD,6.874550704989191,2.8284271247461903
GSD388,367,213,361,210,GSD,6.154860733570718,6.708203932499369
TG637,383,296,389,256,TG,7.612317408949947,40.44749683231337
TG907,256,341,270,347,TG,4.052274659069717,15.231546211727817
TS506,249,147,238,142,TS,6.146712494140572,12.083045973594572
GSD218,440,121,442,118,GSD,5.749430131514465,3.605551275463989
TS455,396,117,390,122,TS,5.962295788856622,7.810249675906654
GSD261,385,257,381,257,GSD,4.143172439977118,4.0
TS654,330,387,337,374,TS,7.234103948595319,14.7648230602334
GG596,431,174,428,181,GG,6.390815001105104,7.615773105863909
TS364,141,367,129,370,TS,5.259467652076015,12.36931687685298
TS300,176,409,162,406,TS,7.4785839584536085,14.317821063276353
TS507,354,73,355,80,TS,6.284718320088639,7.0710678118654755
GSD230,270,453,267,453,GSD,6.035873033671056,3.0
GG326,260,430,267,426,GG,4.676334547485023,8.06225774829855
GG324,211,189,214,199,GG,6.419314506495631,10.44030650891055
TG855,278,165,260,154,TG,5.4709862640391345,21.095023109728988
TS289,152,403,163,408,TS,5.589656292746396,12.083045973594572
TS194,100,284,93,293,TS,4.911614468641508,11.40175425099138
TS281,197,350,182,355,TS,8.923215210538485,15.811388300841896
GSD169,32,439,26,437,GSD,6.855775088521137,6.324555320336759
TG693,255,341,225,346,TG,6.569060821168035,30.4138126514911
TS729,422,91,414,98,TS,5.416934650672653,10.63014581273465
GG16,325,200,315,196,GG,6.907828275406324,10.770329614269007
GG277,272,359,275,371,GG,7.513112983960873,12.36931687685298
TS59,278,314,283,319,TS,5.289783505584101,7.0710678118654755
GG397,434,93,431,92,GG,5.008879611609132,3.1622776601683795
GSD10,39,429,43,427,GSD,6.158160507362361,4.47213595499958
GG328,264,117,272,115,GG,6.614591566802155,8.246211251235321
TG447,441,93,463,94,TG,6.081490847625493,22.02271554554524
GG322,260,349,255,356,GG,6.718949419906064,8.602325267042627
TG704,237,167,221,161,TG,3.8817401839675054,17.08800749063506
TG850,314,201,315,225,TG,6.361812094956059,24.020824298928627
TG56,275,383,277,411,TG,6.082605218459777,28.071337695236398
TS585,113,253,107,266,TS,5.7334235538794545,14.317821063276353
GG600,306,150,306,158,GG,5.6337389914837885,8.0
GSD197,131,366,128,369,GSD,5.785002202752487,4.242640687119285
TS322,302,266,299,278,TS,6.0485949252932585,12.36931687685298
GG550,508,162,513,163,GG,4.096981052516583,5.0990195135927845
TS573,78,369,75,355,TS,5.787855557750106,14.317821063276353
TG805,185,356,156,362,TG,6.012131439329518,29.614185789921695
GG597,231,249,226,254,GG,5.304857443173343,7.0710678118654755
TG591,119,234,112,253,TG,4.894194755388067,20.248456731316587
TG1059,391,122,366,123,TG,8.321132114907952,25.019992006393608
GSD385,305,173,302,175,GSD,3.974221281338039,3.605551275463989
GSD229,321,351,325,351,GSD,7.319237373624858,4.0
GG665,346,185,338,176,GG,6.666882623783728,12.041594578792296
GSD156,527,178,530,173,GSD,4.863952094988024,5.830951894845301
GSD257,463,168,462,172,GSD,6.130343461728259,4.123105625617661
TS322,309,241,306,254,TS,6.116792998235284,13.341664064126334
GG407,257,318,267,315,GG,7.195207261877314,10.44030650891055
TG775,222,348,252,343,TG,5.6642168794262915,30.4138126514911
TS341,68,401,67,415,TS,5.745702360253379,14.035668847618199
GSD126,264,335,263,331,GSD,3.8880889316880314,4.123105625617661
GSD337,143,428,138,423,GSD,6.997574087829605,7.0710678118654755
GSD261,388,262,384,260,GSD,5.653909702353264,4.47213595499958
GG178,194,415,187,420,GG,6.484940136289747,8.602325267042627
TG988,187,407,159,405,TG,6.223040064570782,28.071337695236398
GSD307,381,149,378,147,GSD,6.45666654999976,3.605551275463989
GSD399,334,113,336,110,GSD,4.5404741465745735,3.605551275463989
TG656,361,121,333,123,TG,6.6631586553784565,28.071337695236398
TG372,482,92,458,96,TG,6.846546073736153,24.331050121192877
GG296,280,314,282,306,GG,5.317386368825691,8.246211251235321
GSD330,331,324,336,322,GSD,6.580772685087876,5.385164807134504
GSD55,459,94,459,89,GSD,4.835660678995776,5.0
TG160,344,323,321,331,TG,6.952287502594251,24.351591323771842
GG5,435,79,436,71,GG,5.260899305592204,8.06225774829855
TS612,284,168,295,174,TS,6.767932669852826,12.529964086141668
TS688,387,260,394,247,TS,7.172108632438989,14.7648230602334
TS128,66,333,76,331,TS,4.915314948314677,10.198039027185569
TS529,263,330,273,325,TS,6.206287178294745,11.180339887498949
GSD182,415,191,411,195,GSD,5.589486425594188,5.656854249492381
GSD54,269,76,272,79,GSD,6.173070035541739,4.242640687119285
TG483,277,409,275,388,TG,5.557156265450672,21.095023109728988
GG579,353,146,352,155,GG,6.195797715447757,9.055385138137417
GG27,239,256,237,248,GG,6.510210305081731,8.246211251235321
GSD339,447,205,443,206,GSD,6.014209334062095,4.123105625617661
TS501,240,164,245,173,TS,6.9997901822071285,10.295630140987
TS8,318,192,329,183,TS,6.854461174651073,14.212670403551895
TS9,480,161,468,164,TS,5.613321374139915,12.36931687685298
GSD287,361,307,362,302,GSD,6.869580127777018,5.0990195135927845
GG66,270,187,263,188,GG,4.708680444209836,7.0710678118654755
GSD182,420,181,419,184,GSD,7.341408460534595,3.1622776601683795
TS316,317,170,322,166,TS,5.795647760961123,6.4031242374328485
TS540,255,167,264,170,TS,5.567129712598424,9.486832980505138
GSD291,165,311,158,310,GSD,6.280286298473364,7.0710678118654755
TS183,367,112,360,105,TS,5.496182605566559,9.899494936611665
GG24,272,116,272,107,GG,5.158090843244214,9.0
GSD305,310,358,315,360,GSD,6.05116710958473,5.385164807134504
TG616,257,147,237,143,TG,7.747775915005901,20.396078054371138
GSD99,482,201,486,202,GSD,6.9655480099413225,4.123105625617661
GG553,458,138,452,131,GG,6.0794681621109135,9.219544457292887
GG442,120,374,111,377,GG,5.569620055496158,9.486832980505138
GSD73,417,122,413,120,GSD,6.917594465640434,4.47213595499958
TS755,333,214,323,207,TS,6.166853356025804,12.206555615733702
TS171,398,114,390,121,TS,6.645845067843723,10.63014581273465
GSD139,363,143,362,140,GSD,6.012522127954478,3.1622776601683795
GSD59,500,179,508,182,GSD,8.206076254038578,8.54400374531753
TS698,129,397,117,393,TS,5.772061915316733,12.649110640673518
GSD308,419,249,421,254,GSD,6.49871752500157,5.385164807134504
TS89,83,385,83,393,TS,5.052787573705906,8.0
TS784,434,176,442,177,TS,6.484989022254476,8.06225774829855
TS761,55,344,66,340,TS,6.855167253873043,11.704699910719626
TS275,259,431,257,434,TS,6.198624152491901,3.605551275463989
TG27,381,140,393,129,TG,3.806677591433359,16.278820596099706
GSD189,462,158,455,158,GSD,7.569656335244074,7.0
GSD130,295,383,301,386,GSD,8.78202893511206,6.708203932499369
TS500,257,162,252,164,TS,6.282079229486065,5.385164807134504
GG23,475,82,481,78,GG,6.266686569302227,7.211102550927978
TS385,427,197,430,189,TS,5.58532754643333,8.54400374531753
GSD191,469,197,468,200,GSD,5.867663947726541,3.1622776601683795
GG793,393,144,389,139,GG,5.31611088395311,6.4031242374328485
TG310,211,346,188,356,TG,6.712905485813777,25.079872407968907
GG621,477,163,488,162,GG,5.26747413594453,11.045361017187261
TG669,190,354,168,358,TG,4.515193081087526,22.360679774997898
TS442,179,407,192,406,TS,6.708689523519334,13.038404810405298
GSD105,464,96,462,100,GSD,6.521976439406934,4.47213595499958
GSD188,247,182,249,188,GSD,6.449588799128936,6.324555320336759
TS417,389,133,389,144,TS,6.814506199913843,11.0
TG792,362,136,371,126,TG,4.993372867485801,13.45362404707371
GG631,248,174,242,178,GG,5.92777683385097,7.211102550927978
TS732,414,116,406,124,TS,5.041228970633071,11.313708498984761
GG367,372,304,379,306,GG,4.586561470802565,7.280109889280518
GSD167,293,170,297,171,GSD,7.315377214135797,4.123105625617661
GSD79,265,328,263,331,GSD,6.389987600415758,3.605551275463989
TG107,215,158,234,167,TG,5.479521033098305,21.02379604162864
GSD279,510,184,504,183,GSD,6.012056164020581,6.082762530298219
TS398,419,204,411,213,TS,6.517200029010423,12.041594578792296
GG689,414,221,408,233,GG,7.255309561421168,13.416407864998739
TS797,11,454,19,445,TS,5.9882141056605045,12.041594578792296
GSD239,265,326,268,330,GSD,5.595467593195675,5.0
GG180,382,175,382,180,GG,4.8091022517647275,5.0
GG30,109,376,104,377,GG,4.3857244987772175,5.0990195135927845
GG382,254,476,258,485,GG,7.124758832098907,9.848857801796104
GG263,131,371,140,369,GG,6.756483902636182,9.219544457292887
GG317,331,84,332,78,GG,4.3924770709029755,6.082762530298219
GG437,418,99,424,91,GG,6.160137640195103,10.0
TS44,221,160,217,155,TS,5.799747278139285,6.4031242374328485
GSD100,191,416,186,416,GSD,4.9260877686709,5.0
GG784,417,142,407,144,GG,6.1438811261337545,10.198039027185569
GSD188,244,188,243,183,GSD,7.129753067403399,5.0990195135927845
TS300,187,407,197,409,TS,4.472531116282868,10.198039027185569
GG307,275,119,271,130,GG,6.21325148902984,11.704699910719626
TG685,135,400,113,391,TG,6.173009097545449,23.769728648009426
GG782,410,38,401,39,GG,7.079775439644958,9.055385138137417
GG562,258,431,267,425,GG,5.794475693813524,10.816653826391969
GG380,305,169,306,156,GG,6.2103505315908745,13.038404810405298
TS84,252,166,257,165,TS,7.20988079139503,5.0990195135927845
TG113,437,92,432,99,TG,5.625713242864596,8.602325267042627
GSD172,187,362,187,367,GSD,7.393574950009928,5.0
TG1095,309,241,302,269,TG,7.056129804594796,28.861739379323623
GG128,275,120,269,118,GG,5.0824047129207575,6.324555320336759
TG1023,220,347,189,354,TG,7.255344121157006,31.78049716414141
TG528,402,111,413,100,TG,5.257846488108832,15.556349186104045
TS162,214,401,207,405,TS,5.748746486496823,8.06225774829855
GSD238,324,393,325,398,GSD,5.343342770862744,5.0990195135927845
TS667,165,358,182,356,TS,6.733536133529669,17.11724276862369
GSD120,266,451,271,453,GSD,6.480755230734696,5.385164807134504
GG477,359,273,358,262,GG,6.277760587398226,11.045361017187261
TG233,89,368,88,342,TG,5.041202797365405,26.019223662515376
GG217,243,111,237,107,GG,5.155889073528334,7.211102550927978
GSD371,336,319,334,323,GSD,7.225040128980389,4.47213595499958
GSD391,432,100,432,103,GSD,6.063560862896814,3.0
TS79,465,96,456,96,TS,5.289049764784387,9.0
GG397,444,95,434,93,GG,7.59819299377547,10.198039027185569
TG451,390,121,361,122,TG,7.5821607236563455,29.017236257093817
GSD245,269,270,268,265,GSD,4.963233401010939,5.0990195135927845
TG1029,479,103,468,127,TG,7.037816592709479,26.40075756488817
TS101,442,97,430,100,TS,6.589101529991739,12.36931687685298
GSD230,272,458,270,453,GSD,8.182303878982399,5.385164807134504
GG680,310,128,307,139,GG,6.322618019970125,11.40175425099138
GSD259,520,148,518,150,GSD,5.121328010858015,2.8284271247461903
TG761,152,403,179,406,TG,5.5367960795640405,27.16615541441225
GG136,415,143,421,143,GG,4.3655667544439645,6.0
TS61,59,375,52,367,TS,6.883405295477866,10.63014581273465
TG351,316,209,316,231,TG,5.430506630954514,22.0
TG1177,259,165,281,171,TG,5.779135570419641,22.80350850198276
TG1175,478,119,453,127,TG,5.673080807121448,26.248809496813376
GG150,72,387,68,397,GG,6.495106945276994,10.770329614269007
TS642,454,168,468,163,TS,7.132074510432421,14.866068747318506
GG776,450,85,444,80,GG,5.419616321544577,7.810249675906654
TG1025,298,138,314,127,TG,3.8290564817462602,19.4164878389476
TG169,277,411,277,392,TG,4.5513614037998344,19.0
GG437,433,98,439,109,GG,6.733037908203777,12.529964086141668
GSD259,526,172,525,166,GSD,5.938348095591701,6.082762530298219
GG160,107,388,97,384,GG,7.884681529370244,10.770329614269007
TG171,120,395,95,389,TG,6.0456565235803055,25.709920264364882
GSD377,283,329,286,330,GSD,5.974615481701899,3.1622776601683795
TS295,277,409,277,392,TS,7.196168550519682,17.0
GG289,431,170,430,163,GG,4.432891134487881,7.0710678118654755
GG432,421,105,420,98,GG,6.701474885623181,7.0710678118654755
GG577,325,86,331,84,GG,6.088040573940075,6.324555320336759
GSD47,256,382,250,383,GSD,5.997700161553443,6.082762530298219
TS503,298,198,286,190,TS,5.4739374129010505,14.422205101855956
GG671,432,183,436,188,GG,6.075895811437768,6.4031242374328485
TS620,59,373,66,385,TS,6.081669392582551,13.892443989449804
TG522,470,95,484,112,TG,5.349504759602637,22.02271554554524
GG642,525,159,521,169,GG,7.037865066996565,10.770329614269007
TS416,389,130,388,140,TS,5.73618777357874,10.04987562112089
TS258,454,169,467,163,TS,5.4921281040846,14.317821063276353
GSD264,28,461,27,462,GSD,5.390722522578109,1.4142135623730951
TS745,152,403,144,402,TS,4.0691440772145056,8.06225774829855
TG681,301,175,276,171,TG,6.700028751594277,25.317977802344327
GG140,405,217,415,218,GG,7.519516849296334,10.04987562112089
TS727,318,173,315,172,TS,5.4381182347503465,3.1622776601683795
TG184,327,171,326,186,TG,7.399933256444701,15.033296378372908
GSD126,253,312,254,306,GSD,7.844644288279582,6.082762530298219
GSD49,323,157,320,154,GSD,7.4020814896307705,4.242640687119285
GG369,303,408,300,411,GG,4.613853554440233,4.242640687119285
TG250,185,408,200,411,TG,4.087517374717043,15.297058540778355
GG416,219,491,225,494,GG,4.048721764161787,6.708203932499369
TG25,389,122,363,136,TG,8.085693172880482,29.5296461204668
GG736,412,88,413,97,GG,5.35291961478885,9.055385138137417
GG576,321,208,322,203,GG,7.788867379155199,5.0990195135927845
TG76,219,159,212,155,TG,5.483024700550085,8.06225774829855
GG478,273,123,279,120,GG,6.990061942568076,6.708203932499369
GG159,411,217,417,218,GG,4.506774152304947,6.082762530298219
TS114,372,130,378,126,TS,5.216999239080311,7.211102550927978
GSD90,333,172,337,170,GSD,5.109646923248681,4.47213595499958
GSD289,328,322,326,319,GSD,5.113662693795845,3.605551275463989
TG41,438,92,416,95,TG,6.074256413833206,22.20360331117452
TS236,322,330,333,325,TS,6.183261880954682,12.083045973594572
TG1109,322,188,315,214,TG,6.7266388082982305,26.92582403567252
TS634,289,299,281,312,TS,6.391948078877736,15.264337522473747
GSD338,327,314,325,311,GSD,5.023145377608846,3.605551275463989
TG356,329,183,314,198,TG,5.771178652151798,21.213203435596427
TS553,106,260,107,247,TS,5.363316967260533,13.038404810405298
GG120,365,224,365,233,GG,4.684876112339545,9.0
GG746,306,164,304,173,GG,5.60431824658218,9.219544457292887
TS124,219,154,220,160,TS,4.905969900548868,6.082762530298219
GSD235,329,170,325,168,GSD,5.613990697001698,4.47213595499958
GSD68,335,347,339,344,GSD,6.013531847743888,5.0
TG1138,178,406,201,411,TG,6.260288503374973,23.53720459187964
TS279,473,94,483,93,TS,5.767366396630789,10.04987562112089
GSD314,224,222,225,225,GSD,7.394002254934716,3.1622776601683795
TG996,451,98,465,93,TG,3.9509870065396417,14.866068747318506
TG747,283,171,305,172,TG,6.433988211041495,22.02271554554524
GG749,347,185,352,191,GG,7.057855545389851,7.810249675906654
GSD156,537,167,539,161,GSD,6.0802104726277015,6.324555320336759
TS411,432,139,438,133,TS,4.760129596564799,8.48528137423857
TG452,373,130,389,123,TG,5.35723891979336,17.46424919657298
TG634,411,154,391,147,TG,4.953301133319715,21.18962010041709
TS555,286,173,299,174,TS,6.963410782744866,13.038404810405298
TS700,291,173,299,174,TS,6.051294550234314,8.06225774829855
GG374,222,471,228,469,GG,3.653425940541995,6.324555320336759
TS765,404,228,395,229,TS,5.47667895914784,9.055385138137417
TG357,330,326,349,322,TG,5.2655032662531625,19.4164878389476
TG819,346,143,324,155,TG,7.094475639941053,25.059928172283335
GG174,368,329,357,323,GG,6.677859475782576,12.529964086141668
TS758,108,376,97,382,TS,5.236091205233841,12.529964086141668
TS301,381,293,382,278,TS,7.547434080352155,15.033296378372908
TS326,345,84,333,87,TS,5.394812309519988,12.36931687685298
TS704,276,388,276,374,TS,6.304233715972698,14.0
GSD155,212,443,208,441,GSD,6.465053955011491,4.47213595499958
GSD383,324,141,324,145,GSD,4.930139221361259,4.0
GG295,339,197,332,203,GG,6.048284732897006,9.219544457292887
TS343,109,396,118,397,TS,5.327985983086101,9.055385138137417
TS435,91,391,92,395,TS,6.733677289469512,4.123105625617661
TG928,277,409,277,391,TG,5.422974268524624,18.0
TS541,243,184,241,178,TS,4.243435207874777,6.324555320336759
GG281,387,164,392,153,GG,6.5548014385371465,12.083045973594572
GG83,493,162,500,161,GG,4.663772054637512,7.0710678118654755
TS174,68,410,64,419,TS,4.838713686837696,9.848857801796104
GSD30,340,261,342,257,GSD,5.743258984124027,4.47213595499958
TS213,117,393,123,395,TS,4.367101425044005,6.324555320336759
GSD111,50,441,57,440,GSD,6.010128489769913,7.0710678118654755
TS417,382,124,378,126,TS,4.607628212261031,4.47213595499958
GG408,401,247,396,256,GG,7.00224232163016,10.295630140987
TG992,469,94,451,98,TG,4.873108739036228,18.439088914585774
TG10,270,349,277,372,TG,6.177997456765034,24.041630560342615
GSD330,329,353,326,355,GSD,6.318574955406575,3.605551275463989
TG1028,263,158,283,167,TG,4.633604343466631,21.93171219946131
TS736,77,361,70,350,TS,7.3382370777806045,13.038404810405298
GG769,430,108,423,105,GG,5.598913549647408,7.615773105863909
TS755,358,218,348,217,TS,4.898638034073192,10.04987562112089
GSD113,484,217,481,220,GSD,7.060391459343393,4.242640687119285
GG327,127,351,127,359,GG,5.916143563823373,8.0
GG211,261,434,269,439,GG,6.002657264605748,9.433981132056603
GG655,253,166,250,171,GG,5.435587477115495,5.830951894845301
GG136,394,144,400,142,GG,5.399170594055837,6.324555320336759
TS644,77,363,81,381,TS,7.661317030868403,18.439088914585774
GSD158,187,409,185,407,GSD,7.017008180645776,2.8284271247461903
GG132,261,117,268,118,GG,4.169232761282822,7.0710678118654755
GSD400,271,324,270,323,GSD,6.321003904498028,1.4142135623730951
TG93,277,409,277,389,TG,4.513474916036468,20.0
TS320,231,166,220,160,TS,5.789186565190954,12.529964086141668
GSD364,480,160,484,159,GSD,7.779095950129859,4.123105625617661
TG1,159,405,187,407,TG,6.171926468895721,28.071337695236398
GG644,450,178,458,170,GG,6.358320818712919,11.313708498984761
TS258,429,193,435,183,TS,6.663650186970533,11.661903789690601
TG809,114,242,106,272,TG,7.665549636850261,31.04834939252005
TS632,391,175,390,158,TS,7.940966560662945,17.029386365926403
TS333,74,396,66,399,TS,6.358588730481081,8.54400374531753
TS381,278,393,278,408,TS,6.834718588891484,15.0
TG703,386,286,369,313,TG,6.381002512275968,31.906112267087632
TG663,464,127,445,131,TG,5.545853256270109,19.4164878389476
GG777,445,82,435,79,GG,7.524218082676136,10.44030650891055
TS513,402,215,408,223,TS,6.562731878931298,10.0
GSD235,325,168,325,166,GSD,5.513095035413997,2.0
TG791,372,308,361,321,TG,4.148820826937176,17.029386365926403
TG979,191,407,210,417,TG,4.571374098701759,21.470910553583888
TS765,404,218,404,228,TS,5.81784631554094,10.0
TS739,253,163,258,158,TS,6.033526754916242,7.0710678118654755
GSD362,232,261,234,261,GSD,5.254125486146279,2.0
TG1167,309,177,315,170,TG,5.625514168723385,9.219544457292887
GG334,128,392,139,395,GG,6.886408043708851,11.40175425099138
TS30,287,113,292,108,TS,4.173290560434453,7.0710678118654755
GSD295,74,399,77,397,GSD,4.975515461533028,3.605551275463989
GG762,278,88,291,86,GG,7.268470564171533,13.152946437965905
TG470,276,388,275,357,TG,6.71762377785509,31.016124838541646
GG197,366,217,365,227,GG,7.034022903051525,10.04987562112089
GG399,328,122,336,118,GG,7.048748983403449,8.94427190999916
GSD134,434,272,434,273,GSD,4.709088849600761,1.0
GSD300,272,314,276,311,GSD,7.258839042551765,5.0
TS796,504,183,512,180,TS,5.7714501486844085,8.54400374531753
TS673,77,364,74,353,TS,5.828112564993875,11.40175425099138
TS101,428,90,440,92,TS,5.888525990499324,12.165525060596439
GG605,269,105,273,93,GG,7.479828205133087,12.649110640673518
TG641,211,346,190,354,TG,5.320991699234556,22.47220505424423
GSD183,227,382,225,378,GSD,5.688967230794528,4.47213595499958
GG1,253,196,258,193,GG,4.337503299711933,5.830951894845301
GG311,335,199,329,204,GG,4.26038361814039,7.810249675906654
GG776,483,96,479,89,GG,6.475187615889592,8.06225774829855
GSD353,301,341,297,337,GSD,5.564562750193193,5.656854249492381
TG964,259,144,243,142,TG,5.090296187968078,16.1245154965971
TG1012,236,344,256,340,TG,5.373594287659708,20.396078054371138
TS523,279,187,269,188,TS,3.5539475106696834,10.04987562112089
TG1069,373,129,375,139,TG,5.588359449527147,10.198039027185569
GSD270,356,72,361,67,GSD,6.164969861598678,7.0710678118654755
GSD129,278,408,282,407,GSD,6.130750696669672,4.123105625617661
TS731,92,394,94,387,TS,5.926789504064029,7.280109889280518
TG512,478,102,476,122,TG,5.736725982772055,20.09975124224178
GG375,195,394,196,407,GG,6.518696032966998,13.038404810405298
TG66,111,391,93,390,TG,5.15316939675281,18.027756377319946
GSD174,287,137,287,139,GSD,4.726341519753881,2.0
GG746,304,173,299,186,GG,8.653379676338488,13.92838827718412
TG1134,350,82,320,86,TG,6.169339944406652,30.265491900843113
GSD36,397,116,393,119,GSD,6.758881977434523,5.0
TG977,367,314,347,322,TG,5.744276489701964,21.540659228538015
TG950,440,132,429,147,TG,4.417090018569226,18.601075237738275
GG579,353,133,353,139,GG,5.3547746699914285,6.0
GSD22,146,426,143,427,GSD,6.930192490082174,3.1622776601683795
GSD34,428,106,428,111,GSD,5.909603108525495,5.0
TG167,260,444,238,437,TG,5.99956862414706,23.08679276123039
GSD338,330,301,332,301,GSD,5.426719833207017,2.0
GG403,435,219,424,217,GG,5.364833806360771,11.180339887498949
GSD163,152,305,152,311,GSD,5.260775866997058,6.0
GSD102,282,94,280,98,GSD,7.090153166584351,4.47213595499958
GG342,353,230,356,222,GG,6.519833673042186,8.54400374531753
GG428,190,416,193,407,GG,6.571472993447692,9.486832980505138
TG166,221,152,238,142,TG,5.6915450055445405,19.72308292331602
TG448,330,124,354,121,TG,5.484435817146835,24.186773244895647
GG658,294,88,305,88,GG,6.428572715576041,11.0
TS627,87,404,90,410,TS,3.417004349613091,6.708203932499369
TS148,470,220,481,217,TS,5.881472429741227,11.40175425099138
GG661,435,80,433,87,GG,5.637923105113444,7.280109889280518
TG96,339,324,365,319,TG,5.867559925017043,26.476404589747453
GG97,480,93,478,92,GG,6.289785061967504,2.23606797749979
GG438,250,500,243,499,GG,5.91367825148914,7.0710678118654755
GG479,324,190,331,182,GG,6.509557688790572,10.63014581273465
GG207,455,60,459,62,GG,3.687807595575613,4.47213595499958
GSD350,318,71,312,67,GSD,5.712605275910434,7.211102550927978
TS758,117,370,108,376,TS,4.94574805128198,10.816653826391969
GSD270,346,90,348,90,GSD,5.707428005076604,2.0
GG234,313,89,323,87,GG,4.854539970865069,10.198039027185569
TG263,228,165,249,160,TG,4.973434785137795,21.587033144922902
TS681,81,394,83,387,TS,4.334865805710358,7.280109889280518
TG898,386,282,388,259,TG,4.327643331644569,23.08679276123039
TS391,240,163,239,162,TS,4.449900085333407,1.4142135623730951
GSD5,335,247,334,250,GSD,5.600440316512973,3.1622776601683795
TS117,281,318,281,310,TS,7.376985663199704,8.0
TG334,479,103,478,120,TG,6.3489342340993575,17.029386365926403
TS188,127,396,119,397,TS,6.081295594105316,8.06225774829855
TS376,282,171,290,172,TS,6.615174146471235,8.06225774829855
TS582,443,96,433,91,TS,5.039450984161796,11.180339887498949
TS346,377,135,388,133,TS,5.708118130968094,11.180339887498949
GSD76,191,338,190,340,GSD,5.650742491572174,2.23606797749979
TS486,238,143,246,150,TS,5.255923376221549,10.63014581273465
TG1040,479,118,457,126,TG,5.744593529160337,23.40939982143925
TS139,252,337,261,332,TS,6.173466673919306,10.295630140987
TS41,301,102,294,109,TS,6.264958543048351,9.899494936611665
GG130,240,180,241,186,GG,4.696342628015408,6.082762530298219
GSD279,484,176,483,175,GSD,6.984721278105255,1.4142135623730951
TG846,435,177,432,161,TG,4.469948210415577,16.278820596099706
GSD212,29,436,29,437,GSD,6.050589592373822,1.0
GSD180,464,119,461,118,GSD,6.549664085874742,3.1622776601683795
GSD84,275,411,280,412,GSD,6.070870799368592,5.0990195135927845
TG103,462,127,440,134,TG,5.773501899468666,23.08679276123039
GSD96,379,264,382,266,GSD,5.742692582838345,3.605551275463989
TG490,444,95,416,96,TG,6.69264873483323,28.0178514522438
GG525,306,142,306,151,GG,6.731037235925999,9.0
GG777,432,97,438,106,GG,7.063309928541379,10.816653826391969
GSD397,381,286,380,291,GSD,6.226972257763142,5.0990195135927845
TG1039,94,389,90,371,TG,5.415295156073671,18.439088914585774
TS398,435,183,430,194,TS,7.131325820072823,12.083045973594572
GSD369,358,297,355,295,GSD,6.365500507265832,3.605551275463989
GSD181,398,301,393,299,GSD,6.5585493237758765,5.385164807134504
TG1160,323,329,306,329,TG,4.711153990853025,17.0
TG402,311,93,340,85,TG,7.3476430495220235,30.083217912982647
TG867,260,444,267,426,TG,6.958805536939628,19.313207915827967
GSD307,388,150,385,150,GSD,8.044351247569622,3.0
GG559,510,162,498,162,GG,7.299737834254666,12.0
GG617,135,369,141,367,GG,4.415545090531406,6.324555320336759
TG879,277,407,275,383,TG,5.2741937390751,24.08318915758459
TS200,413,219,431,221,TS,6.416696584293238,18.110770276274835
TG416,220,347,204,347,TG,4.804715233821885,16.0
TS32,50,361,58,372,TS,6.999494097836254,13.601470508735444
TS211,502,159,515,157,TS,5.5116277068701045,13.152946437965905
TS344,362,136,372,130,TS,6.004861275892511,11.661903789690601
TS135,466,219,453,224,TS,6.047782200224433,13.92838827718412
GSD119,312,409,316,411,GSD,4.790894608758514,4.47213595499958
TG514,307,177,333,173,TG,6.244640815245506,26.30589287593181
TG586,267,133,257,148,TG,6.396364289704989,18.027756377319946
GG399,320,123,328,122,GG,5.4808065026340955,8.06225774829855
TG182,157,404,180,407,TG,4.666485917597983,23.194827009486403
GG769,423,105,415,106,GG,7.155949687464375,8.06225774829855
TG532,335,178,318,194,TG,6.3039335401828245,23.345235059857504
GG574,321,161,308,162,GG,6.501867637011049,13.038404810405298
TS655,165,233,159,236,TS,3.302950669669925,6.708203932499369
GSD224,447,135,448,134,GSD,6.360101775448307,1.4142135623730951
GSD333,350,314,352,314,GSD,4.619696609153465,2.0
TS397,237,135,242,142,TS,4.342329539791655,8.602325267042627
GG353,306,149,305,141,GG,5.483360396887527,8.06225774829855
TS767,130,244,115,247,TS,6.543508369263269,15.297058540778355
TS224,51,366,60,375,TS,5.593301473714132,12.727922061357855
GG321,248,190,250,198,GG,5.779356219234394,8.246211251235321
GSD135,272,347,271,345,GSD,4.151160098481896,2.23606797749979
GSD331,26,434,24,438,GSD,4.079142557161298,4.47213595499958
TG29,259,165,285,170,TG,5.413985155004103,26.476404589747453
TS604,477,99,478,105,TS,4.230052687536662,6.082762530298219
TS330,238,165,228,165,TS,6.037621310458449,10.0
GG791,309,124,302,125,GG,6.130939443471824,7.0710678118654755
TG487,318,173,334,181,TG,7.040486937997201,17.88854381999832
TS742,191,410,201,406,TS,7.588764949257758,10.770329614269007
GSD88,208,378,204,376,GSD,4.038069538937265,4.47213595499958
GSD110,256,335,263,331,GSD,6.215199819276204,8.06225774829855
TG255,333,172,308,171,TG,5.697222488995896,25.019992006393608
GG324,233,198,238,198,GG,4.02595524223138,5.0
TG10,240,344,270,349,TG,8.192611909985832,30.4138126514911
TS133,371,220,381,223,TS,5.5549782332541415,10.44030650891055
GG733,363,122,356,121,GG,5.19399664837597,7.0710678118654755
TG1128,252,162,274,169,TG,5.545641067831633,23.08679276123039
TG812,437,97,416,113,TG,6.296291640493754,26.40075756488817
TG547,444,95,474,96,TG,7.7708989814470515,30.01666203960727
TS62,389,146,390,144,TS,7.3421566500786355,2.23606797749979
GSD398,329,220,329,218,GSD,4.732865869292953,2.0
TG570,331,182,314,204,TG,6.295499651663133,27.80287754891569
TS112,251,339,250,345,TS,4.3529148579689725,6.082762530298219
GG250,432,163,430,168,GG,4.902306829922718,5.385164807134504
GSD60,418,207,422,206,GSD,4.548191815692412,4.123105625617661
TG250,160,405,185,408,TG,6.431658094342291,25.179356624028344
TG461,315,332,339,324,TG,6.190672854564236,25.298221281347036
TG660,324,157,304,176,TG,6.688894987050469,27.586228448267445
TS124,230,148,219,154,TS,7.279904322369646,12.529964086141668
GSD283,225,227,225,225,GSD,5.480800910043167,2.0
GSD87,349,416,349,413,GSD,4.518861473419065,3.0
GG372,310,196,309,195,GG,5.100527579571672,1.4142135623730951
GG350,360,223,360,213,GG,7.237604111974556,10.0
TG213,315,195,335,178,TG,6.595527650607289,26.248809496813376
GSD385,316,156,319,160,GSD,6.526271340112784,5.0
TG186,290,172,264,158,TG,6.272600914250209,29.5296461204668
GG16,315,196,313,199,GG,5.5639481355024465,3.605551275463989
GG473,176,441,175,446,GG,4.075265034445295,5.0990195135927845
GSD371,328,352,321,351,GSD,6.626671514675522,7.0710678118654755
GSD112,445,209,446,213,GSD,4.86751537608383,4.123105625617661
TG774,295,287,284,305,TG,5.827935256203606,21.095023109728988
GSD272,290,227,289,228,GSD,5.1751102355482725,1.4142135623730951
TS235,273,327,262,332,TS,6.883427202480611,12.083045973594572
TG699,152,403,179,405,TG,6.450855591221386,27.073972741361768
TS332,351,121,363,122,TS,6.59362373613865,12.041594578792296
GSD280,360,356,356,356,GSD,7.257200495469807,4.0
TS494,241,170,244,177,TS,4.64625051007139,7.615773105863909
GG489,437,68,436,73,GG,3.822366174092325,5.0990195135927845
TS619,185,355,170,357,TS,6.551983574878452,15.132745950421556
GG517,414,143,400,142,GG,7.379839505536328,14.035668847618199
TG876,152,403,132,399,TG,5.329624325158411,20.396078054371138
TS506,241,144,247,151,TS,4.800758730408685,9.219544457292887
GG515,276,390,275,383,GG,5.468858786649815,7.0710678118654755
TG40,315,212,326,184,TG,5.996792843279934,30.083217912982647
GSD133,299,270,296,275,GSD,7.967690913448283,5.830951894845301
GG578,334,86,344,84,GG,5.079682775458867,10.198039027185569
TG777,139,400,162,404,TG,4.8767173900340754,23.345235059857504
TG13,312,174,322,166,TG,4.613419205277356,12.806248474865697
GSD272,288,223,288,224,GSD,6.501528389083343,1.0
TS566,51,365,57,372,TS,5.854112975691101,9.219544457292887
GSD72,225,377,224,377,GSD,5.320664424741011,1.0
TS419,314,333,304,328,TS,5.949715622168844,11.180339887498949
TG1142,278,315,290,296,TG,5.194846905779916,22.47220505424423
TS731,89,364,88,353,TS,5.605637549229559,11.045361017187261
GSD160,358,132,358,133,GSD,3.939049175887745,1.0
GG386,242,140,239,140,GG,7.276457946509787,3.0
GSD113,484,198,483,201,GSD,4.960198829368338,3.1622776601683795
TS511,415,219,409,216,TS,3.9815612340010027,6.708203932499369
GSD298,260,206,260,204,GSD,5.349167511652249,2.0
TG684,429,145,448,130,TG,6.534038677457668,24.20743687382041
TS745,110,391,96,388,TS,6.6380928775869315,14.317821063276353
GSD339,443,206,442,204,GSD,5.705787352475831,2.23606797749979
TG1155,463,95,483,92,TG,6.021431396093897,20.223748416156685
TG63,248,159,264,167,TG,5.39359810865937,17.88854381999832
TG531,316,211,323,188,TG,6.722187732575225,24.041630560342615
TS746,314,175,323,174,TS,5.838049981553247,9.055385138137417
GG570,268,85,272,80,GG,6.380229545213984,6.4031242374328485
GSD370,179,280,183,284,GSD,7.01817148397037,5.656854249492381
GSD208,390,110,389,114,GSD,7.858557269642873,4.123105625617661
TG7,405,107,417,95,TG,4.640633889846376,16.97056274847714
TG652,117,370,135,369,TG,4.863355875066502,18.027756377319946
GSD287,370,302,374,299,GSD,5.60890184566086,5.0
TG74,302,267,290,297,TG,6.870494691646204,32.31098884280702
GSD23,361,212,357,210,GSD,6.18764848489668,4.47213595499958
TS193,295,322,281,318,TS,6.201921332826387,14.560219778561036
GSD264,29,442,28,448,GSD,5.884562360588738,6.082762530298219
GSD354,354,93,356,98,GSD,6.4333522668915855,5.385164807134504
GG118,340,219,350,221,GG,5.917419934198925,10.198039027185569
GG718,366,218,368,213,GG,5.095669426621495,5.385164807134504
TS540,264,170,258,164,TS,6.222883601307634,8.48528137423857
GG147,270,411,264,426,GG,8.684272854184456,16.15549442140351
TS59,285,304,278,314,TS,5.5024921388750645,12.206555615733702
TG360,330,123,362,121,TG,6.689683001448685,32.0624390837628
GG496,275,186,285,186,GG,5.4705583828905695,10.0
TG729,346,144,363,134,TG,5.707176749965908,19.72308292331602
GG658,305,88,311,93,GG,5.6367076349395235,7.810249675906654
GG298,465,65,458,62,GG,6.436089991495415,7.615773105863909
GSD259,518,150,511,153,GSD,7.54712814637751,7.615773105863909
GG546,331,157,341,151,GG,7.71079482555475,11.661903789690601
TG177,223,162,227,148,TG,5.448943129571828,14.560219778561036
GSD29,399,300,395,299,GSD,7.184988974188961,4.123105625617661
TS591,91,405,86,402,TS,6.24614566108329,5.830951894845301
TG712,311,238,316,214,TG,5.6547780769814135,24.515301344262525
GSD66,367,301,364,301,GSD,2.9287476562513177,3.0
TG155,277,409,273,423,TG,4.359186292201226,14.560219778561036
TG873,249,147,268,162,TG,5.759596367679378,24.20743687382041
GG532,198,273,206,268,GG,5.672000754638935,9.433981132056603
TG846,424,153,397,151,TG,5.9603133528559145,27.073972741361768
GG134,281,453,279,451,GG,5.40432538110702,2.8284271247461903
GSD49,325,154,328,156,GSD,6.66864590789837,3.605551275463989
TS742,181,412,191,410,TS,4.392456358828724,10.198039027185569
GSD381,431,123,427,123,GSD,5.93037745008813,4.0
GSD229,323,357,322,356,GSD,5.681413849781864,1.4142135623730951
GG602,450,66,454,60,GG,4.553344074578927,7.211102550927978
TG437,422,91,441,93,TG,5.656086172382819,19.1049731745428
GG588,367,55,367,47,GG,5.866688569284495,8.0
GG616,268,119,274,121,GG,6.516919847889786,6.324555320336759
TG822,248,160,230,166,TG,5.216693989579001,18.973665961010276
TS462,82,381,78,370,TS,5.694611358899472,11.704699910719626
TS90,94,293,84,300,TS,6.742840817835139,12.206555615733702
TS567,307,257,308,247,TS,4.349059628786247,10.04987562112089
TG159,444,95,413,99,TG,7.832157802469234,31.25699921617557
TG181,316,209,328,183,TG,6.3490513189581685,28.635642126552707
GG411,256,118,265,117,GG,5.211362236268917,9.055385138137417
TS772,91,400,89,409,TS,6.8808242147015335,9.219544457292887
TS483,104,273,104,286,TS,5.364648699920172,13.0
TG423,294,172,279,165,TG,5.131174109685549,16.55294535724685
GG383,323,320,321,329,GG,5.2322536021733175,9.219544457292887
TS625,223,168,214,170,TS,4.945246226412117,9.219544457292887
TS401,68,410,65,398,TS,5.697244006298062,12.36931687685298
TS375,140,241,152,240,TS,5.768695366495052,12.041594578792296
TG271,259,144,265,161,TG,6.618036139492733,18.027756377319946
TS125,387,122,382,118,TS,5.972138860296663,6.4031242374328485
GSD176,347,400,344,398,GSD,3.975397740729497,3.605551275463989
GSD165,175,368,173,368,GSD,4.544730729449839,2.0
TS714,389,137,392,148,TS,7.236623046792278,11.40175425099138
TG1025,275,144,298,138,TG,6.0446687286107625,23.769728648009426
GSD380,409,223,406,222,GSD,6.5798192382362295,3.1622776601683795
TS768,303,175,292,172,TS,6.725140611250017,11.40175425099138
TS21,389,126,381,124,TS,5.129541621141622,8.246211251235321
GSD257,479,156,478,159,GSD,6.788375227714425,3.1622776601683795
GG324,219,186,211,189,GG,6.70425390841813,8.54400374531753
GG341,355,97,362,105,GG,5.142693175119662,10.63014581273465
TG784,139,400,162,406,TG,5.528657782269736,23.769728648009426
GG283,167,315,154,317,GG,5.951335244387584,13.152946437965905
GSD291,143,342,140,340,GSD,6.555220919455564,3.605551275463989
TG978,274,362,276,383,TG,4.704223226219238,21.095023109728988
TG1164,361,320,381,297,TG,6.891157078928048,30.479501308256342
TG170,256,164,285,173,TG,6.326318867033851,30.364452901377952
GSD112,448,206,445,205,GSD,7.045534237966599,3.1622776601683795
TS170,399,114,391,120,TS,4.535292782969137,10.0
GG549,306,155,306,146,GG,5.8975242765116995,9.0
GSD399,343,98,347,93,GSD,6.469575316543221,6.4031242374328485
GSD338,325,302,330,301,GSD,5.969211998704456,5.0990195135927845
TS269,389,144,387,132,TS,5.075706622223665,12.165525060596439
GG764,365,351,363,343,GG,4.881709403256054,8.246211251235321
TG746,211,346,186,356,TG,6.706079636848983,26.92582403567252
GSD298,258,204,257,207,GSD,6.210555775829082,3.1622776601683795
TS707,237,169,242,167,TS,6.417253602194517,5.385164807134504
TG1090,477,122,447,129,TG,6.7631561306167605,30.805843601498726
TG54,260,444,233,433,TG,6.807020608361487,29.154759474226502
TS344,388,124,389,139,TS,6.734664056894662,15.033296378372908
GSD173,444,55,441,54,GSD,5.893942157358758,3.1622776601683795
TS676,455,98,448,96,TS,5.699151537165733,7.280109889280518
TG37,422,91,406,106,TG,4.505607882801933,21.93171219946131
TG51,403,108,384,125,TG,5.848235726245619,25.495097567963924
TS576,251,153,243,148,TS,6.218280725108169,9.433981132056603
TS238,223,151,218,155,TS,3.962905072694543,6.4031242374328485
GG500,162,470,151,467,GG,5.410558857734878,11.40175425099138
GG193,443,216,456,212,GG,7.979596966645499,13.601470508735444
TG1171,245,161,225,163,TG,5.975235753552801,20.09975124224178
GSD213,287,137,283,144,GSD,6.915735298439664,8.06225774829855
GSD96,373,261,379,264,GSD,6.6819536405304945,6.708203932499369
TS391,246,161,240,163,TS,5.707401069279683,6.324555320336759
GG621,508,162,517,161,GG,5.362003315398617,9.055385138137417
GSD337,146,427,143,428,GSD,5.679201983520414,3.1622776601683795
GG572,423,93,427,92,GG,4.17361564662483,4.123105625617661
TS688,401,241,404,232,TS,5.715734227868095,9.486832980505138
GSD243,148,401,152,401,GSD,5.800248811203239,4.0
TG549,240,344,216,346,TG,6.14650078976037,24.08318915758459
GG646,214,193,215,198,GG,4.715940873129589,5.0990195135927845
GG379,313,208,323,212,GG,7.73574544471667,10.770329614269007
TG1124,78,400,91,392,TG,6.597990771678344,15.264337522473747
GSD333,346,323,343,323,GSD,5.479693785919109,3.0
GG398,298,191,289,185,GG,7.092466730426092,10.816653826391969
TS729,390,142,386,145,TS,4.924031530077684,5.0
GG652,239,207,240,198,GG,4.627649937029201,9.055385138137417
TG506,324,160,314,171,TG,5.721688452744587,14.866068747318506
TG1191,187,407,208,415,TG,5.973305481778104,22.47220505424423
TG238,158,362,128,371,TG,6.118850170967018,31.32091952673165
TS721,432,221,419,220,TS,5.895239444321749,13.038404810405298
TG826,328,328,307,329,TG,5.851828657601516,21.02379604162864
TS496,451,173,459,164,TS,6.60507498203674,12.041594578792296
GG348,254,443,254,437,GG,4.527098312086403,6.0
GSD50,259,443,259,441,GSD,5.49344498462661,2.0
GG486,468,161,462,164,GG,5.567071335980117,6.708203932499369
TS529,289,320,299,324,TS,5.9468753440587,10.770329614269007
GG725,348,240,350,237,GG,3.988545391273099,3.605551275463989
GSD71,262,134,266,136,GSD,4.878559224432863,4.47213595499958
GSD83,311,92,314,91,GSD,5.804020644773555,3.1622776601683795
TG695,220,427,202,411,TG,5.472925314979972,24.08318915758459
TS133,346,218,362,220,TS,5.861472965708877,16.1245154965971
TG605,417,208,408,222,TG,5.086363668119078,16.64331697709324
GSD142,254,471,254,472,GSD,6.874489119782693,1.0
TG770,328,172,328,183,TG,4.716613192359704,11.0
GG340,256,148,255,139,GG,7.372681169057641,9.055385138137417
GSD143,360,176,359,175,GSD,7.419914539066426,1.4142135623730951
TS294,207,346,224,345,TS,7.121295826237991,17.029386365926403
GSD357,249,456,250,452,GSD,5.334601083551643,4.123105625617661
GG708,245,208,244,216,GG,4.010601507945367,8.06225774829855
GG295,341,199,339,197,GG,3.3737210403513944,2.8284271247461903
TG280,396,116,377,126,TG,5.134196520515423,21.470910553583888
TG392,297,324,319,331,TG,6.127452368246127,23.08679276123039
TS12,181,356,170,356,TS,5.1144174382045176,11.0
GSD333,340,288,339,283,GSD,5.023852083938124,5.0990195135927845
TG511,187,407,210,417,TG,5.694963959649376,25.079872407968907
GG93,194,408,192,407,GG,2.0764711018062307,2.23606797749979
TS330,211,156,208,166,TS,5.8305192661718905,10.44030650891055
TS373,354,326,340,324,TS,6.2770967436300324,14.142135623730951
GG225,432,185,437,194,GG,7.639207877729259,10.295630140987
GG1,263,160,258,159,GG,5.245482003765475,5.0990195135927845
GG190,250,173,253,166,GG,5.058488803865963,7.615773105863909
TG799,275,376,278,395,TG,4.23787236545046,19.235384061671343
GG449,357,313,364,304,GG,5.545335174174961,11.40175425099138
TS332,330,124,339,122,TS,4.472341241176592,9.219544457292887
GG259,412,95,416,100,GG,4.8966390366293915,6.4031242374328485
GG587,410,110,414,112,GG,6.819601069438253,4.47213595499958
TG2,429,145,411,153,TG,5.224088965146388,19.697715603592208
TG129,382,296,385,265,TG,6.451839706653072,31.144823004794873
TG629,437,92,461,96,TG,5.23415852558573,24.331050121192877
GSD298,262,209,260,206,GSD,6.574745016072487,3.605551275463989
TG337,245,146,229,127,TG,5.662982740156513,24.839484696748443
TG745,255,438,233,433,TG,6.537107229037561,22.561028345356956
GG260,320,336,322,330,GG,3.845517038097799,6.324555320336759
GG357,323,212,323,203,GG,5.628963549950679,9.0
GSD188,250,188,255,188,GSD,6.570835833916519,5.0
TG1117,309,177,337,172,TG,6.052202207438866,28.442925306655784
GSD368,316,172,311,173,GSD,6.144782546821805,5.0990195135927845
GSD73,413,120,409,119,GSD,6.402532160500787,4.123105625617661
GSD346,185,357,189,361,GSD,6.679838753340832,5.656854249492381
GSD350,315,88,316,85,GSD,7.371857102816161,3.1622776601683795
GSD123,325,249,330,249,GSD,7.068782868626805,5.0
GSD251,282,121,279,119,GSD,5.266400127382676,3.605551275463989
GSD337,188,429,185,429,GSD,3.4268622174511947,3.0
GSD183,219,374,212,372,GSD,7.2136140699089495,7.280109889280518
TS172,266,339,272,328,TS,6.664598167169116,12.529964086141668
GG274,475,162,486,162,GG,6.777962268912656,11.0
GG568,369,210,367,216,GG,5.08541865689741,6.324555320336759
TG799,271,423,246,440,TG,6.895084122882462,30.23243291566195
GSD291,152,311,149,317,GSD,6.4647227942565095,6.708203932499369
TS303,352,78,344,83,TS,5.632696182532124,9.433981132056603
GG64,437,106,434,98,GG,7.465172256785095,8.54400374531753
GG59,386,164,383,172,GG,4.773122753048281,8.54400374531753
GSD70,341,260,336,263,GSD,7.7387250848113815,5.830951894845301
TS237,372,308,377,303,TS,7.167475245299816,7.0710678118654755
GSD352,243,238,241,233,GSD,5.510388495804383,5.385164807134504
GG102,227,109,227,118,GG,4.429470388490193,9.0
GSD157,217,427,217,434,GSD,6.774339657909017,7.0
GG692,386,217,380,219,GG,5.0469787438611,6.324555320336759
GSD95,402,309,401,307,GSD,5.0810024655746595,2.23606797749979
GSD313,451,218,450,214,GSD,4.794289420264079,4.123105625617661
TG292,231,431,208,416,TG,7.378375601229338,27.459060435491963
GSD300,280,299,283,297,GSD,3.92247851803333,3.605551275463989
GSD32,337,243,336,247,GSD,6.810491101694786,4.123105625617661
GSD101,387,343,388,335,GSD,6.7316969250690715,8.06225774829855
GSD11,493,78,490,77,GSD,5.687386026051971,3.1622776601683795
GG531,226,124,230,129,GG,4.607933326694621,6.4031242374328485
TG717,350,82,325,87,TG,6.516918265088959,25.495097567963924
TS629,398,114,392,120,TS,5.981818597962694,8.48528137423857
TG706,438,93,454,98,TG,4.983544760828931,16.76305461424021
TG931,396,116,379,125,TG,5.2040757432405,19.235384061671343
TS575,241,144,235,139,TS,5.356768415147214,7.810249675906654
GG37,528,157,527,150,GG,5.906806510332089,7.0710678118654755
GG242,347,240,354,230,GG,7.078843788304562,12.206555615733702
TS574,414,218,406,225,TS,6.008887167765096,10.63014581273465
GSD187,278,111,276,113,GSD,5.8804447735351,2.8284271247461903
GSD231,351,229,354,223,GSD,7.663231995060967,6.708203932499369
GSD363,255,332,253,327,GSD,6.627403719054085,5.385164807134504
GSD192,180,304,180,308,GSD,6.8758925019691635,4.0
GG430,407,100,410,106,GG,6.55196053832551,6.708203932499369
GSD5,328,223,331,224,GSD,4.610648863526087,3.1622776601683795
TS335,229,166,217,170,TS,6.373574343838042,12.649110640673518
GG6,327,389,318,394,GG,5.957859546264818,10.295630140987
GSD255,508,152,509,152,GSD,4.787755442844961,1.0
TS491,262,167,269,168,TS,5.504752301261467,7.0710678118654755
GG314,311,121,311,114,GG,4.570097837202444,7.0
GG508,476,91,468,94,GG,5.730628674510577,8.54400374531753
GSD33,321,276,326,276,GSD,4.931684978087766,5.0
GSD381,427,126,425,130,GSD,6.161414685940532,4.47213595499958
GSD297,287,148,281,146,GSD,5.124838642527969,6.324555320336759
TS212,228,432,230,432,TS,6.410948975957494,2.0
TG720,361,121,330,123,TG,6.418257655769184,31.064449134018133
GSD183,212,372,209,370,GSD,5.493151089849377,3.605551275463989
TS788,276,388,277,376,TS,5.876758955530486,12.041594578792296
TS768,307,171,303,175,TS,5.159235791462457,5.656854249492381
GG660,158,402,166,403,GG,5.419637714163172,8.06225774829855
GG694,360,206,355,198,GG,6.614482559896818,9.433981132056603
TS776,335,171,333,180,TS,6.550911607989928,9.219544457292887
TG525,259,165,285,171,TG,6.344723084644151,26.68332812825267
GG414,420,136,421,145,GG,6.168905460535435,9.055385138137417
TG318,332,124,307,131,TG,6.2604452168516325,25.96150997149434
GG177,431,168,430,177,GG,6.354748097792652,9.055385138137417
GG394,313,195,306,194,GG,6.428924816847895,7.0710678118654755
GSD99,479,201,482,201,GSD,5.904972933526553,3.0
TS237,358,323,363,320,TS,5.273809601757303,5.830951894845301
GSD189,455,158,451,159,GSD,6.3439530404365385,4.123105625617661
TG233,94,389,89,368,TG,5.44887695817511,21.587033144922902
GG61,436,188,434,195,GG,6.223875784104273,7.280109889280518
TG781,123,396,98,389,TG,5.356359245159895,25.96150997149434
GSD375,406,224,404,222,GSD,4.650706099671732,2.8284271247461903
TS702,237,171,244,177,TS,6.524989362512995,9.219544457292887
GSD335,263,123,262,118,GSD,6.034598747492208,5.0990195135927845
GSD324,317,207,318,203,GSD,7.1088162904208545,4.123105625617661
GG784,407,144,396,142,GG,6.941310985174505,11.180339887498949
GSD291,140,340,136,340,GSD,5.586176471205917,4.0
TG1048,264,148,288,145,TG,5.322034928484625,24.186773244895647
GG361,276,383,275,371,GG,5.5591626809555565,12.041594578792296
GSD182,420,180,420,181,GSD,6.23847241365462,1.0
TS669,143,219,131,225,TS,5.859876542726571,13.416407864998739
GSD188,243,183,247,182,GSD,6.711369683797464,4.123105625617661
TS412,287,171,283,168,TS,4.0900625577728675,5.0
TS350,443,95,456,97,TS,5.635829202222004,13.152946437965905
GG765,449,94,453,101,GG,5.852441194115007,8.06225774829855
GG776,479,89,470,94,GG,5.85126688047864,10.295630140987
GSD52,405,250,411,251,GSD,6.7310024165855005,6.082762530298219
TG1035,329,183,317,194,TG,4.97055573165808,16.278820596099706
GSD330,347,355,343,355,GSD,7.1231637422482805,4.0
GSD375,404,222,404,224,GSD,4.587712118586344,2.0
TG1086,282,114,303,102,TG,5.720759667094084,24.186773244895647
TS698,141,400,129,397,TS,7.803876673971123,12.36931687685298
TS351,476,100,483,115,TS,6.748121682756249,16.55294535724685
GSD257,470,152,472,152,GSD,4.79049716704162,2.0
GSD300,287,293,289,295,GSD,6.319615714427975,2.8284271247461903
TG971,228,127,236,136,TG,4.084917347127331,12.041594578792296
TG222,156,404,180,407,TG,5.056213369405332,24.186773244895647
TS339,302,176,291,173,TS,7.018138990102305,11.40175425099138
GG267,250,139,243,140,GG,5.828718725059801,7.0710678118654755
TG795,467,127,449,129,TG,4.8666644233393,18.110770276274835
GSD32,336,247,338,251,GSD,7.764323452187584,4.47213595499958
TS531,93,388,100,395,TS,5.565530099841461,9.899494936611665
GG748,458,161,464,161,GG,6.669629317385027,6.0
GSD289,337,313,334,317,GSD,6.6373053756163785,5.0
TS711,113,250,110,255,TS,2.93128015818807,5.830951894845301
TS596,319,169,320,166,TS,6.554425827068497,3.1622776601683795
GG42,133,457,141,460,GG,7.095963945067538,8.54400374531753
TG501,184,407,200,411,TG,4.3954062050595715,16.492422502470642
TS672,361,320,346,322,TS,6.022003930635228,15.132745950421556
GG469,429,174,431,167,GG,4.7707046164974685,7.280109889280518
GSD275,210,405,213,403,GSD,6.397252426205329,3.605551275463989
TG834,349,83,360,68,TG,5.863917397697291,18.601075237738275
TS568,330,152,338,149,TS,6.428642966595081,8.54400374531753
TG698,364,318,378,303,TG,5.748604207620225,20.518284528683193
GSD266,329,366,329,369,GSD,5.094737310485307,3.0
GG321,250,198,262,191,GG,7.97491235068075,13.892443989449804
GG147,272,400,269,406,GG,4.716247412973328,6.708203932499369
GG416,229,496,237,498,GG,5.256326958963701,8.246211251235321
GSD240,380,324,375,324,GSD,7.117799984898913,5.0
TG689,277,405,277,381,TG,6.4184872898346725,24.0
TS718,336,381,337,368,TS,6.288572803322441,13.038404810405298
GSD191,469,180,469,182,GSD,5.456463451527621,2.0
TS211,491,161,502,159,TS,4.832242335895006,11.180339887498949
TS629,403,108,398,114,TS,7.080297166333518,7.810249675906654
GSD222,391,174,392,170,GSD,6.369282513465997,4.123105625617661
TG970,418,109,404,127,TG,4.417986408592114,22.80350850198276
GG419,414,107,408,111,GG,5.275839691633443,7.211102550927978
TG203,167,405,192,406,TG,5.306680953178108,25.019992006393608
TG173,259,165,243,165,TG,4.704568789935298,16.0
GG275,469,93,461,95,GG,5.647917672258217,8.246211251235321
GSD318,231,170,237,168,GSD,6.908621003353671,6.324555320336759
TS31,236,141,241,142,TS,5.728664819361334,5.0990195135927845
GSD112,467,201,460,201,GSD,7.54261084129627,7.0
TG1106,307,248,315,214,TG,7.049425298048123,34.92849839314596
GSD68,327,354,333,350,GSD,5.907380420602179,7.211102550927978
GG760,280,113,275,121,GG,5.845103586661281,9.433981132056603
GSD322,470,161,468,159,GSD,5.502387955317642,2.8284271247461903
GSD277,424,131,425,126,GSD,6.630568141706636,5.0990195135927845
TS697,387,278,386,268,TS,4.377033278196263,10.04987562112089
GSD126,263,331,259,331,GSD,6.502171492803882,4.0
GSD312,320,152,320,155,GSD,6.758007068889434,3.0
TG106,273,356,267,345,TG,3.651731325689214,12.529964086141668
TG1141,157,404,189,407,TG,6.092956954417291,32.14031735997639
TG60,387,280,375,304,TG,6.426212674475428,26.832815729997478
GG574,308,162,306,157,GG,4.818073225194677,5.385164807134504
GG107,220,475,219,482,GG,4.152528770368838,7.0710678118654755
TG140,420,93,438,92,TG,5.427043410721973,18.027756377319946
GSD134,422,282,423,280,GSD,5.667963460803303,2.23606797749979
TS346,373,128,377,135,TS,3.831199926453566,8.06225774829855
GG785,262,168,268,160,GG,6.753830024631316,10.0
GG526,362,249,359,261,GG,7.307171473370289,12.36931687685298
TG1116,185,356,162,360,TG,5.230339900368733,23.345235059857504
TG80,350,322,332,324,TG,4.523496439659026,18.110770276274835
GSD79,254,322,259,321,GSD,5.901037080246454,5.0990195135927845
TS9,460,163,447,175,TS,8.086098847330055,17.69180601295413
TG143,203,349,181,356,TG,4.7797513650312995,23.08679276123039
TS252,315,227,312,237,TS,5.188311201798865,10.44030650891055
TG630,357,321,377,302,TG,6.152733716152107,27.586228448267445
TG160,372,308,344,323,TG,7.55098276499567,31.76476034853718
TG240,276,388,273,356,TG,7.789532466776307,32.14031735997639
GG455,274,160,282,159,GG,5.723190556249312,8.06225774829855
GSD384,491,198,489,195,GSD,7.015168876075704,3.605551275463989
GG580,243,178,246,183,GG,4.811271635757376,5.830951894845301
TG1114,237,136,250,149,TG,6.090604819350387,18.384776310850235
TS245,258,158,259,168,TS,5.851736949042325,10.04987562112089
TS627,90,410,91,405,TS,5.754278995413163,5.0990195135927845
GG601,432,91,435,101,GG,7.333636119537096,10.44030650891055
TS392,120,245,135,245,TS,6.215448834179606,15.0
GSD290,413,250,410,250,GSD,5.850927754854446,3.0
TG129,385,265,391,253,TG,4.005179284535888,13.416407864998739
GG660,166,403,174,406,GG,6.053217346488446,8.54400374531753
GSD382,340,132,345,132,GSD,6.989214924888701,5.0
GG590,398,307,407,307,GG,6.596731491318945,9.0
TG998,351,82,316,89,TG,7.121002989870018,35.6931365951495
TG678,386,282,387,258,TG,5.020770058398504,24.020824298928627
GG794,371,107,366,111,GG,5.090353829218385,6.4031242374328485
GSD233,326,310,327,313,GSD,5.675334430766101,3.1622776601683795
TS230,29,441,17,446,TS,5.4924936873237655,13.0
GG380,306,156,306,144,GG,7.391162785101066,12.0
TG415,316,209,315,225,TG,4.2493352350024285,16.0312195418814
TG385,414,155,430,142,TG,5.463956523625723,20.615528128088304
GG703,358,218,359,208,GG,5.416728633595861,10.04987562112089
GG106,449,176,439,177,GG,5.775606614202182,10.04987562112089
TG908,344,323,322,331,TG,6.4392990663225875,23.40939982143925
TS2,262,140,259,148,TS,6.509972078911126,8.54400374531753
TS294,255,336,261,332,TS,3.619627954338519,7.211102550927978
GG89,357,78,363,71,GG,5.521770222521338,9.219544457292887
GG99,256,142,257,147,GG,4.860608637176451,5.0990195135927845
GSD187,276,116,273,115,GSD,7.61122136580207,3.1622776601683795
GSD197,136,363,131,366,GSD,9.982405074018239,5.830951894845301
TS95,244,163,256,169,TS,7.260990543077661,13.416407864998739
TG924,482,92,459,96,TG,6.3658285225215545,23.345235059857504
GSD108,90,408,87,406,GSD,5.844067497094528,3.605551275463989
TS777,497,81,485,92,TS,7.922528933108769,16.278820596099706
GSD93,248,156,245,155,GSD,6.616526934984597,3.1622776601683795
TG1101,269,424,246,439,TG,6.281311413514543,27.459060435491963
GG604,408,229,408,235,GG,5.528097334121693,6.0
TS291,211,425,201,419,TS,5.032162254556301,11.661903789690601
GG130,241,186,240,197,GG,6.30594027455113,11.045361017187261
GSD25,455,185,456,183,GSD,5.514326862808968,2.23606797749979
GSD205,326,236,327,230,GSD,5.578662425556278,6.082762530298219
GSD373,365,245,364,251,GSD,6.602331238634493,6.082762530298219
GSD161,316,376,319,377,GSD,5.385203782609452,3.1622776601683795
TS130,38,442,52,445,TS,7.007097295983047,14.317821063276353
GG371,335,86,331,84,GG,6.494550372347366,4.47213595499958
TS548,337,174,328,183,TS,5.540376810043465,12.727922061357855
GG84,309,104,312,97,GG,6.268235311426842,7.615773105863909
GSD320,234,377,231,382,GSD,5.921498538821794,5.830951894845301
TG775,282,307,294,291,TG,5.342911843359111,20.0
TG627,290,320,275,322,TG,4.615672452974202,15.132745950421556
TG18,281,318,301,324,TG,5.477024805386348,20.8806130178211
GG659,411,96,412,88,GG,5.801631979861487,8.06225774829855
GSD251,276,115,274,116,GSD,6.347976740453662,2.23606797749979
GSD12,300,367,303,369,GSD,6.924342743383246,3.605551275463989
GG161,425,106,434,108,GG,6.360308807771585,9.219544457292887
TG67,467,127,441,133,TG,6.2871723157568535,26.68332812825267
TS717,240,344,224,346,TS,6.101874834302424,16.1245154965971
TS157,428,192,419,202,TS,5.791079006197773,13.45362404707371
TS617,178,356,188,356,TS,4.84810445830389,10.0
GG351,391,98,377,103,GG,7.7812922408719665,14.866068747318506
TG508,272,169,299,174,TG,7.058395358940667,27.459060435491963
TS132,356,219,367,220,TS,5.235290433664699,11.045361017187261
GSD376,195,370,199,373,GSD,4.784781273309267,5.0
TG116,94,389,92,411,TG,6.943974644585602,22.090722034374522
GSD333,352,314,354,311,GSD,5.409716783033176,3.605551275463989
GSD64,360,135,361,138,GSD,4.472538181819488,3.1622776601683795
GSD248,439,176,437,174,GSD,6.865722087273177,2.8284271247461903
GG540,463,81,472,82,GG,7.020917107566947,9.055385138137417
TS559,321,87,338,87,TS,7.0455708097348175,17.0
GSD323,377,146,380,149,GSD,7.237013980877901,4.242640687119285
GSD258,409,223,405,221,GSD,6.113299625428687,4.47213595499958
TS715,404,124,390,129,TS,6.456334932278821,14.866068747318506
TG1052,266,137,280,116,TG,6.0396965367489415,25.238858928247925
TG668,131,398,108,391,TG,6.528815904786934,24.041630560342615
TS443,268,147,255,148,TS,5.136257020281477,13.038404810405298
TG278,187,407,154,404,TG,6.572413516383484,33.13608305156178
GSD194,193,199,195,197,GSD,4.792842977568776,2.8284271247461903
TS42,106,251,107,265,TS,6.185300441232648,14.035668847618199
TS128,76,331,90,330,TS,5.473983935425931,14.035668847618199
TS273,422,91,430,91,TS,5.089245980123756,8.0
TG1155,444,95,463,95,TG,5.199119244575327,19.0
TG380,187,407,208,415,TG,5.567372792259747,22.47220505424423
TS652,233,166,218,160,TS,8.122599615477212,16.15549442140351
GSD78,298,78,295,77,GSD,5.0965442764573154,3.1622776601683795
TG251,349,322,332,325,TG,4.1644292401707865,17.26267650163207
GSD25,472,160,477,161,GSD,7.747157952317764,5.0990195135927845
TG347,260,156,279,166,TG,6.066914338449353,21.470910553583888
TS44,228,165,221,160,TS,6.133464967168309,8.602325267042627
GSD34,437,117,435,117,GSD,4.576395763368057,2.0
GG490,237,209,240,201,GG,4.914018677215868,8.54400374531753
GSD204,435,44,438,43,GSD,5.042022805391383,3.1622776601683795
TG297,263,341,272,353,TG,3.685623728758772,15.0
TG231,417,112,405,124,TG,5.120630559675579,16.97056274847714
GG310,263,167,263,177,GG,6.019400825457163,10.0
TG94,91,327,89,341,TG,3.324497092094057,14.142135623730951
TS347,280,117,275,124,TS,4.523710341319964,8.602325267042627
TG277,302,267,308,243,TG,5.219379852080667,24.73863375370596
GSD197,160,357,157,360,GSD,5.993759596542882,4.242640687119285
GG270,217,187,227,182,GG,7.293008755958939,11.180339887498949
GG34,333,201,325,201,GG,6.042575852823093,8.0
GG616,274,121,270,133,GG,5.272147097201894,12.649110640673518
GSD12,308,372,309,377,GSD,5.158745201638908,5.0990195135927845
GSD227,276,76,270,75,GSD,6.570821328522955,6.082762530298219
GG669,402,178,390,176,GG,6.879711352817932,12.165525060596439
TG419,226,346,203,349,TG,5.153631809392942,23.194827009486403
GSD346,184,360,185,357,GSD,6.506817801220515,3.1622776601683795
GG314,311,114,310,100,GG,7.458889140525031,14.035668847618199
GSD392,321,89,316,91,GSD,4.099430564560759,5.385164807134504
TS498,257,166,269,169,TS,6.117508014860816,12.36931687685298
GSD48,362,65,365,63,GSD,5.453063559779286,3.605551275463989
TG726,314,201,315,229,TG,5.749172773049858,28.0178514522438
TG533,278,403,276,375,TG,6.271564561002564,28.071337695236398
TG897,326,163,343,152,TG,5.62168380871898,20.248456731316587
TG434,301,323,273,327,TG,6.325359433639946,28.284271247461902
GG630,405,141,394,144,GG,6.701827627792312,11.40175425099138
TS316,318,173,317,170,TS,6.3120496935433,3.1622776601683795
GSD112,472,212,467,208,GSD,5.865984044943831,6.4031242374328485
GSD23,373,215,368,216,GSD,7.36791044614251,5.0990195135927845
TS574,431,221,414,218,TS,6.955284742532435,17.26267650163207
TS468,118,245,136,244,TS,7.661234159001067,18.027756377319946
TS616,379,221,389,227,TS,5.962093675402437,11.661903789690601
GG294,394,145,396,138,GG,6.245736246864482,7.280109889280518
TS655,150,239,141,241,TS,4.735584903757882,9.219544457292887
GSD54,273,91,271,96,GSD,5.419043631800797,5.385164807134504
TG888,187,408,160,404,TG,5.848695749121035,27.294688127912362
TS317,393,166,392,177,TS,5.261307373651503,11.045361017187261
GG596,406,180,397,178,GG,6.0843286542501716,9.219544457292887
TG1120,389,146,416,156,TG,7.4120133049834305,28.792360097775937
GSD61,356,282,352,281,GSD,6.080181761219755,4.123105625617661
GSD339,447,205,448,201,GSD,5.721221945272667,4.123105625617661
TS321,432,186,428,195,TS,7.635082183593088,9.848857801796104
TS626,89,408,97,411,TS,5.497274927108474,8.54400374531753
GSD179,261,168,265,168,GSD,5.707102545873042,4.0
GG423,439,44,438,51,GG,4.530492133697065,7.0710678118654755
GG205,323,204,334,200,GG,6.416714365920886,11.704699910719626
TS595,102,280,102,289,TS,7.757911765086057,9.0
TS396,292,110,284,113,TS,4.208486109201144,8.54400374531753
GSD26,423,173,416,174,GSD,7.531357773679321,7.0710678118654755
GG402,146,396,140,395,GG,2.9205240286432,6.082762530298219
GSD125,228,361,226,369,GSD,6.659533542155543,8.246211251235321
GG173,411,84,418,74,GG,5.7368783703170685,12.206555615733702
GG283,179,308,179,316,GG,6.75322612413242,8.0
GG674,454,106,452,116,GG,7.549982710415385,10.198039027185569
GG456,452,101,452,94,GG,5.165382834149864,7.0
GSD269,112,399,116,398,GSD,4.883516167622666,4.123105625617661
GG295,321,210,316,221,GG,7.478428815002854,12.083045973594572
GSD87,349,413,345,414,GSD,6.230978768955605,4.123105625617661
TG952,430,153,432,186,TG,8.68848671750237,33.06055050963308
GSD332,340,162,343,164,GSD,6.262069263880199,3.605551275463989
TG897,316,169,326,163,TG,4.737929828229404,11.661903789690601
GG484,281,313,275,321,GG,7.183809047457842,10.0
GG480,237,107,230,105,GG,4.787262962741402,7.280109889280518
GSD59,449,212,449,208,GSD,7.076010877420171,4.0
GSD175,513,155,509,156,GSD,6.323290082068183,4.123105625617661
GSD135,271,339,268,336,GSD,4.859789810264683,4.242640687119285
TS222,236,144,242,147,TS,5.313425019192351,6.708203932499369
TS359,102,394,94,391,TS,4.397829439477686,8.54400374531753
TG504,272,169,298,174,TG,6.057928296231583,26.476404589747453
TS370,194,408,182,406,TS,5.519593211557735,12.165525060596439
TS680,256,165,263,168,TS,5.002381825015751,7.615773105863909
TG1057,367,125,387,124,TG,5.223184211458907,20.024984394500787
GG1,263,167,263,160,GG,4.930749949436291,7.0
GSD385,318,153,316,156,GSD,6.742662581737973,3.605551275463989
GG448,266,191,276,190,GG,5.897657124952932,10.04987562112089
GG435,276,117,283,111,GG,6.234656169136558,9.219544457292887
TS671,348,323,347,322,TS,5.5351145615115875,1.4142135623730951
TG179,243,142,260,143,TG,5.622794770704605,17.029386365926403
TS754,332,159,345,150,TS,7.328598396333234,15.811388300841896
GG354,367,223,377,221,GG,5.68238067825766,10.198039027185569
TG849,198,350,224,347,TG,6.089062856686201,26.1725046566048
TG708,497,81,482,92,TG,4.990398220816454,18.601075237738275
GG78,237,140,230,130,GG,6.131482682431602,12.206555615733702
GSD130,308,394,310,394,GSD,5.831614345053406,2.0
GSD110,267,326,269,326,GSD,5.881716898088634,2.0
GG152,414,145,409,143,GG,6.4020433565185835,5.385164807134504
TG247,315,126,299,136,TG,5.463886861491145,18.867962264113206
GG400,445,111,443,113,GG,4.9698716134335434,2.8284271247461903
GSD165,178,360,180,364,GSD,6.26183916466528,4.47213595499958
GG621,517,161,524,158,GG,4.621105658925082,7.615773105863909
GSD390,291,152,295,157,GSD,7.608079003494055,6.4031242374328485
TS355,451,98,463,94,TS,7.107508899330028,12.649110640673518
TG1033,139,400,166,405,TG,7.086212666888842,27.459060435491963
GSD10,23,443,28,441,GSD,5.781183339557382,5.385164807134504
GSD254,304,240,304,237,GSD,5.156454516092637,3.0
GG619,321,350,320,340,GG,6.976480085243004,10.04987562112089
TG374,440,132,457,126,TG,5.530025966100681,18.027756377319946
GG608,273,327,270,337,GG,6.3713881494624935,10.44030650891055
GSD159,354,94,353,91,GSD,5.696249577388125,3.1622776601683795
TG439,136,399,160,405,TG,5.320881615747379,24.73863375370596
GSD110,268,322,272,325,GSD,6.786309351107263,5.0
GG317,332,78,336,68,GG,5.8688747921006374,10.770329614269007
GG516,179,406,169,405,GG,4.916909847108613,10.04987562112089
GG4,358,115,353,121,GG,6.218235989065256,7.810249675906654
GG110,375,196,373,202,GG,4.702539413907648,6.324555320336759
GG739,394,142,396,134,GG,5.566822836380123,8.246211251235321
GSD162,440,262,441,258,GSD,5.066069723050774,4.123105625617661
GSD311,144,389,143,392,GSD,4.902534973656724,3.1622776601683795
GG369,290,416,279,420,GG,5.429242632115855,11.704699910719626
GSD1,243,208,244,213,GSD,6.029976979994455,5.0990195135927845
GG615,229,164,225,158,GG,5.099007878110239,7.211102550927978
GG235,271,330,269,338,GG,5.916886259693211,8.246211251235321
GG458,440,177,435,178,GG,3.8222382626293694,5.0990195135927845
TG750,212,418,181,407,TG,6.495539669805046,32.89376840679705
GG37,527,150,524,142,GG,5.343329693046108,8.54400374531753
TS566,57,372,63,383,TS,5.459029994143265,12.529964086141668
GG9,313,124,326,122,GG,7.678339075387907,13.152946437965905
GSD22,158,431,155,427,GSD,7.224506317588824,5.0
TS608,125,398,120,398,TS,4.44236738453037,5.0
TS477,279,314,289,299,TS,7.27498168368998,18.027756377319946
TS369,74,397,78,401,TS,4.886978786604573,5.656854249492381
TS11,384,124,394,118,TS,6.579057031047028,11.661903789690601
TS449,378,126,385,126,TS,6.066379233031775,7.0
TG476,284,319,282,311,TG,5.093646472992205,8.246211251235321
TS714,392,148,394,155,TS,5.397491418554019,7.280109889280518
TG905,270,170,280,166,TG,6.492152877478385,10.770329614269007
TS60,382,276,386,272,TS,6.168353545888079,5.656854249492381
TS462,76,354,69,345,TS,5.437064601422087,11.40175425099138
TS722,237,168,230,166,TS,7.179723021417738,7.280109889280518
TS330,208,166,197,173,TS,6.568278184047006,13.038404810405298
GG233,316,317,321,318,GG,5.245965834565286,5.0990195135927845
GG449,364,304,378,306,GG,6.571082361721083,14.142135623730951
TS285,254,440,256,436,TS,5.739274597092329,4.47213595499958
TG665,321,165,320,173,TG,5.566315411322692,8.06225774829855
GSD66,382,296,376,297,GSD,5.330052215631966,6.082762530298219
TS642,481,160,499,161,TS,6.363838854412329,18.027756377319946
GG540,472,82,480,81,GG,6.267879460507043,8.06225774829855
GSD398,330,210,333,212,GSD,3.574742164133749,3.605551275463989
TS301,388,259,393,251,TS,6.5730388100873824,9.433981132056603
GG569,404,39,396,38,GG,5.0033521547156985,8.06225774829855
TG1024,443,132,429,142,TG,4.440720895654713,17.204650534085253
GG124,256,153,255,147,GG,6.109655031519345,6.082762530298219
GSD198,252,194,253,188,GSD,5.723671642967041,6.082762530298219
GG665,338,176,342,170,GG,4.690767688024415,7.211102550927978
GG413,423,149,419,142,GG,5.99010482455658,8.06225774829855
TG496,476,97,450,97,TG,5.9791338366654765,26.0
TS106,201,182,207,175,TS,4.549828374419733,9.219544457292887
TS96,479,218,465,221,TS,6.11349741654972,14.317821063276353
GG299,149,316,138,318,GG,6.021918837452398,11.180339887498949
TG845,330,124,350,121,TG,5.558456454182961,20.223748416156685
GG495,263,191,271,192,GG,3.6234625832125147,8.06225774829855
GG407,267,315,279,316,GG,7.651222546623927,12.041594578792296
GSD314,221,218,224,222,GSD,6.8844531296501,5.0
GSD26,416,174,412,174,GSD,5.043360278590022,4.0
TS272,381,293,385,286,TS,6.68033262152751,8.06225774829855
TS187,445,95,451,98,TS,4.911682866799481,6.708203932499369
TS452,357,219,346,217,TS,6.465942494984718,11.180339887498949
GSD3,227,261,229,262,GSD,4.578104345254829,2.23606797749979
GG532,206,268,212,263,GG,5.320287582496691,7.810249675906654
TS549,118,246,118,235,TS,6.1253574743087,11.0
GSD32,338,253,337,258,GSD,4.820976119713578,5.0990195135927845
TS780,269,169,260,169,TS,6.312425230884898,9.0
TG738,333,123,311,128,TG,5.598739220206998,22.561028345356956
TS659,399,209,406,225,TS,6.76775916346984,17.46424919657298
TS22,173,356,164,360,TS,5.066494234777123,9.848857801796104
GSD144,445,232,448,231,GSD,5.211957877338376,3.1622776601683795
GSD229,335,329,335,325,GSD,7.179150877752079,4.0
TS707,242,167,238,162,TS,5.674315454556062,6.4031242374328485
GSD34,428,111,428,115,GSD,6.584849828948251,4.0
TG880,267,133,284,113,TG,6.042310096622798,26.248809496813376
TS660,322,175,328,172,TS,5.535264923914779,6.708203932499369
TG506,340,147,324,160,TG,5.758901090830889,20.615528128088304
TS720,409,222,403,233,TS,7.719512068213007,12.529964086141668
GSD198,254,196,252,194,GSD,4.555692382079997,2.8284271247461903
TG467,343,84,357,77,TG,4.165831034752236,15.652475842498529
GG780,307,99,299,104,GG,5.421449415443785,9.433981132056603
TS615,236,171,235,168,TS,3.4277369431303537,3.1622776601683795
GG655,220,186,213,190,GG,5.719052977360125,8.06225774829855
TS681,99,393,110,396,TS,4.335467507895524,11.40175425099138
GSD25,458,175,463,174,GSD,7.071764331310767,5.0990195135927845
TS545,127,319,141,316,TS,7.400651421347298,14.317821063276353
TS694,70,395,72,397,TS,4.893067325201675,2.8284271247461903
TS176,339,324,352,322,TS,7.210830752562769,13.152946437965905
TS208,338,122,329,124,TS,4.518935611212438,9.219544457292887
GG394,303,175,306,165,GG,6.06367731280303,10.44030650891055
GSD191,468,192,469,197,GSD,5.52640773903461,5.0990195135927845
GG546,325,161,331,157,GG,6.8866043300394715,7.211102550927978
GSD196,313,428,310,425,GSD,5.186151432732629,4.242640687119285
TS626,75,394,81,402,TS,6.274202885014992,10.0
GSD179,274,168,276,170,GSD,5.417506143625843,2.8284271247461903
GG636,352,121,342,120,GG,6.477473519808857,10.04987562112089
GSD71,261,132,262,134,GSD,3.722110044176979,2.23606797749979
GG594,364,342,368,334,GG,5.90624243784284,8.94427190999916
TG342,160,405,134,400,TG,5.333816824815917,26.476404589747453
TS50,441,223,428,220,TS,6.555802693205875,13.341664064126334
TS328,210,347,224,345,TS,5.7343238022456795,14.142135623730951
GG117,417,119,413,108,GG,5.7218352652230475,11.704699910719626
TG874,274,363,270,351,TG,3.403141942203204,12.649110640673518
GSD267,469,215,469,220,GSD,5.637505875149607,5.0
TS288,461,163,452,174,TS,5.826601846412345,14.212670403551895
GSD262,526,161,526,165,GSD,4.596528922806899,4.0
GG458,435,178,435,188,GG,6.25763253629127,10.0
GG336,253,187,248,192,GG,6.134219205441315,7.0710678118654755
TS625,214,170,205,179,TS,6.410008451950079,12.727922061357855
TG50,238,435,217,428,TG,4.9313159963356785,22.135943621178654
GSD129,269,397,272,405,GSD,7.3765251261526075,8.54400374531753
GSD143,394,165,390,158,GSD,5.547298441046314,8.06225774829855
TG553,259,165,283,168,TG,7.839669280466842,24.186773244895647
GG560,267,120,263,117,GG,4.725125969032896,5.0
GG351,397,100,391,98,GG,5.459688683598733,6.324555320336759
TS339,309,177,308,172,TS,8.022932154233626,5.0990195135927845
TS139,261,332,272,326,TS,7.156619309965134,12.529964086141668
GG689,407,217,414,221,GG,5.001761893247272,8.06225774829855
TS441,445,174,455,163,TS,6.613816771948763,14.866068747318506
TG732,262,341,272,328,TG,4.269932188219826,16.401219466856727
GSD82,335,181,337,181,GSD,4.434994713018252,2.0
GG48,462,96,471,93,GG,6.011439081553764,9.486832980505138
TS138,298,198,308,205,TS,5.819144066943296,12.206555615733702
TG1187,386,275,399,244,TG,7.0553739982707535,33.61547262794322
GSD174,288,129,291,124,GSD,7.1207355227212545,5.830951894845301
TS486,224,151,238,143,TS,6.287081422237531,16.1245154965971
TG23,418,95,430,92,TG,4.098488543277376,12.36931687685298
TG930,268,337,253,342,TG,4.372742438623199,15.811388300841896
GG217,253,116,243,111,GG,6.7221840077926895,11.180339887498949
TS155,116,392,102,389,TS,6.708474714468631,14.317821063276353
TS728,71,394,83,390,TS,6.12824804713658,12.649110640673518
GSD4,454,57,446,56,GSD,7.56746241008603,8.06225774829855
TS362,141,401,130,398,TS,5.704301540018674,11.40175425099138
TG975,255,438,266,427,TG,4.6194064361094895,15.556349186104045
GSD275,204,406,207,405,GSD,6.645543449286647,3.1622776601683795
GSD268,484,176,482,172,GSD,5.988812172137848,4.47213595499958
GSD153,402,116,402,118,GSD,5.042451637316066,2.0
GG695,396,142,387,138,GG,5.459847751111595,9.848857801796104
TG408,430,188,430,171,TG,4.9193151462137426,17.0
GSD276,452,172,446,172,GSD,7.657291654306064,6.0
GG83,458,158,461,162,GG,6.984162416686955,5.0
TS444,429,193,431,187,TS,5.651897936548843,6.324555320336759
TS260,470,95,478,95,TS,4.113901297324615,8.0
TG1091,330,326,352,323,TG,5.63365901942128,22.20360331117452
TS176,373,306,378,300,TS,5.661344426890555,7.810249675906654
GSD162,430,272,434,272,GSD,6.570768398865223,4.0
GSD218,440,128,441,125,GSD,5.49681971570512,3.1622776601683795
TG890,316,169,298,173,TG,6.549106170102228,18.439088914585774
GG326,274,445,275,454,GG,7.8147285694294375,9.055385138137417
GG206,384,127,376,131,GG,5.334176275517778,8.94427190999916
TS5,385,269,387,286,TS,6.6553033877052385,17.11724276862369
GSD229,362,342,364,346,GSD,6.51678267735349,4.47213595499958
GSD96,384,275,382,280,GSD,6.388806037204873,5.385164807134504
GG337,72,405,79,403,GG,6.414820148492853,7.280109889280518
GSD24,520,180,523,177,GSD,6.811896279129233,4.242640687119285
GG375,200,409,208,417,GG,6.721492883119893,11.313708498984761
GSD400,273,325,271,324,GSD,7.24202976994577,2.23606797749979
TG294,187,407,155,404,TG,7.062594776546007,32.14031735997639
GG754,365,224,357,225,GG,4.788746930882414,8.06225774829855
GSD76,180,323,180,320,GSD,6.8792788730455925,3.0
GG295,323,203,321,210,GG,4.347254366490343,7.280109889280518
GG314,310,100,310,95,GG,5.67271383027234,5.0
GG799,340,121,351,121,GG,5.8840362059855496,11.0
TS637,88,403,87,404,TS,4.743121618770929,1.4142135623730951
TS398,411,213,412,219,TS,5.597833764225044,6.082762530298219
GG557,213,157,219,153,GG,5.3462001091273414,7.211102550927978
TS490,428,222,441,224,TS,5.491217551498686,13.152946437965905
TS81,309,177,299,174,TS,6.321122004647274,10.44030650891055
GG65,181,352,181,344,GG,5.33775757867028,8.0
TS129,68,393,68,408,TS,7.4659816810335755,15.0
TG665,330,152,321,165,TG,5.014825260689601,15.811388300841896
GSD371,340,307,336,313,GSD,6.1775229063684876,7.211102550927978
TG6,250,160,229,165,TG,5.264708795993742,21.587033144922902
TS614,93,388,91,377,TS,5.979827263715101,11.180339887498949
TS712,385,133,376,139,TS,4.890985439011978,10.816653826391969
GSD110,252,342,254,340,GSD,5.010977902897764,2.8284271247461903
GG422,324,191,325,201,GG,5.365522011461716,10.04987562112089
TS197,394,156,401,152,TS,5.296891524213544,8.06225774829855
GG76,211,158,217,155,GG,4.762110622061561,6.708203932499369
GSD174,291,124,292,122,GSD,6.490299555480458,2.23606797749979
GG786,417,120,420,135,GG,7.32942290401877,15.297058540778355
TG751,381,125,398,114,TG,4.829768472090441,20.248456731316587
GG794,366,111,360,114,GG,6.329472596364226,6.708203932499369
GSD281,334,353,331,352,GSD,5.614736456707675,3.1622776601683795
GG91,209,483,217,485,GG,6.5770945343987135,8.246211251235321
TS133,362,220,371,220,TS,4.929208226279355,9.0
GG448,261,187,266,191,GG,7.469240439520115,6.4031242374328485
TG248,327,87,308,96,TG,6.027153183328178,21.02379604162864
GG292,476,82,479,91,GG,7.754430586827592,9.486832980505138
TG1123,230,344,263,341,TG,7.640775856455358,33.13608305156178
GG112,181,342,182,351,GG,5.470013254062046,9.055385138137417
TS545,141,316,152,317,TS,4.826587190748301,11.045361017187261
TG1049,281,144,252,150,TG,6.051622134108093,29.614185789921695
GG28,223,185,213,188,GG,6.560783895635463,10.44030650891055
TS102,469,94,474,95,TS,3.253951367055057,5.0990195135927845
GSD212,22,439,23,437,GSD,5.490678252404759,2.23606797749979
GSD91,274,76,271,77,GSD,4.685922672243571,3.1622776601683795
TS399,328,86,313,90,TS,6.8966436898432235,15.524174696260024
GSD127,223,222,222,219,GSD,4.753732824481798,3.1622776601683795
TS91,214,400,220,395,TS,5.972953137416713,7.810249675906654
TS752,377,132,379,125,TS,6.527298312584511,7.280109889280518
GSD102,295,78,288,79,GSD,7.151393772580444,7.0710678118654755
TG1004,185,356,165,359,TG,4.978602203993043,20.223748416156685
GSD220,484,99,480,101,GSD,6.72819519446638,4.47213595499958
GSD243,151,404,147,406,GSD,5.662891945470406,4.47213595499958
TS667,153,362,165,358,TS,6.786962326760606,12.649110640673518
GSD254,297,272,299,266,GSD,6.463149478677073,6.324555320336759
GG688,250,258,239,258,GG,6.028928682708738,11.0
GSD302,226,392,223,395,GSD,5.682835152152727,4.242640687119285
GG798,250,147,254,148,GG,5.181082930441693,4.123105625617661
GSD366,412,114,406,116,GSD,6.590940374732,6.324555320336759
TS366,445,95,456,97,TS,6.2947746448288235,11.180339887498949
GSD143,390,158,389,157,GSD,4.520822107822106,1.4142135623730951
GG301,260,173,262,183,GG,6.1533973845005825,10.198039027185569
TG417,403,108,420,94,TG,5.554433761266447,22.02271554554524
GG255,298,202,304,207,GG,3.7540816594284543,7.810249675906654
TS90,101,282,94,293,TS,6.748321702471304,13.038404810405298
TG554,194,406,213,419,TG,5.733643045444163,23.021728866442675
GSD66,373,299,367,301,GSD,5.593989154572384,6.324555320336759
TS365,263,168,274,170,TS,7.613489367563087,11.180339887498949
GG464,406,179,415,180,GG,5.683955316970279,9.055385138137417
GG568,373,199,369,210,GG,5.815498702517859,11.704699910719626
TS137,257,340,266,344,TS,5.394178495986409,9.848857801796104
TS710,323,173,330,181,TS,6.498904772808135,10.63014581273465
GSD174,292,122,294,118,GSD,6.756689859079245,4.47213595499958
TS778,235,171,243,173,TS,6.575889147898167,8.246211251235321
GG515,269,410,271,400,GG,5.950089550024197,10.198039027185569
GSD154,322,152,324,149,GSD,5.137437605457826,3.605551275463989
TS708,458,126,454,127,TS,1.831712528854954,4.123105625617661
GG508,475,82,482,88,GG,7.777785236687654,9.219544457292887
GG162,332,201,346,200,GG,7.652312619502929,14.035668847618199
GSD185,321,163,320,162,GSD,5.007099958644579,1.4142135623730951
TS65,369,221,381,223,TS,6.144414981720349,12.165525060596439
GSD17,235,127,238,125,GSD,5.029540327709697,3.605551275463989
GSD337,185,429,181,429,GSD,5.575769947606204,4.0
GSD317,349,78,353,72,GSD,6.360501370354131,7.211102550927978
GSD50,266,449,263,448,GSD,5.385287042806838,3.1622776601683795
GSD287,379,299,373,306,GSD,6.186182292220828,9.219544457292887
TS158,216,157,213,158,TS,3.4071865353287745,3.1622776601683795
GG392,237,144,236,137,GG,6.104392240288193,7.0710678118654755
TS181,484,161,503,160,TS,7.313295550608511,19.026297590440446
TS84,245,161,248,159,TS,5.081099332276716,3.605551275463989
GG385,275,120,279,121,GG,3.2845851264767845,4.123105625617661
GG298,481,82,480,76,GG,5.429278254562021,6.082762530298219
GG226,235,106,241,110,GG,5.151957782823303,7.211102550927978
TG921,182,407,208,415,TG,6.153930092935216,27.202941017470888
GG593,372,179,375,179,GG,5.234452264837298,3.0
TG607,275,384,275,369,TG,4.457983906339084,15.0
GG759,376,306,368,304,GG,5.594082108354879,8.246211251235321
GG79,346,219,354,222,GG,5.395545861943426,8.54400374531753
TS269,394,156,394,151,TS,3.9768766158233113,5.0
GSD22,143,427,139,423,GSD,5.700966916098281,5.656854249492381
GG121,251,170,256,162,GG,6.358913967797182,9.433981132056603
GG168,352,153,350,162,GG,4.7074523063753135,9.219544457292887
TS686,351,323,355,324,TS,5.500391893817265,4.123105625617661
TG732,226,346,262,341,TG,7.865451559642391,36.345563690772494
GSD81,312,175,316,180,GSD,6.0244271086463,6.4031242374328485
GG95,471,112,462,111,GG,5.515399133725904,9.055385138137417
TG1124,91,392,102,390,TG,4.431622377189051,11.180339887498949
GG388,498,162,486,162,GG,7.351519520069647,12.0
TS553,108,261,106,269,TS,5.563512423461059,8.246211251235321
GSD30,346,244,348,239,GSD,6.85874076590509,5.385164807134504
TG259,430,153,412,156,TG,5.113282030684935,18.24828759089466
GG637,420,103,426,106,GG,3.939102122081819,6.708203932499369
TG470,275,357,262,341,TG,5.5207896370591865,20.615528128088304
TS222,242,147,249,151,TS,5.225163982329111,8.06225774829855
TS662,211,346,228,345,TS,8.03212652975628,17.029386365926403
GG14,120,374,109,377,GG,6.82463287124992,11.40175425099138
TS735,332,152,324,160,TS,6.715626669561683,11.313708498984761
GSD25,467,166,468,161,GSD,5.534748205855713,5.0990195135927845
TG479,245,161,227,165,TG,5.773973705238345,18.439088914585774
TG497,245,161,223,163,TG,6.081449414096233,22.090722034374522
GSD41,346,213,349,207,GSD,5.725956321125196,6.708203932499369
GSD36,399,115,400,116,GSD,6.2425338352099935,1.4142135623730951
GSD349,228,342,223,343,GSD,6.760354949781664,5.0990195135927845
GG563,451,95,445,95,GG,6.765179457187358,6.0
TG892,266,170,283,168,TG,6.6625221530658285,17.11724276862369
GSD180,459,122,464,119,GSD,5.2678137642884355,5.830951894845301
GG425,323,161,314,161,GG,4.894637261535502,9.0
GG139,395,140,393,149,GG,6.1348364152920105,9.219544457292887
TG636,330,152,356,138,TG,6.265624257003092,29.5296461204668
TG366,369,125,350,120,TG,5.265490202823903,19.6468827043885
GSD57,429,91,430,94,GSD,5.86932017856374,3.1622776601683795
TS571,235,171,245,180,TS,6.745847987054882,13.45362404707371
TG271,265,161,283,168,TG,5.133310616724587,19.313207915827967
TS743,467,164,454,166,TS,5.554664922032875,13.152946437965905
TS164,278,318,292,321,TS,7.004352848832374,14.317821063276353
TS313,208,415,215,421,TS,6.1227825035567705,9.219544457292887
TG112,330,326,353,321,TG,6.1381428918490215,23.53720459187964
TG3,487,92,479,105,TG,6.311259255769647,15.264337522473747
TG323,302,267,310,242,TG,5.264729390149198,26.248809496813376
GG425,306,161,305,172,GG,6.958470000805505,11.045361017187261
TG889,191,354,169,357,TG,5.22107863606593,22.20360331117452
TS305,137,244,147,240,TS,5.818876077040773,10.770329614269007
GG420,246,137,249,145,GG,5.465030536864184,8.54400374531753
GG82,298,280,295,287,GG,5.858247085425008,7.615773105863909
GG20,253,443,256,433,GG,6.809063141638606,10.44030650891055
GSD339,449,212,448,208,GSD,5.984165095456483,4.123105625617661
GSD277,424,135,424,131,GSD,6.634288846230026,4.0
GSD76,190,327,190,332,GSD,5.374232767162027,5.0
GG672,325,195,328,182,GG,7.384654899087764,13.341664064126334
TS350,436,97,443,95,TS,5.5683084487046175,7.280109889280518
TS430,502,183,511,181,TS,6.624909341911312,9.219544457292887
TS717,224,346,216,346,TS,5.246702410915748,8.0
TS184,451,174,454,169,TS,3.0560056424290787,5.830951894845301
TS16,190,354,192,350,TS,3.3274088135271604,4.47213595499958
GSD368,326,172,322,171,GSD,6.844647616907929,4.123105625617661
GG660,174,406,181,407,GG,4.67289305333145,7.0710678118654755
TS161,416,219,428,220,TS,5.221635385787273,12.041594578792296
GSD40,179,299,180,293,GSD,4.959188341284525,6.082762530298219
GSD162,434,269,438,264,GSD,7.5123265116889755,6.4031242374328485
GG417,392,146,392,153,GG,4.9105421485040885,7.0
GSD301,259,351,259,354,GSD,5.9448098789258665,3.0
TG158,308,241,303,264,TG,5.198455951621963,23.53720459187964
GG198,260,430,256,432,GG,4.59446711075951,4.47213595499958
TG1162,259,165,277,170,TG,5.9471269029575495,18.681541692269406
GG717,325,198,322,209,GG,6.9372358449704485,11.40175425099138
GG4,353,121,338,121,GG,7.037260866488111,15.0
GSD245,272,280,271,274,GSD,6.52619045538157,6.082762530298219
GSD71,268,139,270,142,GSD,4.766266241215426,3.605551275463989
TG1126,162,405,143,401,TG,5.336228092042778,19.4164878389476
GSD3,206,267,211,265,GSD,5.866535644941753,5.385164807134504
TG544,182,408,208,416,TG,5.3050261719666,27.202941017470888
GG335,174,317,179,315,GG,5.25846074400301,5.385164807134504
TG1076,109,265,101,293,TG,5.927995479601129,29.120439557122072
GSD299,362,282,364,282,GSD,2.8916605173571597,2.0
GG641,308,95,303,101,GG,4.904426399922123,7.810249675906654
TG1074,435,91,425,104,TG,6.591887677959762,16.401219466856727
TS221,470,95,462,95,TS,5.370867409034329,8.0
GG329,272,220,266,222,GG,4.075339312573356,6.324555320336759
GG775,241,190,241,198,GG,6.073787574809331,8.0
TS10,143,241,155,236,TS,5.129935866711199,13.0
GG761,269,130,272,123,GG,4.915786359258949,7.615773105863909
GSD370,177,276,179,280,GSD,5.802177258713215,4.47213595499958
GG482,206,161,212,158,GG,3.5531505834677346,6.708203932499369
TS381,277,378,278,393,TS,7.510094862326541,15.033296378372908
GSD135,271,349,272,347,GSD,5.664640037936194,2.23606797749979
GSD353,303,343,301,341,GSD,6.024032765073425,2.8284271247461903
TS114,354,139,364,133,TS,5.738722677516376,11.661903789690601
GG68,242,187,241,198,GG,6.215335458061412,11.045361017187261
GG426,276,383,275,393,GG,6.532760936761624,10.04987562112089
GG295,316,221,315,230,GG,5.342690225890657,9.055385138137417
GG384,439,44,437,54,GG,6.402561342246728,10.198039027185569
TS273,430,91,443,95,TS,5.5641320312844655,13.601470508735444
GG266,485,189,477,195,GG,6.566559124955539,10.0
TG1173,211,346,228,345,TG,3.755362921690438,17.029386365926403
TG1104,425,89,448,96,TG,6.444075215214015,24.041630560342615
GG51,109,388,97,386,GG,7.4582225891709975,12.165525060596439
TG615,177,356,160,361,TG,4.116170758750366,17.72004514666935
TG125,157,404,193,407,TG,6.818574975380491,36.124783736376884
TG978,226,346,250,343,TG,5.920048456455963,24.186773244895647
TG878,152,403,186,406,TG,7.078696764233728,34.132096331752024
GSD130,304,390,308,394,GSD,6.824804639092417,5.656854249492381
GG405,416,102,410,105,GG,6.2014592697187645,6.708203932499369
GG19,265,447,263,452,GG,3.883279846279283,5.385164807134504
TG617,411,118,423,105,TG,4.377262661166204,17.69180601295413
GG155,506,162,513,162,GG,5.56242100907944,7.0
GSD112,467,208,467,204,GSD,4.791129253737104,4.0
TG622,136,399,115,392,TG,5.0514033463389705,22.135943621178654
TS546,239,144,241,141,TS,4.716066697634737,3.605551275463989
TS651,154,209,146,218,TS,6.665140387594737,12.041594578792296
TS366,437,92,445,95,TS,3.5575129000200607,8.54400374531753
TS378,298,105,310,94,TS,7.483402660620386,16.278820596099706
TS353,433,99,426,102,TS,4.700092499612785,7.615773105863909
TG585,422,91,446,97,TG,6.02215627114419,24.73863375370596
TG68,185,356,208,349,TG,5.448914144581493,24.041630560342615
TS101,430,100,422,104,TS,5.3671240064817525,8.94427190999916
GSD113,487,216,485,218,GSD,6.506130342189607,2.8284271247461903
TG581,359,321,344,323,TG,3.6639132547138136,15.132745950421556
TG33,301,175,306,173,TG,3.173127720266238,5.385164807134504
TS154,350,82,334,88,TS,8.148311260572502,17.08800749063506
TG472,119,394,137,401,TG,5.404972867845795,19.313207915827967
GSD244,231,156,231,153,GSD,6.320590462812234,3.0
GG38,226,153,232,148,GG,6.185487245811158,7.810249675906654
TG1108,207,348,234,344,TG,6.155335349920705,27.294688127912362
TG278,133,399,105,390,TG,6.201440089880576,29.410882339705484
GG555,189,357,194,361,GG,7.294010359450278,6.4031242374328485
GSD224,455,122,459,124,GSD,4.559564732915533,4.47213595499958
TS427,476,93,484,92,TS,6.124746267020562,8.06225774829855
GG524,263,179,262,188,GG,5.139398358385911,9.055385138137417
TS587,230,432,219,428,TS,6.77099323421888,11.704699910719626
GG101,179,326,180,337,GG,7.151208768752989,11.045361017187261
GSD162,420,248,422,243,GSD,6.022295482863015,5.385164807134504
GG60,331,121,321,122,GG,7.066502595792761,10.04987562112089
GSD299,378,292,378,301,GSD,8.393742101928368,9.0
GG283,136,319,132,327,GG,5.493809697640003,8.94427190999916
TG626,361,121,376,126,TG,5.009016748238819,15.811388300841896
GG562,268,436,258,431,GG,6.765012813539372,11.180339887498949
TS295,277,392,275,377,TS,7.734164381359977,15.132745950421556
TS249,396,116,387,121,TS,5.814757710233185,10.295630140987
TG681,316,169,301,175,TG,6.136143377672661,16.15549442140351
GG640,310,107,311,119,GG,6.265505319008607,12.041594578792296
GSD104,301,127,304,124,GSD,5.025780548651541,4.242640687119285
GSD281,348,355,342,355,GSD,6.06304392659807,6.0
TG205,286,172,264,160,TG,6.027954539293412,25.059928172283335
TS415,298,198,291,194,TS,4.096623608799854,8.06225774829855
GSD310,337,227,332,225,GSD,6.466702821939954,5.385164807134504
GG85,339,199,329,203,GG,6.592428939843714,10.770329614269007
GSD377,288,330,292,335,GSD,6.414628071827956,6.4031242374328485
TG193,307,255,312,236,TG,5.116037273974481,19.6468827043885
TG1165,425,89,452,99,TG,8.392116686101552,28.792360097775937
TS519,90,402,94,392,TS,6.363864105732194,10.770329614269007
TG172,168,404,194,409,TG,6.707435743436913,26.476404589747453
GG440,364,234,365,223,GG,5.94997544724268,11.045361017187261
GSD100,204,412,197,411,GSD,6.474104945576202,7.0710678118654755
TG285,423,198,436,181,TG,5.156226805501722,21.400934559032695
GG411,272,113,270,104,GG,7.200647130054204,9.219544457292887
TS529,282,318,289,320,TS,4.3500165229216865,7.280109889280518
TS698,102,389,92,393,TS,5.679925009323046,10.770329614269007
GG106,443,185,449,176,GG,6.979829264527815,10.816653826391969
GG403,424,217,414,219,GG,6.31830359855045,10.198039027185569
GSD287,374,299,378,295,GSD,6.140480000526459,5.656854249492381
TG94,89,341,87,361,TG,5.584946506366864,20.09975124224178
GSD125,223,346,225,350,GSD,4.720459565847156,4.47213595499958
TS126,385,124,385,120,TS,5.535725148191902,4.0
TG1053,419,94,402,110,TG,5.6495905795462615,23.345235059857504
TG703,387,260,386,286,TG,5.722084735246854,26.019223662515376
TG359,382,296,386,272,TG,6.6709068714510895,24.331050121192877
GSD239,272,329,269,332,GSD,6.219682615436703,4.242640687119285
GSD336,329,213,328,211,GSD,4.862560357135429,2.23606797749979
GG103,286,110,281,113,GG,3.8388771732668996,5.830951894845301
TG195,278,410,276,392,TG,4.318993760547628,18.110770276274835
GSD307,366,148,365,152,GSD,4.712964213111498,4.123105625617661
GG193,414,216,422,217,GG,6.464183056486555,8.06225774829855
GG286,328,159,337,152,GG,6.593777093288752,11.40175425099138
GG15,171,465,165,470,GG,6.270266731930981,7.810249675906654
TG1065,272,169,288,171,TG,3.9821533906174937,16.1245154965971
GG535,325,86,336,86,GG,6.272571440961187,11.0
GSD274,319,100,319,101,GSD,4.793404161087614,1.0
GG429,151,317,141,318,GG,5.473786762269526,10.04987562112089
TG757,272,328,271,350,TG,6.4363733257404965,22.02271554554524
TS464,480,93,492,90,TS,5.579626938738567,12.36931687685298
TS96,418,219,410,217,TS,5.42498272643288,8.246211251235321
TG386,330,124,351,122,TG,5.218342635054179,21.095023109728988
TS783,384,226,372,221,TS,7.182553632750391,13.0
GSD89,435,54,431,54,GSD,4.816201176534582,4.0
GG26,349,121,337,121,GG,6.546508248616561,12.0
TS675,157,404,166,404,TS,5.848467986399911,9.0
GG716,276,445,282,452,GG,5.797221005952894,9.219544457292887
GG771,471,94,480,90,GG,6.932624251799407,9.848857801796104
TG186,309,177,290,172,TG,5.779009222749904,19.6468827043885
TG1032,314,201,316,211,TG,3.0733675271391503,10.198039027185569
GSD166,442,114,441,119,GSD,6.012835738107938,5.0990195135927845
TS789,429,193,426,196,TS,6.198223522247808,4.242640687119285
TS217,268,164,279,166,TS,5.436443639311378,11.180339887498949
TS686,339,324,351,323,TS,6.39548183473434,12.041594578792296
TS569,431,100,422,105,TS,5.560023089948892,10.295630140987
GG127,139,395,146,396,GG,4.695633665811453,7.0710678118654755
TG823,307,172,313,171,TG,7.332114211279901,6.082762530298219
TG195,269,424,278,410,TG,4.968542247803275,16.64331697709324
TS369,61,383,69,392,TS,6.910908998485656,12.041594578792296
GG675,438,192,436,196,GG,5.109366986848668,4.47213595499958
GSD321,350,195,348,192,GSD,5.652854308922986,3.605551275463989
TS277,409,219,413,211,TS,5.830427113097382,8.94427190999916
TG648,317,126,339,121,TG,5.690938907196186,22.561028345356956
TG202,408,104,394,118,TG,5.630609669937466,19.79898987322333
TG214,324,186,315,214,TG,6.472635940844677,29.410882339705484
TS495,68,390,61,381,TS,5.763745568044386,11.40175425099138
TG447,418,95,441,93,TG,6.713687579862557,23.08679276123039
TS626,81,402,89,408,TS,5.450134026293748,10.0
TS783,407,225,398,229,TS,5.982873383948052,9.848857801796104
GG716,265,447,268,440,GG,5.319412827677649,7.615773105863909
GSD232,321,393,324,393,GSD,5.559161419321615,3.0
TG917,330,124,364,123,TG,6.428706820160032,34.0147027033899
TG937,309,177,324,164,TG,6.666213143701027,19.849433241279208
TG780,435,183,431,165,TG,4.783330280661832,18.439088914585774
GG200,500,162,512,162,GG,5.587066479106523,12.0
TG332,437,92,411,102,TG,6.154728213695248,27.85677655436824
GSD295,90,390,91,386,GSD,5.867768660602181,4.123105625617661
GSD254,299,260,300,258,GSD,3.989875636321244,2.23606797749979
TS262,253,163,259,164,TS,5.982660146498819,6.082762530298219
TG792,371,126,394,118,TG,6.201311249867647,24.351591323771842
TS335,237,167,235,171,TS,4.924481329457262,4.47213595499958
GG572,427,92,432,90,GG,4.4975278976979585,5.385164807134504
TS621,273,326,284,325,TS,6.580977400360947,11.045361017187261
TS87,314,172,318,170,TS,5.271558170516531,4.47213595499958
TG213,315,214,315,195,TG,4.921445542780979,19.0
GSD269,101,404,103,405,GSD,6.533035832910722,2.23606797749979
TS525,73,394,67,392,TS,6.131417490701949,6.324555320336759
TG1134,304,101,277,123,TG,7.293377363126249,34.828149534535996
TG938,390,121,378,135,TG,5.46608585198492,18.439088914585774
GSD31,365,251,364,256,GSD,5.6031876151334785,5.0990195135927845
GG602,454,60,462,63,GG,7.625881927940437,8.54400374531753
TG691,268,168,282,168,TG,6.765675025364134,14.0
GG153,372,201,375,195,GG,4.6737580173514175,6.708203932499369
TS367,292,111,283,113,TS,6.813500772143863,9.219544457292887
GG182,306,153,306,146,GG,5.086402069268024,7.0
GSD20,339,287,339,291,GSD,6.288555401510057,4.0
GSD99,489,196,492,193,GSD,6.4861543106139905,4.242640687119285
GSD42,200,369,195,367,GSD,6.308007208708115,5.385164807134504
TS160,325,174,316,173,TS,5.811790760125444,9.055385138137417
TS218,160,405,167,406,TS,4.832617561117024,7.0710678118654755
GSD205,336,242,337,245,GSD,6.464780252849756,3.1622776601683795
GSD366,395,120,396,118,GSD,4.981217187172518,2.23606797749979
TS729,403,110,393,117,TS,7.305684589077357,12.206555615733702
TS530,82,393,86,402,TS,5.948132969775879,9.848857801796104
GSD14,420,257,421,253,GSD,6.3642821403782435,4.123105625617661
TS410,500,161,511,158,TS,5.469430154468299,11.40175425099138
GSD25,484,160,483,165,GSD,7.9603487374367035,5.0990195135927845
GSD205,337,256,336,263,GSD,6.324237993061004,7.0710678118654755
GG161,418,102,425,106,GG,6.4995191913689965,8.06225774829855
GSD112,430,227,423,225,GSD,6.0093688332829345,7.280109889280518
TG903,227,149,223,162,TG,7.5274883418428,13.601470508735444
GG594,358,350,364,342,GG,5.908781211034947,10.0
TS542,307,329,315,332,TS,5.3972518237029945,8.54400374531753
TS379,339,361,348,352,TS,5.674640845592641,12.727922061357855
TG352,372,308,355,321,TG,5.693335349269146,21.400934559032695
GG656,249,192,248,185,GG,4.722648309429203,7.0710678118654755
GG536,390,140,394,144,GG,5.543221956517755,5.656854249492381
GSD161,322,385,319,389,GSD,5.801700617417616,5.0
TS299,300,279,305,260,TS,8.247693600430406,19.6468827043885
TG311,272,328,254,343,TG,5.594873410252184,23.430749027719962
GSD276,454,160,459,156,GSD,5.254827826739309,6.4031242374328485
TG135,338,121,317,128,TG,5.677858633806664,22.135943621178654
TS290,78,370,80,378,TS,4.640453739609144,8.246211251235321
GG379,306,208,313,208,GG,4.0458702668242505,7.0
GG156,218,422,214,419,GG,4.297870817126352,5.0
TS174,61,426,57,436,TS,5.954136771866972,10.770329614269007
TS55,227,432,219,429,TS,5.817983931767426,8.54400374531753
GG45,242,183,241,189,GG,5.817387578036753,6.082762530298219
TG176,330,152,327,161,TG,5.542801065609634,9.486832980505138
GG399,308,134,311,126,GG,4.807818970744215,8.54400374531753
GG206,376,131,368,124,GG,6.123682813696721,10.63014581273465
GG767,438,192,432,199,GG,6.786934723707427,9.219544457292887
GG60,313,125,311,114,GG,5.361472466075419,11.180339887498949
TS429,259,440,257,441,TS,5.052220038972233,2.23606797749979
GG322,267,339,265,344,GG,6.052755092138069,5.385164807134504
GSD15,326,313,327,316,GSD,6.441197828044622,3.1622776601683795
GSD212,32,434,29,436,GSD,6.341140481276942,3.605551275463989
TG39,426,90,448,95,TG,5.983997252592587,22.561028345356956
GG479,300,192,308,195,GG,5.210392559778924,8.54400374531753
GSD222,385,159,385,157,GSD,4.9081311718374,2.0
TS754,310,176,324,167,TS,8.165003305036553,16.64331697709324
TG1079,337,178,320,191,TG,5.67363445516611,21.400934559032695
GG284,274,393,269,402,GG,6.0640923462132985,10.295630140987
TS729,393,117,389,131,TS,7.779373439812769,14.560219778561036
GG786,408,102,413,110,GG,6.509226840652139,9.433981132056603
TS748,304,178,299,175,TS,5.314471327236053,5.830951894845301
GSD246,362,127,362,124,GSD,6.71169831413448,3.0
GG477,360,283,359,273,GG,5.641756281088862,10.04987562112089
TS590,387,260,395,249,TS,4.813148427535081,13.601470508735444
TG540,405,107,424,89,TG,6.095150936193958,26.1725046566048
GSD251,269,121,267,123,GSD,6.14512103035355,2.8284271247461903
TS418,425,90,433,91,TS,4.33586150293357,8.06225774829855
GSD55,462,88,461,92,GSD,5.77537555551413,4.123105625617661
GSD250,273,419,273,421,GSD,6.949498414039091,2.0
TG736,152,403,177,406,TG,6.3765898975849575,25.179356624028344
TG575,211,346,240,344,TG,7.421162361631543,29.068883707497267
TS34,174,407,170,409,TS,5.350454461867542,4.47213595499958
GG426,275,393,273,400,GG,5.360489658532135,7.280109889280518
GG56,337,86,331,80,GG,6.493923762556729,8.48528137423857
TS372,234,169,242,178,TS,7.017398844148794,12.041594578792296
GG158,270,191,261,190,GG,4.594568195822202,9.055385138137417
GG151,301,125,293,122,GG,6.401618809329083,8.54400374531753
GSD326,395,122,395,119,GSD,6.5283308991957165,3.0
GSD103,433,83,434,80,GSD,5.680422567291753,3.1622776601683795
TS463,113,249,109,260,TS,5.40768641847227,11.704699910719626
TS682,68,403,69,389,TS,5.347459073930276,14.035668847618199
GSD371,326,349,328,352,GSD,6.830611540343256,3.605551275463989
GG313,318,197,310,195,GG,6.3296431976771,8.246211251235321
GSD220,486,100,484,99,GSD,6.385118518817094,2.23606797749979
GSD178,288,126,288,130,GSD,6.168397074822806,4.0
GSD146,314,246,320,247,GSD,6.3604573318559865,6.082762530298219
GG521,298,192,297,201,GG,5.928068420878019,9.055385138137417
TS126,372,129,385,124,TS,6.04702806180281,13.92838827718412
GSD199,392,259,396,260,GSD,5.7301531487698725,4.123105625617661
GSD96,367,261,373,261,GSD,8.152986442939998,6.0
TS226,392,177,387,194,TS,7.046705618736937,17.72004514666935
GSD210,376,349,378,352,GSD,6.177138787940329,3.605551275463989
TS456,90,401,91,411,TS,6.894186283550733,10.04987562112089
GG700,326,120,319,123,GG,5.014010577648012,7.615773105863909
GSD92,348,193,350,192,GSD,5.705875718250352,2.23606797749979
GSD298,257,207,259,209,GSD,6.5770472183307085,2.8284271247461903
GG774,263,190,272,192,GG,5.19749595055858,9.219544457292887
GG167,453,89,456,82,GG,5.972726126652791,7.615773105863909
TS687,391,120,383,125,TS,6.179028351174146,9.433981132056603
TG424,397,151,378,139,TG,6.725356569119072,22.47220505424423
GSD219,382,106,380,105,GSD,4.106936403024809,2.23606797749979
TS608,89,402,90,412,TS,7.123739231415513,10.04987562112089
TS110,398,230,404,227,TS,5.651615140067468,6.708203932499369
GSD339,438,203,436,205,GSD,7.287276748148628,2.8284271247461903
GG208,420,136,417,123,GG,7.827350645166507,13.341664064126334
TS335,235,171,229,166,TS,5.59458306264221,7.810249675906654
GSD147,413,81,417,81,GSD,4.81613626590946,4.0
TS486,227,165,221,160,TS,6.912845583187481,7.810249675906654
GSD123,337,259,339,260,GSD,6.462426856241144,2.23606797749979
TS582,456,97,449,98,TS,4.7400239486639055,7.0710678118654755
GG29,412,153,413,147,GG,5.331873261853933,6.082762530298219
GG527,227,116,226,104,GG,7.157369024992807,12.041594578792296
TG245,315,200,331,183,TG,5.735117379325377,23.345235059857504
TS679,91,394,91,391,TS,5.920625404126877,3.0
GG731,371,110,374,104,GG,6.0429016791080254,6.708203932499369
TS544,278,172,268,168,TS,4.74641995361722,10.770329614269007
GSD179,265,168,267,169,GSD,5.535631748871161,2.23606797749979
GSD109,445,139,446,138,GSD,3.6940688257611605,1.4142135623730951
TG447,463,94,478,102,TG,4.575444490172654,17.0
GG763,258,159,263,165,GG,4.858581064018477,7.810249675906654
TS414,263,449,255,440,TS,6.553204572397359,12.041594578792296
TS364,194,347,181,356,TS,7.699105287121348,15.811388300841896
GSD347,328,156,333,156,GSD,6.567413984180487,5.0
GG444,281,191,293,192,GG,6.341879794330399,12.041594578792296
GSD364,484,159,486,158,GSD,5.570322637412431,2.23606797749979
TG1014,470,95,461,95,TG,2.548002201105908,9.0
GG694,343,200,336,200,GG,5.8421632922634,7.0
GSD314,221,242,219,245,GSD,5.264009430759494,3.605551275463989
TG24,350,82,317,88,TG,6.46679010978808,33.54101966249684
TG349,366,315,377,302,TG,4.950594613645517,17.029386365926403
TS188,80,375,78,367,TS,5.2101806339601495,8.246211251235321
GSD134,422,288,421,285,GSD,5.787737671887228,3.1622776601683795
GG575,234,181,241,187,GG,6.780320893409929,9.219544457292887
GG87,61,418,55,425,GG,7.79328535430826,9.219544457292887
GSD307,363,154,363,155,GSD,5.040371349306277,1.0
GG766,237,234,236,224,GG,6.014428639312758,10.04987562112089
GG149,333,171,330,160,GG,6.10091474927576,11.40175425099138
GSD218,438,116,433,117,GSD,5.900904489737265,5.0990195135927845
GG548,371,202,374,196,GG,5.8214297373625925,6.708203932499369
TS775,495,90,483,92,TS,6.069564371621743,12.165525060596439
TS295,275,363,271,350,TS,6.722905402326457,13.601470508735444
TG814,314,201,329,183,TG,5.306655299029317,23.430749027719962
GSD155,223,447,218,447,GSD,4.570141841620129,5.0
TS16,176,356,190,354,TS,7.265845812333444,14.142135623730951
GSD200,304,95,302,99,GSD,6.076475138630862,4.47213595499958
TG1108,185,356,207,348,TG,5.264085434370223,23.40939982143925
TG1191,208,415,219,427,TG,5.129188093837642,16.278820596099706
GSD330,336,354,333,351,GSD,6.761801619402604,4.242640687119285
TS525,80,376,84,388,TS,6.470540170591648,12.649110640673518
GG88,248,295,249,304,GG,5.915421873310778,9.055385138137417
TS344,389,139,389,147,TS,5.016814890630172,8.0
GSD224,430,139,429,134,GSD,6.948312833220095,5.0990195135927845
GG568,365,226,364,235,GG,5.602224106421556,9.055385138137417
GG524,261,173,263,179,GG,4.153368741612925,6.324555320336759
GG534,456,60,445,59,GG,5.98979306931215,11.045361017187261
TS610,252,191,244,182,TS,5.819435773615341,12.041594578792296
TS728,65,395,71,394,TS,5.277228784552859,6.082762530298219
TG169,265,426,277,411,TG,4.950414874260832,19.209372712298546
GG722,435,92,441,95,GG,4.61263944276352,6.708203932499369
GG609,453,117,453,121,GG,4.242861253301076,4.0
TS93,387,131,383,140,TS,5.951077429882623,9.848857801796104
GSD184,356,214,361,216,GSD,6.211082888271119,5.385164807134504
TS582,449,98,443,96,TS,6.153179163723003,6.324555320336759
GSD110,260,329,261,328,GSD,4.5690836144436275,1.4142135623730951
TS190,114,242,126,244,TS,5.231629986214498,12.165525060596439
TS632,393,148,386,145,TS,6.757248906703367,7.615773105863909
TS472,303,410,296,416,TS,5.802376561362827,9.219544457292887
TS594,460,97,472,94,TS,6.9115281992534925,12.36931687685298
GSD240,367,317,365,313,GSD,5.491700258698124,4.47213595499958
GG523,429,76,419,74,GG,6.602794023153394,10.198039027185569
TS9,468,164,460,163,TS,3.1910570651771284,8.06225774829855
GG753,263,434,254,435,GG,6.490377004603722,9.055385138137417
GSD337,204,435,198,434,GSD,5.632572274875788,6.082762530298219
TS476,337,87,321,88,TS,6.135053464317437,16.0312195418814
TG1196,325,174,331,183,TG,5.035054563266325,10.816653826391969
TG771,157,404,179,406,TG,5.174325236538435,22.090722034374522
GG47,230,148,238,140,GG,8.500868324286397,11.313708498984761
TS72,274,358,276,374,TS,6.488830399196717,16.1245154965971
GG172,290,106,286,109,GG,5.237772024215531,5.0
GSD32,336,238,337,243,GSD,6.685277872361822,5.0990195135927845
GG166,422,75,415,80,GG,5.700384717019606,8.602325267042627
TS617,153,362,163,359,TS,6.738380892995374,10.44030650891055
GSD5,333,225,335,227,GSD,5.196629558851299,2.8284271247461903
GSD328,307,423,304,421,GSD,6.518820451684607,3.605551275463989
TS233,91,391,83,393,TS,6.283380476370801,8.246211251235321
TS71,418,95,411,101,TS,6.347187484490618,9.219544457292887
TS719,322,166,318,168,TS,6.564127533572095,4.47213595499958
GSD323,374,137,375,144,GSD,7.505966802021573,7.0710678118654755
GG401,274,78,273,74,GG,3.500021765557369,4.123105625617661
TG635,385,124,406,105,TG,7.1954590563299,28.319604517012593
GG621,488,162,493,162,GG,3.047468265251368,5.0
TS751,316,170,321,167,TS,6.02945144023694,5.830951894845301
TG395,309,241,305,260,TG,4.622144609774939,19.4164878389476
GSD387,24,430,26,435,GSD,6.518983623179668,5.385164807134504
GSD182,415,180,420,180,GSD,4.905891623982132,5.0
GSD3,211,265,213,264,GSD,6.374254696240494,2.23606797749979
TS386,437,92,440,96,TS,5.448122394247065,5.0
TS462,85,399,83,391,TS,5.579454599702753,8.246211251235321
GSD60,414,205,418,207,GSD,6.439010837698467,4.47213595499958
TS792,239,175,248,183,TS,7.983036130681047,12.041594578792296
TG110,339,323,362,321,TG,7.219471103378511,23.08679276123039
GSD386,238,169,243,163,GSD,7.07806930926759,7.810249675906654
GG186,234,170,240,178,GG,5.221078290750645,10.0
TS635,416,219,427,221,TS,5.918242772390308,11.180339887498949
GSD105,468,86,463,87,GSD,6.435771610611732,5.0990195135927845
TS80,194,408,203,406,TS,4.7269278963381876,9.219544457292887
GSD64,351,133,353,135,GSD,6.558768424092577,2.8284271247461903
GG16,338,219,328,215,GG,6.182456480551991,10.770329614269007
TS662,228,345,239,344,TS,6.099519062468595,11.045361017187261
TG65,267,133,249,147,TG,6.532027358754551,22.80350850198276
GG696,409,143,421,142,GG,6.54445733269045,12.041594578792296
TS755,374,221,358,218,TS,6.233715288636632,16.278820596099706
GSD347,339,159,340,162,GSD,6.074122619207522,3.1622776601683795
TS149,197,409,207,405,TS,6.992542576380693,10.770329614269007
TG498,460,95,433,91,TG,6.813517178749428,27.294688127912362
GG226,241,110,251,115,GG,6.569036017531287,11.180339887498949
GG745,272,187,287,187,GG,7.640892800220883,15.0
GG176,436,194,437,189,GG,6.04964271401017,5.0990195135927845
GSD142,235,485,232,487,GSD,5.009615537891101,3.605551275463989
TG111,385,292,385,278,TG,3.99597506787796,14.0
GSD53,345,161,343,162,GSD,5.837204106724585,2.23606797749979
GSD125,225,379,227,382,GSD,5.514150475635454,3.605551275463989
GSD70,342,257,341,260,GSD,5.9083695093968736,3.1622776601683795
GG329,266,222,256,223,GG,5.863624214221163,10.04987562112089
TG1118,470,95,446,96,TG,7.090456095985363,24.020824298928627
GG652,236,218,239,207,GG,7.516938811857443,11.40175425099138
GG430,417,101,414,98,GG,7.517849121746192,4.242640687119285
GG492,289,191,289,187,GG,6.249763081037262,4.0
GSD41,349,207,350,204,GSD,7.701675337503779,3.1622776601683795
GG304,263,183,256,188,GG,5.950333038748953,8.602325267042627
TS312,374,131,369,125,TS,4.61947610402013,7.810249675906654
GSD298,263,210,265,215,GSD,5.280231558206516,5.385164807134504
GG768,415,106,407,103,GG,4.8732425424635775,8.54400374531753
TG397,386,274,395,248,TG,5.958923889866448,27.51363298439521
GG221,332,155,323,161,GG,5.223025712852157,10.816653826391969
GSD80,429,251,426,250,GSD,6.729108688768971,3.1622776601683795
TS319,265,170,273,171,TS,6.39875312698104,8.06225774829855
TG431,315,214,312,236,TG,5.800813173506965,22.20360331117452
GG169,241,194,229,198,GG,8.129732679557556,12.649110640673518
TG381,159,405,185,407,TG,5.298485874229798,26.076809620810597
TS41,321,87,309,95,TS,6.73518760666707,14.422205101855956
GSD42,204,367,200,369,GSD,6.4231145995335455,4.47213595499958
TS271,426,91,438,92,TS,5.572275992550818,12.041594578792296
TS565,253,163,255,164,TS,5.60141798935353,2.23606797749979
GG298,445,82,450,84,GG,6.636884293115157,5.385164807134504
TS31,249,148,260,154,TS,7.199074790603852,12.529964086141668
TG567,91,327,89,360,TG,6.313996170474368,33.06055050963308
TG223,304,327,278,317,TG,7.365752057271087,27.85677655436824
TS647,55,458,48,456,TS,5.296258017640301,7.280109889280518
TS35,72,394,65,387,TS,5.280232162666607,9.899494936611665
TS88,429,145,421,153,TS,5.782690941855757,11.313708498984761
GG8,253,338,246,331,GG,6.519465944909564,9.899494936611665
TS757,232,166,224,165,TS,4.375522059200295,8.06225774829855
TG513,315,213,322,188,TG,6.966674797084618,25.96150997149434
TS621,269,337,273,326,TS,4.928931431251353,11.704699910719626
TG336,276,413,262,430,TG,5.112357770338832,22.02271554554524
GG679,399,215,390,216,GG,6.2851321179431405,9.055385138137417
TS583,153,362,167,357,TS,5.921655625776677,14.866068747318506
GG596,416,180,406,180,GG,6.148055573533986,10.0
TS104,254,161,242,165,TS,6.172628333745507,12.649110640673518
GG588,359,73,365,65,GG,7.110351833796092,10.0
GG43,306,152,305,161,GG,5.800314163822114,9.055385138137417
GG402,133,395,124,392,GG,5.308492341461086,9.486832980505138
TG14,356,321,335,324,TG,5.106557228284574,21.213203435596427
TS412,290,173,287,171,TS,3.540183007083863,3.605551275463989
TS136,85,403,90,412,TS,6.700842267399931,10.295630140987
TG776,386,269,394,248,TG,5.909897937301924,22.47220505424423
GSD43,272,277,273,274,GSD,5.336109948176059,3.1622776601683795
TG726,315,229,308,243,TG,4.746877633243947,15.652475842498529
GG327,125,369,118,375,GG,5.998652943532504,9.219544457292887
TG354,136,399,155,404,TG,4.2112486404980345,19.6468827043885
TS549,131,225,141,221,TS,5.74654294367258,10.770329614269007
GG605,273,93,268,86,GG,5.1036427417691925,8.602325267042627
TS41,309,95,301,102,TS,5.125828824921188,10.63014581273465
GSD86,271,395,271,389,GSD,6.21348227211665,6.0
GG514,269,434,262,428,GG,6.842527073558415,9.219544457292887
TG78,431,91,415,97,TG,5.709716576842737,17.08800749063506
GG1,249,172,244,179,GG,6.13292914888293,8.602325267042627
TG4,334,180,317,173,TG,6.4749077410885105,18.384776310850235
GG550,497,162,508,162,GG,5.838358614096011,11.0
GG438,243,499,233,497,GG,5.2608117452654675,10.198039027185569
GG580,246,183,248,192,GG,5.464453380365651,9.219544457292887
TS224,61,382,68,392,TS,7.0550950002301445,12.206555615733702
TG36,318,173,294,171,TG,6.450349283291548,24.08318915758459
TG727,301,175,314,174,TG,4.750679086334681,13.038404810405298
TG480,338,154,318,168,TG,6.455232165323852,24.413111231467404
GG577,331,84,332,76,GG,4.713450016824876,8.06225774829855
GSD176,336,394,336,390,GSD,5.108652582481698,4.0
TG438,114,243,107,269,TG,6.150207514982391,26.92582403567252
GSD313,448,207,449,204,GSD,8.172413212950374,3.1622776601683795
TG432,276,377,278,401,TG,6.058750720553313,24.08318915758459
TG1037,252,343,270,332,TG,5.876662877904939,21.095023109728988
GG63,217,401,208,406,GG,7.703627835132496,10.295630140987
GSD237,227,262,223,261,GSD,5.534729558442667,4.123105625617661
TG138,276,375,280,396,TG,4.922600519803279,21.37755832643195
TS757,241,161,237,168,TS,6.081185718182275,8.06225774829855
TG894,116,392,92,391,TG,6.539950604795806,24.020824298928627
TS103,130,399,122,398,TS,6.257934690966426,8.06225774829855
TG822,230,166,224,151,TG,8.10363437731933,16.15549442140351
GG554,449,83,449,73,GG,6.458605678873981,10.0
GSD78,295,77,293,77,GSD,6.746511312352148,2.0
TS302,343,324,334,324,TS,6.544303548310033,9.0
GG187,354,125,358,120,GG,5.431107701402851,6.4031242374328485
TS562,237,138,246,145,TS,5.824270568936832,11.40175425099138
GG65,192,357,181,352,GG,7.694312583695455,12.083045973594572
TG642,385,124,369,124,TG,5.4451687088807,16.0
GSD335,262,118,262,111,GSD,6.9811091982319695,7.0
GG270,227,182,238,180,GG,6.039562325930717,11.180339887498949
GG40,466,65,457,61,GG,6.588774169669007,9.848857801796104
TG329,142,367,116,371,TG,6.04404220160562,26.30589287593181
TS744,99,288,103,276,TS,6.547112413443758,12.649110640673518
TG986,366,315,348,323,TG,5.38668458297366,19.697715603592208
TS272,385,272,386,264,TS,4.808240401531249,8.06225774829855
GG596,428,181,416,180,GG,5.906403973702763,12.041594578792296
TS300,197,409,187,412,TS,6.95874061312826,10.44030650891055
TS588,58,434,55,440,TS,3.667676265087656,6.708203932499369
GG13,479,73,480,80,GG,7.141610409137309,7.0710678118654755
TS555,299,174,308,172,TS,6.707919132037329,9.219544457292887
GG786,421,143,431,139,GG,7.559397578145585,10.770329614269007
GSD71,266,136,268,139,GSD,5.287725068245489,3.605551275463989
TG628,269,146,261,142,TG,5.290911283014227,8.94427190999916
GSD73,409,119,405,114,GSD,6.48802499469851,6.4031242374328485
GSD104,305,124,310,124,GSD,6.509224726399285,5.0
GSD79,259,331,261,328,GSD,7.898008480012109,3.605551275463989
TG398,292,294,279,315,TG,5.464114443425711,24.698178070456937
GSD55,460,85,461,86,GSD,6.552209459699089,1.4142135623730951
GSD53,354,166,353,161,GSD,6.1715750914544065,5.0990195135927845
TS745,96,388,90,375,TS,7.305153955687501,14.317821063276353
TS687,409,105,401,111,TS,5.342961956016666,10.0
GG748,457,150,458,161,GG,7.318097627051719,11.045361017187261
TG194,419,94,430,90,TG,4.361499509939589,11.704699910719626
GG298,479,90,481,82,GG,5.964225061948877,8.246211251235321
TS621,251,338,256,341,TS,5.366755808287007,5.830951894845301
GSD289,334,317,337,321,GSD,8.05340169876574,5.0
GG52,485,161,474,163,GG,5.895248111711275,11.180339887498949
TG1026,272,329,263,341,TG,4.569502281989747,15.0
GG429,166,315,151,317,GG,7.105720694303388,15.132745950421556
GSD245,271,274,269,270,GSD,5.742321578618,4.47213595499958
GG64,441,110,437,106,GG,5.493348334066042,5.656854249492381
TG1054,270,423,256,439,TG,5.827806368674182,21.2602916254693
GSD378,456,203,455,203,GSD,4.457022093469842,1.0
GG306,324,191,325,198,GG,5.92856203631083,7.0710678118654755
GSD128,166,405,173,410,GSD,6.266137584276715,8.602325267042627
TS29,294,416,285,417,TS,5.581516498046554,9.055385138137417
TG622,115,392,97,383,TG,6.576367861179545,20.12461179749811
TG727,314,174,325,155,TG,5.723822563654996,21.95449840010015
GG404,325,192,325,199,GG,5.481337711637395,7.0
TG334,478,120,456,126,TG,5.619628477363288,22.80350850198276
GSD16,500,88,497,90,GSD,4.346752347327629,3.605551275463989
TS796,488,202,490,192,TS,5.813426719580534,10.198039027185569
TS189,454,98,444,96,TS,6.342953097843299,10.198039027185569
GG67,345,199,340,198,GG,4.130216815431332,5.0990195135927845
GG470,300,179,306,168,GG,6.584251665337296,12.529964086141668
TS145,287,460,276,458,TS,6.3785867578858335,11.180339887498949
GG144,368,335,364,343,GG,5.3543689227029025,8.94427190999916
GSD115,334,353,331,353,GSD,6.347683248612167,3.0
GG174,357,323,356,319,GG,4.64420331320018,4.123105625617661
TG11,405,225,395,250,TG,6.6497293004473566,26.92582403567252
GSD337,201,438,204,435,GSD,7.143604262935016,4.242640687119285
GSD133,293,293,296,293,GSD,5.807653601022622,3.0
GG565,495,163,482,162,GG,7.235478872754658,13.038404810405298
GG611,125,368,127,350,GG,7.561304704065549,18.110770276274835
GSD257,466,151,469,152,GSD,5.762718537784273,3.1622776601683795
TG595,431,91,449,97,TG,5.031891819364075,18.973665961010276
GSD261,396,260,393,260,GSD,5.693820338348977,3.0
GG570,272,80,273,74,GG,6.576616835548313,6.082762530298219
TS441,467,163,476,161,TS,5.597708999965334,9.219544457292887
TS493,381,281,384,270,TS,7.525676624262241,11.40175425099138
TS527,238,144,226,150,TS,6.477359716556684,13.416407864998739
TG91,248,160,234,167,TG,4.3953680560166575,15.652475842498529
GG272,306,164,304,159,GG,6.960421198286121,5.385164807134504
TS312,389,140,382,141,TS,6.438676181294272,7.0710678118654755
GG701,460,146,459,155,GG,6.290833061849625,9.055385138137417
TG123,362,136,378,133,TG,5.76000040446783,16.278820596099706
TS745,131,398,120,394,TS,6.4480759903054725,11.704699910719626
GSD244,227,148,223,148,GSD,6.993093816570134,4.0
TG1158,386,260,386,284,TG,4.5681361231643915,24.0
GG221,307,170,302,176,GG,5.738535925162466,7.810249675906654
TS228,381,284,382,296,TS,7.031013586078618,12.041594578792296
GG300,237,144,231,149,GG,6.292728455827713,7.810249675906654
GSD366,402,119,399,119,GSD,4.961765468852747,3.0
GSD28,349,262,345,262,GSD,5.864399342883058,4.0
TS139,289,326,300,327,TS,5.756733291594919,11.045361017187261
GG82,284,306,282,315,GG,6.245201999417642,9.219544457292887
TG657,282,311,270,331,TG,6.214812966966979,23.323807579381203
GSD273,306,246,307,245,GSD,6.029422322039399,1.4142135623730951
GG145,127,359,125,369,GG,5.903873424605783,10.198039027185569
GG776,453,91,450,85,GG,4.5252388596652615,6.708203932499369
GG673,310,107,311,120,GG,6.135590230705066,13.038404810405298
TG1161,387,293,386,265,TG,5.979891753017959,28.0178514522438
GSD119,310,407,312,409,GSD,5.931414452442645,2.8284271247461903
GG128,263,123,259,125,GG,3.9158743925257973,4.47213595499958
GG245,238,257,237,269,GG,7.627347501476869,12.041594578792296
GSD333,347,321,347,319,GSD,4.702115742406029,2.0
GSD93,246,160,251,161,GSD,6.304998566496522,5.0990195135927845
GG620,261,157,258,147,GG,6.297505393845512,10.44030650891055
GSD255,498,156,504,155,GSD,4.8817080825955586,6.082762530298219
TG990,120,393,141,400,TG,6.026327605708963,22.135943621178654
TS398,437,224,452,223,TS,5.902887684628254,15.033296378372908
TG597,315,332,333,323,TG,4.172743578739218,20.12461179749811
GG346,512,161,500,162,GG,6.262510682093902,12.041594578792296
GSD14,400,261,405,263,GSD,7.776539576531602,5.385164807134504
GSD366,432,97,427,95,GSD,6.385600406005141,5.385164807134504
TG941,223,163,216,158,TG,6.432937673527845,8.602325267042627
GSD127,217,204,216,201,GSD,5.008161108205286,3.1622776601683795
TS87,323,165,330,152,TS,7.08035007528969,14.7648230602334
GG369,300,411,290,416,GG,7.161294709645574,11.180339887498949
TG179,228,127,243,142,TG,4.920847524895205,21.213203435596427
GSD114,507,153,510,152,GSD,5.469653047753866,3.1622776601683795
GSD384,493,184,495,181,GSD,4.480913342045731,3.605551275463989
GG23,481,78,473,68,GG,7.202567151230479,12.806248474865697
GG233,306,317,316,317,GG,5.652270109509299,10.0
TS507,355,80,345,84,TS,5.564199594924646,10.770329614269007
TG875,160,405,136,399,TG,5.055934002380582,24.73863375370596
GG441,433,202,436,195,GG,5.614455248447438,7.615773105863909
GSD115,338,355,334,353,GSD,4.374412391758174,4.47213595499958
TS104,242,165,240,161,TS,5.536359180862053,4.47213595499958
TS649,187,407,193,411,TS,6.457043945315893,7.211102550927978
TS560,260,166,269,171,TS,7.708642897178104,10.295630140987
GSD390,288,150,291,152,GSD,5.887976062534616,3.605551275463989
GG253,255,139,261,143,GG,5.758221660558556,7.211102550927978
TS109,136,399,127,397,TS,5.829220096560146,9.219544457292887
TG1073,347,322,326,327,TG,4.603717484657381,21.587033144922902
TS259,123,244,116,245,TS,3.908849823167131,7.0710678118654755
TS624,240,145,237,137,TS,6.089656736844903,8.54400374531753
TG37,376,132,360,143,TG,6.203252197147972,19.4164878389476
TS371,246,440,242,438,TS,5.3121530578569285,4.47213595499958
GSD15,338,321,341,322,GSD,5.703741534843033,3.1622776601683795
TG715,341,148,362,135,TG,5.5905936033569334,24.698178070456937
TS10,155,236,165,234,TS,5.780515547840637,10.198039027185569
GG52,501,163,485,161,GG,7.239187348911788,16.1245154965971
GSD112,444,207,445,209,GSD,4.863215454942946,2.23606797749979
GG50,393,147,396,139,GG,6.57793673831579,8.54400374531753
TS556,422,90,434,91,TS,5.689427774633419,12.041594578792296
GSD337,192,430,188,429,GSD,5.940424026426637,4.123105625617661
GG267,253,150,249,145,GG,7.305474505815793,6.4031242374328485
GG385,271,118,275,120,GG,5.641526708317269,4.47213595499958
TG506,314,171,336,175,TG,5.6265563318461105,22.360679774997898
TS449,376,133,378,126,TS,6.101414665697506,7.280109889280518
TG512,487,92,478,102,TG,5.288774173867691,13.45362404707371
TG652,157,362,176,355,TG,5.721385599123181,20.248456731316587
TS526,448,97,456,97,TS,4.908037698648098,8.0
GG735,345,84,358,77,GG,8.11283348175858,14.7648230602334
TG466,437,92,420,94,TG,5.315174620094158,17.11724276862369
TG362,372,129,350,122,TG,5.595293590693746,23.08679276123039
GG174,356,319,359,309,GG,4.250340702971748,10.44030650891055
GSD112,452,203,448,206,GSD,6.809712474715241,5.0
TG440,367,314,381,297,TG,5.355202262220551,22.02271554554524
GG729,321,315,323,322,GG,4.248492025360738,7.280109889280518
TG227,477,93,481,107,TG,4.626190230629163,14.560219778561036
TS737,110,255,120,245,TS,6.09739725994053,14.142135623730951
GG380,306,144,308,134,GG,7.848558855161219,10.198039027185569
GG581,204,409,213,405,GG,6.812139555348695,9.848857801796104
TS457,428,90,420,92,TS,6.648254279886207,8.246211251235321
GG5,438,60,433,58,GG,4.544747691093285,5.385164807134504
TS522,202,419,211,425,TS,5.411934003446444,10.816653826391969
GSD374,397,116,397,119,GSD,6.2225753311468,3.0
TG730,194,351,174,357,TG,5.247967589752257,20.8806130178211
TS430,490,187,502,183,TS,7.017379702016854,12.649110640673518
GSD168,352,190,353,188,GSD,6.502923249974639,2.23606797749979
TG823,313,171,324,165,TG,4.434990984466577,12.529964086141668
GSD33,310,272,312,271,GSD,5.373533722293381,2.23606797749979
TS502,47,443,32,442,TS,6.208879703725758,15.033296378372908
GSD10,21,447,23,443,GSD,6.43143653249662,4.47213595499958
GG591,91,401,95,410,GG,5.324461015187566,9.848857801796104
GG200,512,162,522,160,GG,6.880486912890344,10.198039027185569
TS310,372,129,361,122,TS,5.482961338782634,13.038404810405298
GSD31,365,245,366,249,GSD,5.634461905246656,4.123105625617661
GG567,359,209,359,218,GG,4.711338725753874,9.0
GG184,316,199,309,196,GG,5.95595725427167,7.615773105863909
TS652,237,167,233,166,TS,5.535223436713844,4.123105625617661
TS317,394,151,393,166,TS,6.808321262593184,15.033296378372908
TS177,460,95,452,98,TS,5.7725879573392245,8.54400374531753
TS493,384,270,388,261,TS,6.804281273923436,9.848857801796104
TS342,86,402,78,399,TS,5.928881203248011,8.54400374531753
GSD22,131,418,130,425,GSD,5.83606731328895,7.0710678118654755
GG366,208,160,216,156,GG,6.3842635694143866,8.94427190999916
TS612,268,170,273,162,TS,8.01911175224964,9.433981132056603
TG1186,259,144,271,130,TG,4.775185601728485,18.439088914585774
GG668,352,139,352,146,GG,6.261560835787847,7.0
TG555,350,82,323,88,TG,6.316107515445615,27.65863337187866
TG555,323,88,303,101,TG,5.815181677489854,23.853720883753127
GG308,250,233,245,239,GG,5.978975485063736,7.810249675906654
TS797,26,441,43,444,TS,6.209156776394572,17.26267650163207
GSD127,234,224,229,225,GSD,6.336745676532202,5.0990195135927845
GG631,255,163,248,174,GG,5.736957357020511,13.038404810405298
GSD62,453,97,448,96,GSD,4.8516423483418,5.0990195135927845
GG484,289,299,284,305,GG,5.412109265689392,7.810249675906654
TG1044,256,341,269,347,TG,4.523578028722782,14.317821063276353
TS355,429,91,444,94,TS,6.2323357499577146,15.297058540778355
GG595,362,243,359,251,GG,5.858993369098715,8.54400374531753
GG37,506,162,514,162,GG,4.749347975070068,8.0
TS420,60,338,50,346,TS,6.283412439537673,12.806248474865697
GSD15,345,321,349,317,GSD,6.710057859667899,5.656854249492381
GG335,180,303,181,292,GG,6.433142404894099,11.045361017187261
GSD303,218,212,217,210,GSD,3.390656524823193,2.23606797749979
TS177,443,95,432,100,TS,5.182770417267923,12.083045973594572
TS752,379,125,383,118,TS,6.733957983946009,8.06225774829855
TS658,441,93,449,98,TS,4.964685302273088,9.433981132056603
GSD63,190,332,189,338,GSD,4.434617474817216,6.082762530298219
TG410,107,264,101,288,TG,5.259713046171932,24.73863375370596
GG639,252,149,243,148,GG,5.173850994465065,9.055385138137417
TS65,346,218,358,219,TS,6.496159572684875,12.041594578792296
TS458,222,430,216,426,TS,5.3550352860791115,7.211102550927978
TS385,420,205,427,197,TS,5.94062384095421,10.63014581273465
TS2,259,148,271,145,TS,5.584356273116681,12.36931687685298
TS519,94,392,97,383,TS,7.135186372354827,9.486832980505138
TS756,307,243,307,254,TS,4.779111349368472,11.0
TS711,118,245,113,250,TS,4.310949290729132,7.0710678118654755
TS337,352,140,364,134,TS,8.0673449322776,13.416407864998739
GSD21,290,341,294,340,GSD,5.348069888853718,4.123105625617661
GG681,343,199,352,196,GG,7.220346635926926,9.486832980505138
TS743,476,162,467,164,TS,4.98820628993957,9.219544457292887
GSD141,514,180,520,179,GSD,5.167327744729214,6.082762530298219
GG264,459,139,460,144,GG,4.872290145477114,5.0990195135927845
TG1200,87,355,93,381,TG,6.849071749255482,26.68332812825267
GG422,325,201,321,207,GG,5.094070283035058,7.211102550927978
GG644,432,179,442,176,GG,6.6328312330240635,10.44030650891055
TS648,284,114,276,122,TS,5.83722376248015,11.313708498984761
GG399,315,161,309,161,GG,3.989687842545477,6.0
GG194,237,267,236,260,GG,4.8879790888691375,7.0710678118654755
TG638,411,102,437,92,TG,7.0657526951771885,27.85677655436824
GSD112,454,203,452,203,GSD,5.483806222439668,2.0
GSD113,492,199,492,198,GSD,7.776875782494683,1.0
TS136,91,393,85,403,TS,6.348386498351616,11.661903789690601
GG666,498,162,486,163,GG,5.717153327120423,12.041594578792296
GG663,252,452,253,442,GG,5.845716928559392,10.04987562112089
GG482,212,158,217,155,GG,4.398688446426021,5.830951894845301
TG540,424,89,439,93,TG,4.127883502047046,15.524174696260024
GSD391,431,92,432,96,GSD,7.331364233439174,4.123105625617661
GG555,174,358,179,354,GG,4.737720990689794,6.4031242374328485
GSD93,249,157,248,156,GSD,4.522103892378222,1.4142135623730951
GSD324,311,215,313,212,GSD,4.624910801998126,3.605551275463989
GSD63,187,322,188,325,GSD,4.419119196112836,3.1622776601683795
GG35,440,178,431,175,GG,5.979940334579158,9.486832980505138
GSD70,346,246,344,250,GSD,4.6429720121175215,4.47213595499958
TG1081,440,132,426,150,TG,5.77472830017062,22.80350850198276
GG150,68,397,69,406,GG,6.572246373094853,9.055385138137417
TS23,166,406,179,413,TS,6.239873306601666,14.7648230602334
GSD127,222,219,220,213,GSD,7.7287894898965135,6.324555320336759
TG887,354,139,331,152,TG,6.665119236992189,26.419689627245813
TS448,244,182,250,192,TS,7.4864323749038295,11.661903789690601
TG241,226,346,252,343,TG,6.324774922953395,26.1725046566048
TS401,72,395,79,403,TS,5.332656164254308,10.63014581273465
TS384,389,140,388,147,TS,3.641936946754207,7.0710678118654755
TS404,331,213,342,216,TS,5.86140203329942,11.40175425099138
TS200,417,208,411,215,TS,7.111621727069847,9.219544457292887
TG85,334,123,314,129,TG,5.038440826525395,20.8806130178211
GSD200,302,99,299,102,GSD,6.297952740418268,4.242640687119285
TS266,258,433,267,425,TS,5.831804322521236,12.041594578792296
TG737,245,161,226,164,TG,5.571666033678955,19.235384061671343
TG1071,329,327,360,320,TG,6.468341893185015,31.78049716414141
GSD315,358,312,351,309,GSD,6.044067703846071,7.615773105863909
GG537,290,108,283,111,GG,6.089093969618995,7.615773105863909
GG683,307,249,306,257,GG,3.819815372865339,8.06225774829855
TS369,69,392,74,397,TS,7.2327541825789865,7.0710678118654755
TG1069,390,121,373,129,TG,5.083833140842799,18.788294228055936
TS426,84,390,80,375,TS,8.09707046027114,15.524174696260024
GSD6,89,407,90,411,GSD,6.338203318734905,4.123105625617661
TS607,379,300,375,305,TS,4.628204316580097,6.4031242374328485
TS339,308,172,302,176,TS,4.26444057446923,7.211102550927978
TG138,256,341,274,354,TG,6.461140275492261,22.20360331117452
TG870,276,413,276,387,TG,6.399148938878544,26.0
TS347,275,124,267,133,TS,6.336172253673462,12.041594578792296
TS294,224,345,228,345,TS,2.1384088852715237,4.0
GG160,102,379,107,376,GG,4.8264297846605615,5.830951894845301
TS723,304,178,313,175,TS,5.150612943572223,9.486832980505138
TG986,348,323,323,329,TG,4.812586409038567,25.709920264364882
TS640,412,101,400,109,TS,6.996502063902389,14.422205101855956
GG609,471,93,462,95,GG,6.486678363357286,9.219544457292887
GG590,390,306,398,307,GG,5.2709493831366245,8.06225774829855
GG360,184,350,190,348,GG,5.6150703813838625,6.324555320336759
TG830,426,90,441,96,TG,6.678105679089889,16.15549442140351
TS600,347,324,356,330,TS,5.7155545726954315,10.816653826391969
GSD340,432,228,433,229,GSD,4.638607540517885,1.4142135623730951
GSD308,414,250,419,249,GSD,6.017886846542215,5.0990195135927845
GG595,358,273,361,284,GG,6.490390585145732,11.40175425099138
TS40,377,126,376,132,TS,4.43544824171336,6.082762530298219
GSD132,374,147,378,148,GSD,6.212945687514598,4.123105625617661
GSD203,241,250,240,247,GSD,4.805077377933113,3.1622776601683795
TS156,79,330,66,332,TS,7.3121051671825334,13.152946437965905
GG442,97,385,94,391,GG,5.779824361251318,6.708203932499369
TG521,211,346,228,345,TG,4.279164782009754,17.029386365926403
GG634,111,376,102,378,GG,4.994139807158973,9.219544457292887
GSD70,339,265,342,266,GSD,6.227326466323696,3.1622776601683795
GSD386,243,179,241,176,GSD,4.621216270185862,3.605551275463989
GSD223,463,162,462,167,GSD,6.100535884299087,5.0990195135927845
GSD145,230,381,228,378,GSD,5.621566163517009,3.605551275463989
GG333,254,153,256,161,GG,5.600081450567723,8.246211251235321
GSD299,364,282,369,281,GSD,5.982877805278964,5.0990195135927845
TS725,141,367,125,370,TS,6.877432389159389,16.278820596099706
TG99,369,126,338,121,TG,6.209525927310913,31.400636936215164
GG482,217,155,228,153,GG,6.368547710521028,11.180339887498949
GSD143,368,171,366,175,GSD,6.50061232626156,4.47213595499958
GSD315,362,316,358,317,GSD,7.152861571262369,4.123105625617661
GSD80,439,246,440,249,GSD,4.759578201168741,3.1622776601683795
GSD357,253,465,251,462,GSD,5.883651763884924,3.605551275463989
GG225,434,179,432,185,GG,4.441149611957704,6.324555320336759
TG319,227,149,215,158,TG,5.401867102413434,15.0
GSD275,222,395,222,390,GSD,6.4780101180882355,5.0
GSD216,363,217,366,216,GSD,5.30172431044047,3.1622776601683795
GSD299,372,280,378,281,GSD,5.756363056286197,6.082762530298219
TG1136,375,302,364,317,TG,5.828943166429914,18.601075237738275
TS485,71,394,66,387,TS,5.43883222366925,8.602325267042627
TS159,352,339,355,330,TS,5.278856949338268,9.486832980505138
GSD335,262,108,261,106,GSD,5.057830923775711,2.23606797749979
GSD163,154,288,153,290,GSD,4.6009249448265015,2.23606797749979
GSD87,353,412,356,409,GSD,5.905991919327242,4.242640687119285
GG133,446,59,437,60,GG,5.228714485713276,9.055385138137417
GG16,321,211,323,206,GG,3.741365532956708,5.385164807134504
GSD298,260,204,258,204,GSD,6.733904936599314,2.0
TS438,75,394,68,389,TS,5.865969936643142,8.602325267042627
TG321,211,156,206,169,TG,6.84025870087356,13.92838827718412
GG765,437,102,432,91,GG,7.9622577525372265,12.083045973594572
GG261,266,159,274,158,GG,6.31383244758582,8.06225774829855
GG151,283,121,279,116,GG,5.3395829511824875,6.4031242374328485
GSD25,449,193,450,189,GSD,4.934259471545582,4.123105625617661
GSD207,356,307,360,307,GSD,4.686598864297732,4.0
TG983,339,85,355,82,TG,3.8097715185818206,16.278820596099706
TG541,229,433,211,419,TG,5.910175450112247,22.80350850198276
GG283,142,318,136,319,GG,4.29281512836328,6.082762530298219
TG1185,124,397,99,390,TG,6.21564378942675,25.96150997149434
GG255,323,204,326,199,GG,5.946149066863423,5.830951894845301
TS445,274,172,284,174,TS,7.153323598505143,10.198039027185569
GSD191,466,202,464,203,GSD,5.85475348396546,2.23606797749979
GG59,389,158,386,164,GG,5.613488419086607,6.708203932499369
GSD44,360,210,363,212,GSD,5.693513670283416,3.605551275463989
TG696,271,351,275,384,TG,6.84086922910392,33.24154027718932
TG313,275,369,276,389,TG,4.685545827299044,20.024984394500787
GG272,286,159,278,158,GG,5.194810353391578,8.06225774829855
TG539,394,251,385,278,TG,5.8101926757097235,28.460498941515414
TG339,272,328,281,311,TG,4.122399885769156,19.235384061671343
TS591,86,402,80,394,TS,6.6108275365576326,10.0
TS5,382,292,382,277,TS,7.219800327801735,15.0
TG245,315,214,315,200,TG,3.856706369321557,14.0
TG64,266,341,274,361,TG,6.003120132946563,21.540659228538015
TG825,302,267,309,246,TG,4.959399691326164,22.135943621178654
GG545,193,417,188,419,GG,4.56723699890885,5.385164807134504
TG731,461,94,443,97,TG,5.328287562329479,18.24828759089466
GG584,408,217,393,216,GG,8.417256458275551,15.033296378372908
GG161,414,106,418,102,GG,5.254643392265798,5.656854249492381
TG405,428,102,406,121,TG,6.417368381485193,29.068883707497267
GG686,303,263,300,272,GG,5.062368014504653,9.486832980505138
TS596,307,177,319,169,TS,7.982570042701802,14.422205101855956
TS623,312,238,308,252,TS,7.121607538065005,14.560219778561036
TS164,271,326,278,318,TS,4.690060278296498,10.63014581273465
GSD229,327,355,323,357,GSD,4.811893111165368,4.47213595499958
TS789,421,205,412,211,TS,6.479115764907213,10.816653826391969
GSD362,240,258,236,260,GSD,5.030773117738512,4.47213595499958
TS637,92,394,88,403,TS,4.929567956735432,9.848857801796104
TG1035,318,173,329,183,TG,6.400686130460142,14.866068747318506
GG175,358,323,358,314,GG,6.146145780317887,9.0
TG936,243,143,263,159,TG,5.978663893653376,25.612496949731394
GG169,250,172,243,179,GG,6.378533015434122,9.899494936611665
GG126,435,188,441,187,GG,5.886833157030836,6.082762530298219
GSD257,460,159,460,162,GSD,6.099577996560278,3.0
GG13,464,64,470,67,GG,5.398408444794647,6.708203932499369
TG90,432,99,415,113,TG,4.565296940032113,22.02271554554524
GSD336,324,207,319,206,GSD,5.9854602293861845,5.0990195135927845
TS528,473,125,483,110,TS,6.722714283701773,18.027756377319946
GSD83,316,85,316,83,GSD,6.383522280868782,2.0
GSD153,398,120,406,116,GSD,6.272849723355229,8.94427190999916
GSD265,437,267,440,262,GSD,6.4169737074280455,5.830951894845301
GSD46,283,147,289,147,GSD,6.130629131491013,6.0
GSD175,503,154,508,152,GSD,7.316193178943983,5.385164807134504
TG369,259,165,243,163,TG,4.920265410775704,16.1245154965971
GSD200,316,94,318,90,GSD,6.183472934892487,4.47213595499958
GSD29,410,277,407,283,GSD,6.893724764369454,6.708203932499369
TS13,157,404,165,406,TS,4.79500365690968,8.246211251235321
GSD64,334,131,340,132,GSD,6.531795789949776,6.082762530298219
TS457,420,92,415,98,TS,4.911983589191869,7.810249675906654
GSD87,348,416,351,414,GSD,5.120983308352798,3.605551275463989
TS732,454,97,447,95,TS,5.068179326640341,7.280109889280518
GSD338,326,303,325,302,GSD,5.340548601123249,1.4142135623730951
TG185,321,87,346,83,TG,6.193892359159177,25.317977802344327
GSD391,425,86,423,88,GSD,3.02151696959636,2.8284271247461903
TG315,150,403,129,398,TG,4.683059621677218,21.587033144922902
GG80,423,74,434,78,GG,5.594319446360552,11.704699910719626
TG972,313,236,307,256,TG,4.090845629689137,20.8806130178211
TG73,326,164,348,148,TG,6.1705022244158165,27.202941017470888
GSD333,336,298,336,296,GSD,5.024410200818124,2.0
GG259,419,74,414,81,GG,5.993785432478422,8.602325267042627
TG1119,360,121,343,121,TG,4.74080484420642,17.0
TS278,260,444,259,434,TS,6.028754737788782,10.04987562112089
GG670,302,102,309,95,GG,7.078804703950015,9.899494936611665
GG132,251,136,257,143,GG,6.4762958879233565,9.219544457292887
TG192,479,105,464,95,TG,5.094323837492579,18.027756377319946
TS601,124,371,136,368,TS,5.7822171384347465,12.36931687685298
GSD307,384,151,381,149,GSD,5.550422594971364,3.605551275463989
GSD112,444,230,444,232,GSD,5.805990957678944,2.0
TS552,325,186,334,180,TS,5.823322878344971,10.816653826391969
GG169,256,148,255,154,GG,5.392874426471138,6.082762530298219
TS394,120,394,104,391,TS,6.592163982436163,16.278820596099706
GG43,305,161,305,172,GG,5.95714058866864,11.0
GG399,309,161,306,156,GG,6.196311172087858,5.830951894845301
TS279,460,95,473,94,TS,7.263602905573772,13.038404810405298
GSD210,386,350,385,346,GSD,5.055234551039149,4.123105625617661
GG43,306,142,306,152,GG,7.113369420841626,10.0
TG673,184,407,209,417,TG,6.184892214874584,26.92582403567252
GSD234,234,434,237,436,GSD,5.159418364638455,3.605551275463989
GG628,359,252,358,263,GG,6.309050660286847,11.045361017187261
GSD241,286,147,288,150,GSD,6.326134167693056,3.605551275463989
GSD123,333,250,336,249,GSD,5.0038383917418425,3.1622776601683795
TG790,266,146,288,142,TG,5.5565904074676205,22.360679774997898
GSD247,342,278,346,281,GSD,7.655458773833058,5.0
GSD299,362,272,362,280,GSD,5.589650157709851,8.0
GSD177,228,150,230,152,GSD,5.956934906741253,2.8284271247461903
TS365,256,164,263,168,TS,5.858582235949111,8.06225774829855
GSD211,320,128,315,128,GSD,5.7387018442928905,5.0
GG342,375,222,383,219,GG,5.4067339678902435,8.54400374531753
TG641,190,354,157,363,TG,7.059900766796348,34.20526275297414
TG206,223,151,226,163,TG,6.65662193230386,12.36931687685298
GSD52,399,248,405,250,GSD,5.058375763811862,6.324555320336759
GSD2,338,310,336,315,GSD,6.936781978694259,5.385164807134504
GG431,271,84,275,75,GG,6.507822232780461,9.848857801796104
GG519,478,89,470,94,GG,4.273370023396389,9.433981132056603
GG613,250,462,241,466,GG,6.06991177307258,9.848857801796104
TG404,256,341,271,350,TG,5.5510113935310335,17.4928556845359
GSD88,224,391,223,389,GSD,4.259619744637607,2.23606797749979
TG368,302,267,309,241,TG,5.63126097885394,26.92582403567252
GSD250,273,414,273,419,GSD,4.675961206363315,5.0
TS790,51,366,48,356,TS,4.831814908645935,10.44030650891055
TS312,382,141,374,131,TS,7.095704294623883,12.806248474865697
TG874,270,351,271,328,TG,5.874890056338096,23.021728866442675
TG579,353,120,330,124,TG,5.629025369383882,23.345235059857504
GSD161,322,377,324,380,GSD,5.339648472176046,3.605551275463989
GG333,256,161,251,169,GG,5.906269207844421,9.433981132056603
GG269,334,172,331,168,GG,5.22333726010617,5.0
GG195,69,406,63,416,GG,7.02793610609317,11.661903789690601
GG277,275,371,276,384,GG,6.637887917472273,13.038404810405298
GSD392,316,91,315,94,GSD,6.60076738460938,3.1622776601683795
GSD107,148,338,148,342,GSD,6.010659711777432,4.0
TS120,98,393,89,391,TS,5.2240994732356905,9.219544457292887
GG390,392,97,384,99,GG,7.153199188154429,8.246211251235321
GG432,453,117,450,108,GG,5.761661106160955,9.486832980505138
TS464,481,108,474,95,TS,5.669990410437351,14.7648230602334
TS88,410,154,399,151,TS,3.8814535031378448,11.40175425099138
TS617,188,356,197,349,TS,5.122226109501803,11.40175425099138
GSD96,341,261,348,262,GSD,8.456861431069072,7.0710678118654755
TG394,387,260,387,288,TG,7.029347994034918,28.0
TS787,361,121,345,120,TS,6.476002266845087,16.0312195418814
TG997,211,346,238,344,TG,5.068883776384231,27.073972741361768
TS33,383,118,388,122,TS,5.661450263984352,6.4031242374328485
GG143,509,162,496,162,GG,6.585406637011957,13.0
GSD180,462,111,463,107,GSD,4.82631760275936,4.123105625617661
GG444,301,174,306,164,GG,8.37878538218676,11.180339887498949
GG25,439,108,437,110,GG,4.712537206173732,2.8284271247461903
GSD337,176,429,171,427,GSD,6.822787668900304,5.385164807134504
GSD143,387,160,385,165,GSD,8.107270213371343,5.385164807134504
GG669,428,180,421,179,GG,7.226440488342027,7.0710678118654755
TG190,350,82,318,88,TG,6.861019396724808,32.55764119219941
GSD175,526,151,522,150,GSD,5.7744878575992535,4.123105625617661
TS198,381,289,378,300,TS,6.892558683165657,11.40175425099138
TS656,84,398,80,401,TS,6.383087301859202,5.0
TS70,363,321,352,321,TS,6.639243926238549,11.0
TS670,266,135,272,126,TS,5.261066393198602,10.816653826391969
TS624,251,153,240,145,TS,7.158197556056908,13.601470508735444
TS83,288,171,296,172,TS,5.077994997586485,8.06225774829855
TS510,263,330,273,329,TS,5.593490237438383,10.04987562112089
TG484,226,346,196,350,TG,6.990081290426527,30.265491900843113
GG650,107,388,117,392,GG,7.010119644859511,10.770329614269007
GG661,431,76,435,80,GG,5.001620663115826,5.656854249492381
GG36,437,58,439,45,GG,7.145871242630712,13.152946437965905
GSD237,233,260,231,260,GSD,6.680412024737375,2.0
TG187,485,93,481,107,TG,6.245181291833238,14.560219778561036
TS504,246,145,240,140,TS,5.522699149144354,7.810249675906654
GSD124,207,405,211,403,GSD,5.438264604543464,4.47213595499958
TG1047,259,149,240,141,TG,5.9120209546684315,20.615528128088304
TS760,61,336,64,332,TS,5.804056560201943,5.0
TS612,273,162,284,168,TS,5.045036869710602,12.529964086141668
GSD399,336,110,335,109,GSD,6.642095375674079,1.4142135623730951
TG216,385,124,363,134,TG,5.197776390865384,24.166091947189145
GSD164,369,126,367,125,GSD,6.042327335461085,2.23606797749979
TG812,428,90,437,97,TG,6.081202149840374,11.40175425099138
GSD126,255,335,259,333,GSD,4.964312358407623,4.47213595499958
TG1000,231,130,242,144,TG,5.543797293585334,17.804493814764857
GSD296,39,441,35,440,GSD,5.619130124796314,4.123105625617661
TS40,385,125,377,126,TS,5.2553455368483135,8.06225774829855
GSD112,443,223,443,225,GSD,5.7309334617175125,2.0
GG476,453,93,460,96,GG,6.009674978429135,7.615773105863909
GSD84,311,393,317,390,GSD,5.091588909504949,6.708203932499369
GSD399,339,106,342,104,GSD,5.259178811305599,3.605551275463989
TG161,254,343,272,331,TG,5.234239455473512,21.633307652783937
GG530,314,99,311,104,GG,5.965987701103039,5.830951894845301
TS321,434,181,432,186,TS,5.005466641384274,5.385164807134504
GG768,420,104,415,106,GG,6.1053249922576125,5.385164807134504
GG337,79,403,89,403,GG,5.587480550454527,10.0
TS34,170,409,182,412,TS,5.8536443760500685,12.36931687685298
GG597,221,258,215,263,GG,4.781324516778621,7.810249675906654
TG515,314,171,333,171,TG,3.8860258559769365,19.0
TG403,440,132,452,128,TG,4.211344136782908,12.649110640673518
GG339,301,184,299,193,GG,5.5709019708071725,9.219544457292887
TS555,308,172,319,170,TS,5.890129352385859,11.180339887498949
GSD389,138,423,134,419,GSD,6.219498575579827,5.656854249492381
GG738,476,91,480,93,GG,4.5784714142836584,4.47213595499958
GG174,384,303,379,312,GG,5.788651422264234,10.295630140987
TG204,303,174,313,175,TG,4.751378894953724,10.04987562112089
TG527,387,279,390,256,TG,4.770177175196871,23.194827009486403
TG163,178,406,194,408,TG,4.003723546142719,16.1245154965971
GSD141,525,179,527,177,GSD,5.690756193731389,2.8284271247461903
GSD129,270,408,273,408,GSD,4.816440272280019,3.0
TG949,307,177,286,172,TG,6.067517449582872,21.587033144922902
TG686,441,94,455,98,TG,4.394309548052044,14.560219778561036
GG614,416,101,408,98,GG,5.790154844929349,8.54400374531753
GG377,306,208,299,203,GG,5.779631753713363,8.602325267042627
TG1103,212,346,175,356,TG,7.895851548952058,38.3275357934736
TG930,180,356,164,360,TG,3.504774949904629,16.492422502470642
GG268,265,122,260,124,GG,5.528702014018055,5.385164807134504
TG132,160,405,182,407,TG,4.636833662329668,22.090722034374522
TG1187,385,292,386,275,TG,4.77825310296359,17.029386365926403
GSD34,430,104,427,102,GSD,6.065215825375894,3.605551275463989
TS49,472,219,483,215,TS,5.729315439648573,11.704699910719626
TS277,424,202,429,195,TS,5.249005360484887,8.602325267042627
GG123,392,176,382,175,GG,6.335947214118405,10.04987562112089
TS3,85,401,91,398,TS,5.570340223943049,6.708203932499369
GSD306,157,355,156,359,GSD,4.844270228159772,4.123105625617661
TG636,356,138,379,125,TG,5.405737087381853,26.419689627245813
GG357,338,219,330,215,GG,6.454351743828506,8.94427190999916
GG429,174,317,166,315,GG,5.849326631744974,8.246211251235321
GG694,323,202,312,199,GG,5.641392978598262,11.40175425099138
GG28,234,180,223,185,GG,8.640602165520871,12.083045973594572
GSD314,215,257,214,261,GSD,6.19420244082243,4.123105625617661
TS386,431,100,419,108,TS,6.420131960125451,14.422205101855956
GSD360,238,373,241,369,GSD,5.08731930735653,5.0
GSD24,519,182,520,180,GSD,4.475671660866613,2.23606797749979
GG451,256,222,252,221,GG,6.332159783340494,4.123105625617661
TS113,89,406,86,401,TS,5.37970579086696,5.830951894845301
GG555,197,373,196,384,GG,6.624020247094151,11.045361017187261
GG533,384,169,386,175,GG,6.364121412502609,6.324555320336759
GSD76,166,350,172,348,GSD,6.622827013031355,6.324555320336759
TG217,299,174,278,165,TG,5.8075012888813315,22.847319317591726
TG46,301,103,314,91,TG,4.589638049783746,17.69180601295413
GSD58,323,123,324,126,GSD,7.665241743357733,3.1622776601683795
TG751,361,121,381,125,TG,5.693567189117347,20.396078054371138
TS611,210,417,216,427,TS,6.754139443545377,11.661903789690601
TS780,272,172,269,169,TS,4.5679809776919065,4.242640687119285
TG402,280,117,300,103,TG,5.3659720213790845,24.413111231467404
GG58,239,331,250,327,GG,8.134655461225055,11.704699910719626
GG712,411,306,419,308,GG,4.022895730264214,8.246211251235321
TG343,279,400,276,372,TG,6.596873022671513,28.160255680657446
GG71,204,479,198,473,GG,6.405639054859188,8.48528137423857
TG129,367,314,382,296,TG,5.412109672398325,23.430749027719962
TG914,326,88,309,95,TG,5.152732713572082,18.384776310850235
TS598,241,161,239,165,TS,4.64497426216248,4.47213595499958
TS742,170,410,181,412,TS,4.737455945326497,11.180339887498949
TS421,444,95,431,90,TS,6.380360663352102,13.92838827718412
GSD241,272,167,273,161,GSD,6.908013893079353,6.082762530298219
GSD10,20,450,21,447,GSD,4.667957873761613,3.1622776601683795
GG371,349,91,346,84,GG,4.612859409598986,7.615773105863909
GG661,421,74,431,76,GG,7.107060779455892,10.198039027185569
TG189,237,167,257,163,TG,5.846454055833791,20.396078054371138
GSD47,267,379,264,381,GSD,4.4922255128952235,3.605551275463989
GSD299,380,281,379,283,GSD,5.726820516965155,2.23606797749979
GSD133,292,282,288,286,GSD,6.466306006066546,5.656854249492381
GG405,428,106,422,105,GG,5.687480878986413,6.082762530298219
GG535,336,86,348,86,GG,6.796947813354944,12.0
GSD251,273,114,271,119,GSD,5.74408136334408,5.385164807134504
TS405,206,178,199,184,TS,5.935277031033902,9.219544457292887
TG633,303,261,300,278,TG,4.091206750197249,17.26267650163207
TS113,86,401,77,400,TS,5.1140476492310505,9.055385138137417
GG148,305,172,306,168,GG,4.616886372890381,4.123105625617661
TS608,120,398,111,397,TS,5.327472745154776,9.055385138137417
TG698,315,332,339,322,TG,5.619617843068808,26.0
TS338,279,172,269,171,TS,5.337424175409588,10.04987562112089
TS548,311,175,323,173,TS,6.987173544162606,12.165525060596439
TG1152,187,407,160,406,TG,6.228820616440721,27.018512172212592
GG726,123,448,127,457,GG,6.357548808573128,9.848857801796104
TS720,424,202,413,212,TS,7.696849279344347,14.866068747318506
TS650,336,216,324,209,TS,6.471603686481055,13.892443989449804
GG265,298,202,292,204,GG,3.4106614116213674,6.324555320336759
TS599,259,148,274,146,TS,6.351246760757354,15.132745950421556
GSD319,442,116,442,118,GSD,4.527969155516299,2.0
TG955,445,97,425,90,TG,5.111070577936168,21.18962010041709
TG456,389,256,385,276,TG,4.361079277470591,20.396078054371138
GG717,315,227,310,240,GG,6.301367849069575,13.92838827718412
GG399,306,156,306,147,GG,6.826268550838485,9.0
TG240,273,356,247,342,TG,6.878670385046779,29.5296461204668
GG800,412,105,417,101,GG,5.647342213898386,6.4031242374328485
GG665,342,170,350,163,GG,5.706847729944879,10.63014581273465
GG739,396,126,401,119,GG,5.378955264991152,8.602325267042627
TG146,228,127,241,141,TG,4.389264087747005,19.1049731745428
GG506,238,143,248,137,GG,6.359258373049781,11.661903789690601
GSD183,227,389,227,387,GSD,5.2343574334152425,2.0
TS470,60,338,55,344,TS,4.831262165674652,7.810249675906654
TG1081,409,154,380,137,TG,7.783001653899991,33.61547262794322
TS556,412,101,422,90,TS,6.608707862944638,14.866068747318506
TS660,304,178,313,174,TS,7.275918746161838,9.848857801796104
GG766,257,261,245,259,GG,8.455728017958977,12.165525060596439
GG473,173,453,171,462,GG,5.950149336094682,9.219544457292887
TS361,499,162,508,158,TS,5.722140596646039,9.848857801796104
GSD110,254,340,256,338,GSD,6.1261657658195645,2.8284271247461903
TS167,276,388,280,398,TS,6.586049256843394,10.770329614269007
GG352,267,120,261,124,GG,6.285274064930157,7.211102550927978
TG259,412,156,395,150,TG,4.458463213846983,18.027756377319946
TG391,416,97,396,116,TG,7.322056438518815,27.586228448267445
TS234,180,412,173,411,TS,4.448126535646101,7.0710678118654755
GSD264,25,440,29,442,GSD,6.16864210737617,4.47213595499958
TS724,259,144,254,149,TS,6.045585353552188,7.0710678118654755
GG299,134,324,132,332,GG,6.358044184276899,8.246211251235321
GSD335,270,117,269,121,GSD,5.788835423067429,4.123105625617661
TG1168,435,177,424,196,TG,5.881950752603287,21.95449840010015
GG757,233,131,235,135,GG,4.8405968483400965,4.47213595499958
TG420,306,133,330,124,TG,6.070576727969339,25.632011235952593
GSD30,344,248,346,244,GSD,6.639988763131857,4.47213595499958
GSD358,446,136,441,140,GSD,7.073430923124931,6.4031242374328485
GSD123,343,250,345,247,GSD,7.08852043609204,3.605551275463989
TS792,227,165,234,167,TS,6.156796171224043,7.280109889280518
GSD158,190,401,189,395,GSD,5.323487382198795,6.082762530298219
TS187,433,91,445,95,TS,6.564621496251869,12.649110640673518
TS638,333,172,332,181,TS,7.35339751106453,9.055385138137417
TS169,62,384,69,390,TS,5.785220279718391,9.219544457292887
TS146,315,332,321,332,TS,6.201923951268524,6.0
TG794,259,144,271,147,TG,4.160522934327108,12.36931687685298
GG793,381,136,372,126,GG,8.072847574903154,13.45362404707371
GSD17,226,122,227,126,GSD,6.815397061942871,4.123105625617661
GG456,446,83,439,79,GG,7.481548404468164,8.06225774829855
TG978,250,343,266,344,TG,6.0157859364954325,16.0312195418814
GG117,420,136,418,129,GG,6.311646715441204,7.280109889280518
TS795,525,164,522,180,TS,5.568141082210466,16.278820596099706
GG235,260,349,255,354,GG,4.6836171182056745,7.0710678118654755
TS251,274,164,269,165,TS,5.293416371268226,5.0990195135927845
GG290,269,428,263,425,GG,7.854713779299104,6.708203932499369
TG776,394,248,407,223,TG,7.369225179419967,28.178005607210743
GSD311,143,400,146,403,GSD,4.301116086552014,4.242640687119285
TS647,51,448,55,439,TS,6.163296116249256,9.848857801796104
TS471,178,412,165,407,TS,4.827975463028858,13.92838827718412
GSD178,268,119,274,115,GSD,7.366604751552366,7.211102550927978
TS86,275,372,274,356,TS,6.714603160339786,16.0312195418814
GSD144,448,231,451,229,GSD,5.2984808383165145,3.605551275463989
GG551,451,73,451,83,GG,7.212245361175406,10.0
TG451,342,121,314,127,TG,6.805702473473239,28.635642126552707
GSD304,357,281,353,281,GSD,6.212839723503743,4.0
TS678,125,398,136,400,TS,7.057412348491289,11.180339887498949
GSD339,450,216,449,212,GSD,6.4334347970123495,4.123105625617661
TS355,419,94,429,91,TS,6.213830744952553,10.44030650891055
GSD233,325,307,326,310,GSD,6.430777689156254,3.1622776601683795
TS746,334,172,333,180,TS,4.346486233384237,8.06225774829855
GSD194,195,197,198,193,GSD,7.20723829292494,5.0
TS159,349,347,352,339,TS,4.228762953159372,8.54400374531753
GG642,498,176,493,181,GG,4.687045269055567,7.0710678118654755
TG503,139,400,161,405,TG,5.499420082876093,22.561028345356956
TS637,87,404,91,410,TS,4.9650861970048386,7.211102550927978
TG1019,270,147,296,139,TG,5.501069850651859,27.202941017470888
TG428,339,324,365,319,TG,6.142523475340752,26.476404589747453
TG246,454,97,481,92,TG,7.639345254036754,27.459060435491963
GG250,423,149,428,160,GG,6.518226826150825,12.083045973594572
TS448,230,166,236,173,TS,7.860601814016659,9.219544457292887
GG378,242,183,241,194,GG,6.601849203802542,11.045361017187261
TS618,452,128,442,132,TS,5.8854844295508935,10.770329614269007
TS591,73,396,82,402,TS,6.0442201642672515,10.816653826391969
TG561,432,91,435,99,TG,6.009829390046896,8.54400374531753
GG605,268,121,272,114,GG,8.74321442556588,8.06225774829855
GG589,369,304,362,301,GG,6.911195014131101,7.615773105863909
GSD287,373,306,371,309,GSD,5.8574369126092165,3.605551275463989
TS55,234,433,227,432,TS,6.3789233142493185,7.0710678118654755
GSD113,492,211,487,216,GSD,7.445861871593046,7.0710678118654755
GG582,224,428,219,423,GG,5.9664221685576955,7.0710678118654755
TG244,323,166,326,173,TG,5.943418391284032,7.615773105863909
TG59,431,91,442,95,TG,5.200789682741988,11.704699910719626
GSD345,233,411,231,408,GSD,7.423132385042663,3.605551275463989
TS552,334,180,332,172,TS,5.416597163622082,8.246211251235321
TS516,392,168,394,153,TS,5.852160205911357,15.132745950421556
TS736,70,350,68,341,TS,5.501522867691428,9.219544457292887
TS421,431,90,422,92,TS,5.695354750878549,9.219544457292887
TS368,252,468,254,476,TS,5.469284914021291,8.246211251235321
TS417,378,133,389,133,TS,6.334079503194731,11.0
TS605,73,352,68,344,TS,5.417042176643463,9.433981132056603
GSD2,336,317,335,326,GSD,8.203901281029715,9.055385138137417
GSD373,368,234,366,238,GSD,5.665308950224018,4.47213595499958
GSD344,265,77,265,80,GSD,4.9823075083481525,3.0
TS36,98,393,108,396,TS,5.597619507110876,10.44030650891055
GG796,421,105,413,108,GG,5.451468389912964,8.54400374531753
TG1018,419,94,438,92,TG,5.963318942270337,19.1049731745428
TS356,63,426,67,415,TS,6.418458822525038,11.704699910719626
GG620,258,147,255,139,GG,5.5162020611891585,8.54400374531753
GSD67,272,342,270,340,GSD,6.415214968948391,2.8284271247461903
TG380,208,415,225,431,TG,4.876796675811456,23.345235059857504
TG404,226,346,256,341,TG,6.674493206373421,30.4138126514911
GG701,459,155,458,163,GG,5.038698170393715,8.06225774829855
GG373,102,445,97,444,GG,5.644431398528603,5.0990195135927845
TG220,257,435,240,436,TG,5.1304448455716924,17.029386365926403
GSD66,373,307,375,302,GSD,8.3076140344156,5.385164807134504
GG170,97,384,90,382,GG,5.922464822116247,7.280109889280518
GG331,333,168,328,160,GG,5.6268367367896275,9.433981132056603
GSD95,405,285,407,281,GSD,6.357826692805595,4.47213595499958
TS539,119,232,131,226,TS,5.976098090250013,13.416407864998739
GSD375,404,224,404,227,GSD,5.745651268911477,3.0
GSD331,26,422,26,430,GSD,6.547994724616339,8.0
TG168,208,347,191,353,TG,4.389917883809632,18.027756377319946
TG763,176,406,210,416,TG,6.772751179917297,35.4400902933387
GG278,300,279,293,291,GG,7.103110684993159,13.892443989449804
GSD367,526,162,527,162,GSD,5.763211838263251,1.0
TG41,469,94,438,92,TG,7.184545885316513,31.064449134018133
GSD305,305,347,308,354,GSD,6.988381881397126,7.615773105863909
TG858,385,292,386,273,TG,4.881516794354104,19.026297590440446
GG78,238,143,237,140,GG,6.299743516023587,3.1622776601683795
GSD263,338,317,345,318,GSD,6.583205646261112,7.0710678118654755
GG645,242,141,251,137,GG,6.748431047542047,9.848857801796104
TG997,238,344,265,340,TG,7.073755213753783,27.294688127912362
TG1157,234,144,218,156,TG,4.051438888027233,20.0
TG1143,437,92,422,91,TG,4.374703728158154,15.033296378372908
TG598,264,341,276,366,TG,5.810113527813475,27.730849247724095
TS115,48,445,33,441,TS,7.87713767197973,15.524174696260024
GG128,287,109,278,115,GG,6.690914471873201,10.816653826391969
GG1,253,164,249,172,GG,6.63083768891369,8.94427190999916
TG208,91,327,89,352,TG,6.523437777096509,25.079872407968907
GG122,430,162,432,172,GG,4.7957786175691375,10.198039027185569
GG635,270,119,263,124,GG,5.257197106427524,8.602325267042627
TS473,263,148,275,146,TS,5.779932034829501,12.165525060596439
GSD255,525,153,523,154,GSD,4.137984612612833,2.23606797749979
GG155,473,162,483,162,GG,6.238282874610954,10.0
TS660,313,174,322,175,TS,6.223643100002682,9.055385138137417
GSD59,483,183,486,177,GSD,6.596105702375439,6.708203932499369
TS548,304,178,311,175,TS,5.744127313397445,7.615773105863909
TS627,80,375,77,363,TS,5.875934062258494,12.36931687685298
GG444,300,183,301,174,GG,6.0162161708012825,9.055385138137417
GG471,251,186,250,198,GG,6.0758441994087065,12.041594578792296
TS733,178,216,188,207,TS,6.483359735781812,13.45362404707371
TS743,454,166,447,174,TS,6.718199341569276,10.63014581273465
TG929,93,383,88,358,TG,6.803888523780062,25.495097567963924
GG300,231,149,218,155,GG,7.073800876686257,14.317821063276353
GG773,433,97,427,92,GG,6.867895954338135,7.810249675906654
TG655,424,153,432,138,TG,3.671790173299671,17.0
GSD64,353,135,353,133,GSD,5.016883401092144,2.0
TG1148,315,90,338,85,TG,5.64594714866646,23.53720459187964
GSD345,218,434,224,433,GSD,6.131434626579164,6.082762530298219
TG701,321,125,299,138,TG,7.0959970019226875,25.553864678361276
TG267,276,168,296,172,TG,6.096358784057367,20.396078054371138
TS281,182,326,190,343,TS,6.322619564750937,18.788294228055936
TS161,428,220,444,222,TS,6.425594023676135,16.1245154965971
TS493,400,241,400,230,TS,7.509370037025562,11.0
GG212,324,191,323,200,GG,5.4701210643007645,9.055385138137417
GSD126,259,333,262,335,GSD,6.019097663622706,3.605551275463989
GG298,450,84,452,95,GG,5.907147695496757,11.180339887498949
TS109,127,397,119,393,TS,6.359207970668308,8.94427190999916
GSD65,58,429,60,426,GSD,5.19664577521309,3.605551275463989
TG421,277,409,276,376,TG,7.411421618237196,33.015148038438355
GSD313,457,202,465,201,GSD,7.070738329123252,8.06225774829855
TS704,276,374,274,364,TS,5.356665530282951,10.198039027185569
GG538,272,85,275,78,GG,4.734698491133495,7.615773105863909
GG147,275,373,275,383,GG,5.802921110754262,10.0
GG198,256,432,266,434,GG,6.579476478742583,10.198039027185569
TS685,452,98,443,95,TS,6.547102253244078,9.486832980505138
TS620,66,385,68,393,TS,6.537135673713376,8.246211251235321
GG483,458,94,468,93,GG,6.240784681353819,10.04987562112089
GG154,454,110,467,111,GG,6.547770516992394,13.038404810405298
GSD280,330,354,328,354,GSD,5.300363580193391,2.0
TG46,267,133,280,116,TG,5.646352719731406,21.400934559032695
GG454,435,138,427,140,GG,6.107252932310621,8.246211251235321
TS469,92,411,90,407,TS,6.071314686392662,4.47213595499958
GG177,448,179,453,181,GG,6.711899877169561,5.385164807134504
GSD81,316,172,313,171,GSD,6.27991468885768,3.1622776601683795
TG53,255,163,237,167,TG,5.056987466752905,18.439088914585774
TG271,283,168,299,174,TG,3.7273991943518983,17.08800749063506
GG532,216,262,224,257,GG,5.021529257972915,9.433981132056603
GG209,284,186,273,186,GG,5.93889078040894,11.0
GG506,236,145,238,143,GG,4.365496352031825,2.8284271247461903
TG449,467,127,449,127,TG,4.34381254110574,18.0
TS199,51,367,48,357,TS,5.825259789268593,10.44030650891055
TS24,397,151,409,154,TS,6.400461442594932,12.36931687685298
TS725,110,375,97,384,TS,7.054205382615944,15.811388300841896
TG288,275,418,278,393,TG,6.654523551877492,25.179356624028344
GG262,242,185,241,180,GG,4.907381438869903,5.0990195135927845
TS508,194,194,201,182,TS,6.835302937637924,13.892443989449804
TS387,314,332,324,327,TS,5.006163637226592,11.180339887498949
TS372,238,163,234,169,TS,6.460613620529614,7.211102550927978
TS554,430,221,441,223,TS,6.46199222839416,11.180339887498949
GG651,414,179,403,178,GG,4.980204785400382,11.045361017187261
GG624,300,124,311,124,GG,5.665886075627674,11.0
GG683,311,239,309,244,GG,3.3368375939806274,5.385164807134504
GSD289,337,321,332,323,GSD,4.664762826485813,5.385164807134504
TS423,232,374,227,386,TS,6.545540101901376,13.0
GG544,320,100,330,112,GG,8.181999036168317,15.620499351813308
TG1152,160,406,135,399,TG,6.077424611574887,25.96150997149434
TS361,508,158,524,156,TS,5.905263144084319,16.1245154965971
GG417,396,136,392,146,GG,5.370865520923468,10.770329614269007
GG480,232,130,235,136,GG,6.891716404250857,6.708203932499369
GSD340,437,233,432,228,GSD,5.704116429276322,7.0710678118654755
TS230,43,442,29,441,TS,6.682355959167149,14.035668847618199
TG837,327,184,315,198,TG,4.403958821347744,18.439088914585774
TS182,240,168,239,162,TS,5.186283583238078,6.082762530298219
TS66,154,237,163,234,TS,5.183744193750307,9.486832980505138
TS146,326,328,334,323,TS,5.143429810805809,9.433981132056603
TG975,276,414,277,394,TG,4.668026349266196,20.024984394500787
GSD59,487,177,491,179,GSD,5.776975687082086,4.47213595499958
GG177,438,177,448,179,GG,6.021108688838666,10.198039027185569
TS340,251,162,245,162,TS,5.144895798743894,6.0
GSD226,314,428,312,430,GSD,5.604311275210124,2.8284271247461903
TG926,389,121,373,130,TG,6.225587439452124,18.35755975068582
TS343,83,396,86,390,TS,5.0150411170913545,6.708203932499369
TG474,306,97,336,87,TG,7.925016959515078,31.622776601683793
TS195,177,212,188,205,TS,5.532190586988257,13.038404810405298
GSD62,435,91,432,88,GSD,5.044492303827269,4.242640687119285
GG682,428,180,418,180,GG,4.810084712859619,10.0
TS167,277,414,274,423,TS,3.977580557475383,9.486832980505138
TS287,385,269,386,277,TS,4.623315950984174,8.06225774829855
GSD59,483,185,483,183,GSD,5.983448190724786,2.0
TS87,344,145,356,139,TS,5.210478786298644,13.416407864998739
TG307,276,383,277,410,TG,5.4754995103267365,27.018512172212592
GSD335,269,121,263,123,GSD,6.401269226785844,6.324555320336759
GG310,262,184,267,187,GG,6.7484362685909325,5.830951894845301
TS107,367,314,358,322,TS,5.95236180268481,12.041594578792296
GG334,98,386,108,388,GG,6.492677312053648,10.198039027185569
GSD15,348,320,343,318,GSD,4.806250680996932,5.385164807134504
GG138,477,115,480,107,GG,5.298246503997251,8.54400374531753
TG1046,214,158,219,154,TG,3.7748592850667233,6.4031242374328485
TG1062,419,94,400,110,TG,6.606150985134764,24.839484696748443
TS535,94,421,95,429,TS,7.274356456793122,8.06225774829855
TS151,402,108,394,117,TS,6.218167708332647,12.041594578792296
GG674,449,94,452,98,GG,5.931960515332212,5.0
TS621,284,325,295,327,TS,6.290634965433362,11.180339887498949
TS532,207,176,212,172,TS,4.133911656597508,6.4031242374328485
GSD213,282,142,280,139,GSD,5.282912920969416,3.605551275463989
GG661,411,84,421,74,GG,7.597725895646402,14.142135623730951
TS701,158,236,150,240,TS,5.234131553503341,8.94427190999916
GG760,302,100,295,102,GG,5.215554290113282,7.280109889280518
TS783,401,213,407,225,TS,6.07246654253283,13.416407864998739
GG74,348,198,354,194,GG,6.410429462286881,7.211102550927978
TS422,240,166,241,161,TS,6.6723363358823224,5.0990195135927845
GSD381,432,117,436,123,GSD,8.76210589828249,7.211102550927978
GG167,455,109,452,99,GG,5.826955497222304,10.44030650891055
GG316,359,75,355,81,GG,5.409103746344315,7.211102550927978
TG1188,436,91,417,95,TG,4.429733193716035,19.4164878389476
GG670,309,95,317,89,GG,6.328745393797055,10.0
GG595,359,262,358,273,GG,5.964694209670384,11.045361017187261
GSD84,307,396,311,393,GSD,7.273356513386062,5.0
GSD384,492,192,492,188,GSD,6.672610397180318,4.0
GG119,238,143,244,138,GG,5.112988389892491,7.810249675906654
TG876,132,399,120,394,TG,3.841592570342767,13.0
GSD22,139,423,136,421,GSD,7.326013612256489,3.605551275463989
GSD138,222,179,226,178,GSD,6.6168848931416795,4.123105625617661
GG737,402,216,414,219,GG,6.2291507691830965,12.36931687685298
GG614,420,103,416,101,GG,5.275018571771289,4.47213595499958
GG321,262,191,257,190,GG,5.636942368199165,5.0990195135927845
TS556,434,91,446,98,TS,6.018385548122456,13.892443989449804
TG487,334,181,317,194,TG,4.767391001101533,21.400934559032695
TS453,176,406,187,407,TS,5.204101037617686,11.045361017187261
GSD96,329,249,332,250,GSD,5.724020235815348,3.1622776601683795
GG743,275,119,286,122,GG,5.041731423745937,11.40175425099138
TG535,387,260,400,242,TG,6.456656775806283,22.20360331117452
GG115,296,191,302,181,GG,7.965169172983565,11.661903789690601
GG329,256,223,249,231,GG,7.351653710605868,10.63014581273465
GSD392,315,94,317,96,GSD,5.588738602744414,2.8284271247461903
TS701,175,219,168,229,TS,5.413939386141522,12.206555615733702
TG188,154,404,124,396,TG,6.142148974489461,31.04834939252005
GG517,400,142,394,140,GG,5.306042010022786,6.324555320336759
TG959,330,124,315,127,TG,4.15594575332625,15.297058540778355
GG683,306,257,305,264,GG,5.47616262138806,7.0710678118654755
TS167,280,398,277,414,TS,7.0867566477406605,16.278820596099706
GG554,449,94,453,88,GG,5.145035263294742,7.211102550927978
GG697,307,194,312,199,GG,6.052969999507099,7.0710678118654755
TG477,329,326,351,322,TG,5.500226218812301,22.360679774997898
GSD330,325,350,320,350,GSD,6.779256936152734,5.0
TS4,313,237,308,246,TS,4.683951871378227,10.295630140987
GSD344,271,84,273,86,GSD,5.508948598253792,2.8284271247461903
GG302,252,133,254,139,GG,5.754472907358828,6.324555320336759
GSD370,155,280,154,275,GSD,6.106899733593263,5.0990195135927845
GG70,225,427,219,422,GG,6.514249755207073,7.810249675906654
GG651,403,178,394,175,GG,5.768386854474667,9.486832980505138
TS533,36,442,49,444,TS,5.1725838717655535,13.152946437965905
GG471,257,189,251,186,GG,5.247465677915368,6.708203932499369
TS703,254,149,262,157,TS,6.53725479152682,11.313708498984761
TG1168,424,196,410,216,TG,6.766423494290707,24.413111231467404
TS394,104,391,95,388,TS,6.446682707990064,9.486832980505138
GG733,356,121,344,120,GG,5.717768471341644,12.041594578792296
TS251,269,165,271,173,TS,5.828528933485799,8.246211251235321
GG721,195,378,195,391,GG,7.39545409825835,13.0
TS265,289,143,299,137,TS,6.2477803389027144,11.661903789690601
GG66,280,185,270,187,GG,6.094926472374819,10.198039027185569
TG536,372,308,385,291,TG,6.61763490386266,21.400934559032695
GG632,254,475,259,489,GG,7.305968063053626,14.866068747318506
GG32,436,106,441,112,GG,4.286942794201671,7.810249675906654
GSD133,311,298,320,300,GSD,7.1830872528536105,9.219544457292887
GSD125,226,369,226,373,GSD,4.852476321033855,4.0
GSD292,246,153,245,151,GSD,5.544440413482835,2.23606797749979
GG503,237,219,246,219,GG,5.524346328565594,9.0
GG7,268,119,273,122,GG,7.091198819357348,5.830951894845301
TG59,442,95,423,105,TG,5.045733912812434,21.470910553583888
GSD83,318,87,316,85,GSD,4.195043012223664,2.8284271247461903
TG181,314,171,307,172,TG,4.708130904233856,7.0710678118654755
GSD293,321,128,318,128,GSD,6.747794071345606,3.0
GSD25,456,183,458,175,GSD,7.442210021109002,8.246211251235321
TG745,233,433,211,417,TG,6.4753891824465,27.202941017470888
GSD301,247,342,248,342,GSD,4.403760950492121,1.0
GSD278,257,445,257,447,GSD,5.868159327275981,2.0
TG19,211,346,188,356,TG,6.675722332633227,25.079872407968907
GSD312,323,151,318,153,GSD,6.000014501082198,5.385164807134504
GSD280,353,353,343,356,GSD,7.555313907464182,10.44030650891055
GG79,354,222,360,217,GG,6.289755922859303,7.810249675906654
TS112,272,328,263,330,TS,6.39147749859896,9.219544457292887
TG433,245,161,227,164,TG,5.682695797599041,18.24828759089466
TS46,311,171,303,174,TS,5.474697028754727,8.54400374531753
GSD330,333,351,329,353,GSD,6.759799577434563,4.47213595499958
GG358,244,331,232,331,GG,6.79073292024743,12.0
GG169,214,204,219,214,GG,6.2655211661221415,11.180339887498949
TS97,251,161,259,168,TS,6.395390876713728,10.63014581273465
GSD89,431,51,439,45,GSD,7.342043754885049,10.0
TG405,477,95,458,96,TG,6.076933503883231,19.026297590440446
GG240,249,433,243,431,GG,4.929169282122036,6.324555320336759
GG664,388,294,385,299,GG,5.324204462953911,5.830951894845301
TS488,190,203,181,211,TS,5.232232179576017,12.041594578792296
TS8,314,201,318,192,TS,4.886070685210072,9.848857801796104
GSD1,244,179,243,184,GSD,5.389702567409775,5.0990195135927845
TS453,172,410,163,405,TS,6.50968951730702,10.295630140987
GSD202,190,415,186,416,GSD,5.5927807066479565,4.123105625617661
GSD330,332,350,335,346,GSD,6.719029615041819,5.0
GSD301,236,340,242,341,GSD,4.74675021638382,6.082762530298219
GG57,244,258,236,260,GG,6.166955445613041,8.246211251235321
TS520,105,248,114,244,TS,5.08828826714808,9.848857801796104
TS183,360,105,353,93,TS,5.9573336951977085,13.892443989449804
TG84,153,362,136,369,TG,5.461266609665088,18.384776310850235
GG537,297,103,290,108,GG,6.5840158922248175,8.602325267042627
GG709,263,190,262,186,GG,5.907045418197201,4.123105625617661
TS479,130,244,143,241,TS,7.566264170042498,13.341664064126334
GSD143,399,168,394,165,GSD,7.440498173549431,5.830951894845301
TG988,159,405,137,400,TG,5.750088484887332,22.561028345356956
GSD348,525,155,522,151,GSD,5.366653623670528,5.0
TS463,105,279,99,287,TS,5.98830804756312,10.0
TG292,260,444,231,431,TG,6.878426966962925,31.78049716414141
GSD345,206,438,212,436,GSD,7.527489928826576,6.324555320336759
GG765,440,110,437,102,GG,4.999199106558336,8.54400374531753
GSD146,335,251,338,254,GSD,5.284685654484008,4.242640687119285
GG620,255,139,249,141,GG,7.08589645213571,6.324555320336759
GG462,255,322,259,319,GG,5.115739685323996,5.0
TG302,321,173,334,181,TG,4.696788959475903,15.264337522473747
TS367,283,113,274,126,TS,5.925843420792592,15.811388300841896
TS705,192,407,193,413,TS,7.5447476836974765,6.082762530298219
GSD71,254,133,256,130,GSD,5.935775926920876,3.605551275463989
TG947,248,160,225,163,TG,5.272645194576676,23.194827009486403
TG1082,152,403,180,407,TG,5.696140908895325,28.284271247461902
TS95,236,168,240,166,TS,6.212148243173214,4.47213595499958
GG216,250,259,236,257,GG,7.6214744835382495,14.142135623730951
TS442,165,407,179,407,TS,6.250993460631459,14.0
TG746,186,356,160,360,TG,5.328499696147777,26.30589287593181
GSD124,215,402,217,400,GSD,5.800110887818207,2.8284271247461903
TS490,416,219,428,222,TS,6.00769266970274,12.36931687685298
GG214,430,174,431,168,GG,5.560408045852629,6.082762530298219
TG688,260,444,241,436,TG,6.290493780737504,20.615528128088304
GSD151,353,320,355,322,GSD,6.684533912983255,2.8284271247461903
TS494,233,167,238,167,TS,6.446480652875657,5.0
GG112,182,351,187,355,GG,5.097127502553011,6.4031242374328485
TG781,157,404,123,396,TG,7.590732930550191,34.92849839314596
GSD249,457,227,462,226,GSD,5.946757111208981,5.0990195135927845
TS425,236,139,232,132,TS,7.196230134920473,8.06225774829855
GG599,373,107,366,107,GG,5.295401457163392,7.0
TS255,146,401,164,406,TS,7.334342517702661,18.681541692269406
GG125,255,480,253,472,GG,6.029514807055474,8.246211251235321
TG457,372,129,353,139,TG,5.712049964750843,21.470910553583888
GSD60,413,206,412,205,GSD,5.937656057333241,1.4142135623730951
GSD126,257,341,255,338,GSD,6.845060721254948,3.605551275463989
GG619,320,340,321,331,GG,5.5538068440464645,9.055385138137417
GG632,251,462,254,475,GG,6.626966371420988,13.341664064126334
GG542,322,314,325,301,GG,6.382519508743136,13.341664064126334
GSD319,437,122,432,122,GSD,6.6611163649535,5.0
GG684,172,318,162,315,GG,5.950344464782461,10.44030650891055
TG356,317,216,314,233,TG,4.240445941961337,17.26267650163207
GG65,196,368,192,357,GG,6.727851100013297,11.704699910719626
GG119,249,142,249,143,GG,5.901330711590852,1.0
TG120,170,406,201,411,TG,7.9259189970201085,31.400636936215164
GG163,262,177,263,186,GG,6.800662725213739,9.055385138137417
TG232,152,403,176,405,TG,6.024997450969805,24.08318915758459
GG782,382,40,376,44,GG,4.911460939511912,7.211102550927978
GG526,364,228,364,239,GG,5.158166038797655,11.0
TG1179,259,165,277,171,TG,4.450009554987584,18.973665961010276
TS159,355,330,353,325,TS,5.826679324238789,5.385164807134504
TG283,192,352,158,362,TG,7.576304155562379,35.4400902933387
GG3,196,379,196,389,GG,5.9842279344444815,10.0
TG645,440,132,463,126,TG,5.916218602617292,23.769728648009426
GSD12,294,360,299,365,GSD,5.574890229684005,7.0710678118654755
GSD90,337,170,337,166,GSD,7.322724072862625,4.0
GSD196,301,437,304,435,GSD,6.766375611510526,3.605551275463989
TG1130,333,172,325,186,TG,4.931922380856408,16.1245154965971
TG1072,439,95,417,110,TG,7.197564159732089,26.627053911388696
GSD61,363,264,362,265,GSD,3.4193333000995167,1.4142135623730951
GG100,235,181,222,184,GG,6.711089074038155,13.341664064126334
GG479,312,198,317,197,GG,5.445334860028254,5.0990195135927845
TS369,55,371,61,383,TS,6.98139778088735,13.416407864998739
TG416,240,344,220,347,TG,4.444645516940159,20.223748416156685
GSD313,449,211,448,207,GSD,6.058312798022193,4.123105625617661
TS598,227,165,217,155,TS,5.8672366272022245,14.142135623730951
GG496,263,190,264,188,GG,4.275816473008388,2.23606797749979
TG290,302,174,324,173,TG,6.2849451189837175,22.02271554554524
GG789,97,415,94,408,GG,6.115975683482578,7.615773105863909
GG220,196,385,196,370,GG,8.077915497565149,15.0
TG1135,187,408,213,420,TG,7.146621098410046,28.635642126552707
GSD366,429,103,427,110,GSD,7.2132740829623465,7.280109889280518
TG684,448,130,463,126,TG,3.95578219713454,15.524174696260024
GG647,355,199,353,190,GG,7.93976826536055,9.219544457292887
GSD300,293,294,298,294,GSD,4.63541252714932,5.0
TG777,162,404,197,410,TG,7.825160769277488,35.510561809129406
GG229,352,361,358,350,GG,6.64422903473349,12.529964086141668
TG528,385,124,402,111,TG,5.735819062966355,21.400934559032695
TS139,272,326,289,326,TS,7.131878384712701,17.0
TG456,404,236,389,256,TG,6.053040722226249,25.0
TG28,272,328,266,339,TG,2.910552812649523,12.529964086141668
TS240,312,331,297,324,TS,5.800298795659913,16.55294535724685
TS798,462,162,454,170,TS,6.294131130888463,11.313708498984761
GG700,336,121,326,120,GG,5.359746850151144,10.04987562112089
GSD105,462,100,463,103,GSD,6.8747762877332015,3.1622776601683795
TS93,383,140,391,147,TS,4.739169454986911,10.63014581273465
GSD26,410,174,410,178,GSD,6.603553324368253,4.0
TS433,91,411,90,403,TS,5.747409316951786,8.06225774829855
TG653,366,315,340,323,TG,5.931266721726415,27.202941017470888
TS320,241,161,231,166,TS,7.706238073866336,11.180339887498949
GSD256,285,151,289,151,GSD,5.11094165162941,4.0
GSD209,258,210,259,205,GSD,7.799047249510659,5.0990195135927845
TS236,312,334,322,330,TS,6.75218549173555,10.770329614269007
GSD394,229,363,228,365,GSD,4.368030725894775,2.23606797749979
GG706,417,101,429,107,GG,7.882086176591763,13.416407864998739
TG1104,403,108,425,89,TG,6.730152166881554,29.068883707497267
GG172,274,120,265,116,GG,6.7981883966503,9.848857801796104
GG585,304,173,301,179,GG,7.145719234551688,6.708203932499369
TS484,405,108,395,117,TS,5.4734505498585,13.45362404707371
GG440,365,223,366,217,GG,5.562909990542549,6.082762530298219
TG272,96,388,115,392,TG,5.27607810731941,19.4164878389476
TS659,394,156,391,170,TS,6.226368819293462,14.317821063276353
TS244,323,175,314,170,TS,4.799455600594726,10.295630140987
TS376,294,174,301,175,TS,6.000973491370171,7.0710678118654755
GSD201,252,189,253,195,GSD,7.84585940022027,6.082762530298219
GSD175,507,157,502,157,GSD,5.999401150710554,5.0
GG193,422,217,432,218,GG,7.18547724677058,10.04987562112089
GSD84,307,397,307,396,GSD,6.338923054561235,1.0
GG645,249,144,239,144,GG,6.4216069625164565,10.0
TG995,144,367,166,358,TG,5.246222736669302,23.769728648009426
GG701,455,130,458,138,GG,5.73433536826499,8.54400374531753
GG479,308,195,312,198,GG,4.5489953542439086,5.0
TG86,255,164,242,166,TG,5.050947442415964,13.152946437965905
GSD400,263,332,264,330,GSD,5.587895574846694,2.23606797749979
GSD135,271,345,272,343,GSD,5.43563953161979,2.23606797749979
TG569,337,155,319,165,TG,5.7109922890483,20.591260281974
TS216,460,126,444,131,TS,7.366956685272019,16.76305461424021
GG287,369,304,380,306,GG,6.602547040283653,11.180339887498949
GSD324,311,202,309,198,GSD,5.358790441949964,4.47213595499958
GG551,472,93,481,87,GG,6.484850546210303,10.816653826391969
GSD86,271,405,271,400,GSD,6.010260149003778,5.0
TG436,93,393,90,371,TG,6.509802882939081,22.20360331117452
TG935,281,144,296,141,TG,4.818637039295762,15.297058540778355
GSD5,325,246,325,241,GSD,6.736011013872233,5.0
TG247,330,124,315,126,TG,4.366788959070415,15.132745950421556
GG773,437,106,433,97,GG,6.890274351698407,9.848857801796104
TS51,385,292,381,287,TS,6.641007471333115,6.4031242374328485
GSD261,384,260,385,257,GSD,5.2131666810193735,3.1622776601683795
TS460,394,250,388,259,TS,6.342564488677379,10.816653826391969
TS287,382,276,385,269,TS,5.205414150723914,7.615773105863909
TG1101,246,439,230,432,TG,4.009593919201168,17.46424919657298
GSD330,334,331,333,335,GSD,6.072868973819759,4.123105625617661
GG518,460,147,459,154,GG,5.444609871959997,7.0710678118654755
TG395,305,260,300,271,TG,3.576746993695748,12.083045973594572
GG272,305,172,306,164,GG,5.762680095226288,8.06225774829855
GG773,443,115,437,106,GG,7.776410515340059,10.816653826391969
GSD124,203,407,207,405,GSD,5.8571671003753085,4.47213595499958
TS143,56,373,62,383,TS,6.942977493655436,11.661903789690601
GSD30,342,257,343,253,GSD,6.40589765484397,4.123105625617661
GSD190,299,366,295,363,GSD,4.769529437969666,5.0
TG397,385,292,386,274,TG,5.073256783460801,18.027756377319946
GG252,325,189,329,186,GG,4.797401107424628,5.0
GG285,402,243,406,236,GG,5.282372129532767,8.06225774829855
GG480,230,105,226,115,GG,7.598927227854247,10.770329614269007
GSD18,314,429,317,433,GSD,7.477708882661652,5.0
TG661,469,94,442,94,TG,7.506532667590546,27.0
GG652,236,241,237,233,GG,4.790851683625697,8.06225774829855
TG374,457,126,481,118,TG,6.631786226471399,25.298221281347036
GG483,452,95,458,94,GG,6.617998916659684,6.082762530298219
TG377,309,241,314,215,TG,5.465834600137106,26.476404589747453
GG365,412,109,416,114,GG,5.2589616518191775,6.4031242374328485
GSD391,430,109,430,105,GSD,3.721557373112816,4.0
TG1118,446,96,419,94,TG,6.844306502641425,27.073972741361768
GG164,415,114,417,123,GG,5.853335489409413,9.219544457292887
GSD308,421,254,420,257,GSD,4.322429139922317,3.1622776601683795
GSD100,186,426,188,429,GSD,6.3373124179441405,3.605551275463989
GSD188,249,188,250,188,GSD,4.459001145913465,1.0
TS432,317,176,315,170,TS,4.806127471798891,6.324555320336759
GSD357,251,462,249,456,GSD,5.341220275032988,6.324555320336759
GG38,238,142,236,137,GG,4.629776126473743,5.385164807134504
TS549,132,244,118,246,TS,5.780677687561999,14.142135623730951
GG153,375,195,379,190,GG,5.5592496630015376,6.4031242374328485
TG953,309,177,292,172,TG,5.494174191731936,17.72004514666935
GG697,312,199,321,202,GG,5.504940962826025,9.486832980505138
TS772,84,396,91,400,TS,5.432444327882828,8.06225774829855
GG544,306,92,312,96,GG,6.137869459140452,7.211102550927978
GSD214,429,91,428,94,GSD,6.232761243855659,3.1622776601683795
TG734,348,322,367,315,TG,4.601777311102166,20.248456731316587
GG37,498,162,506,162,GG,4.283056663700469,8.0
TG427,272,169,300,173,TG,7.092392534624562,28.284271247461902
TG144,87,347,90,369,TG,4.644698311380685,22.20360331117452
GSD246,359,134,354,134,GSD,5.668195174960049,5.0
TG122,435,92,419,93,TG,4.551377347335558,16.0312195418814
GG135,449,61,462,63,GG,6.622500688329275,13.152946437965905
TG99,362,136,369,126,TG,5.515038293992544,12.206555615733702
GSD80,437,250,429,251,GSD,5.792861216815158,8.06225774829855
TG948,160,405,136,399,TG,7.15986593131656,24.73863375370596
TG335,87,346,94,385,TG,8.05435419845503,39.6232255123179
GG214,431,161,425,156,GG,5.363416345267112,7.810249675906654
GSD355,147,402,151,405,GSD,6.461727129588759,5.0
GG705,296,317,288,316,GG,5.468302073245478,8.06225774829855
GSD110,269,326,268,322,GSD,4.88380879961592,4.123105625617661
GG128,259,125,255,130,GG,4.769179315646163,6.4031242374328485
GSD247,352,282,348,286,GSD,7.21774919078058,5.656854249492381
TS628,328,327,321,331,TS,4.173114685922265,8.06225774829855
GG744,507,162,516,161,GG,6.2861473269951205,9.055385138137417
TG592,315,332,299,325,TG,5.055353266804321,17.46424919657298
GSD394,228,365,226,369,GSD,5.445456284130515,4.47213595499958
TS198,371,310,361,320,TS,6.955461921425037,14.142135623730951
GSD235,325,162,324,156,GSD,7.018596493109079,6.082762530298219
GSD169,31,434,34,431,GSD,4.123241096065502,4.242640687119285
GG656,248,185,246,178,GG,6.225789601104289,7.280109889280518
TS22,188,355,173,356,TS,7.724006731406542,15.033296378372908
GSD344,265,80,269,84,GSD,7.096744876419616,5.656854249492381
GSD279,525,179,520,181,GSD,6.264217498968703,5.385164807134504
TS395,312,334,313,331,TS,5.410298150683746,3.1622776601683795
GG786,439,137,446,135,GG,4.426834298125286,7.280109889280518
TS318,385,292,385,285,TS,5.275576092485604,7.0
GG604,410,217,412,221,GG,7.259044688981787,4.47213595499958
TG894,157,404,131,398,TG,7.101965765579537,26.68332812825267
TG1021,302,267,308,244,TG,4.914289013124815,23.769728648009426
GG336,248,192,253,197,GG,5.757031262302149,7.0710678118654755
GG51,97,386,99,381,GG,4.153569409689524,5.385164807134504
TG295,480,105,480,118,TG,4.3538157625061205,13.0
GSD248,436,183,435,179,GSD,5.24520417831019,4.123105625617661
TG28,219,347,199,351,TG,4.321583563945005,20.396078054371138
TS396,268,132,264,137,TS,4.964079049141052,6.4031242374328485
GSD371,332,336,328,340,GSD,6.564625457511255,5.656854249492381
GG511,478,82,472,81,GG,4.358514924669015,6.082762530298219
GSD178,252,126,255,128,GSD,5.5384200581666505,3.605551275463989
GG516,187,406,179,406,GG,6.875400123069632,8.0
GG83,481,162,493,162,GG,5.664357337981809,12.0
TG331,444,95,461,95,TG,4.742972819166687,17.0
TS55,240,437,234,433,TS,5.040261549079217,7.211102550927978
GSD113,485,218,484,217,GSD,5.381006793531114,1.4142135623730951
GSD339,451,221,450,216,GSD,5.440002226894823,5.0990195135927845
TS62,383,141,389,146,TS,4.747982475509826,7.810249675906654
GG237,318,100,324,104,GG,4.421406670297969,7.211102550927978
TS725,125,370,110,375,TS,6.733596947193163,15.811388300841896
TG765,366,315,354,321,TG,3.918945814728812,13.416407864998739
TS203,70,395,82,393,TS,6.393200851755464,12.165525060596439
TS436,422,91,428,91,TS,3.2543782077870094,6.0
TS766,257,459,252,473,TS,5.911110121903391,14.866068747318506
TG852,441,95,461,96,TG,5.211384189646923,20.024984394500787
TS661,68,332,68,344,TS,7.276355973696681,12.0
GG71,211,489,204,479,GG,6.686244302402082,12.206555615733702
TG776,387,286,386,269,TG,4.3926515838201,17.029386365926403
TG773,339,324,316,331,TG,4.987090787090066,24.041630560342615
TG804,267,133,256,149,TG,5.774020161663206,19.4164878389476
TS411,430,153,432,139,TS,6.915014052969457,14.142135623730951
TS381,278,408,275,423,TS,7.221321265404423,15.297058540778355
GSD236,347,281,350,283,GSD,7.054306628018644,3.605551275463989
GG338,416,76,427,75,GG,7.2998929124996685,11.045361017187261
GSD257,468,161,470,158,GSD,5.922374062930658,3.605551275463989
TG958,309,241,316,208,TG,6.594353930827803,33.734255586866
TS481,52,368,59,374,TS,5.251285009206269,9.219544457292887
GG260,322,330,322,320,GG,5.446248777325252,10.0
TS169,51,366,60,377,TS,6.016577413955821,14.212670403551895
TG737,226,164,212,155,TG,3.1992272717831334,16.64331697709324
TS671,355,335,348,323,TS,6.45422929559571,13.892443989449804
GSD291,150,337,146,346,GSD,6.922740872257954,9.848857801796104
GSD151,346,320,349,319,GSD,7.693455664987516,3.1622776601683795
TS786,475,95,483,109,TS,6.456253807065895,16.1245154965971
GG373,122,452,111,446,GG,6.171471731082142,12.529964086141668
TS690,284,144,300,138,TS,6.753962366134239,17.08800749063506
GSD259,522,153,522,150,GSD,6.430453928190843,3.0
TG525,285,171,309,172,TG,5.621187223214974,24.020824298928627
GG189,402,39,410,38,GG,5.682065916164515,8.06225774829855
GG393,398,121,403,115,GG,5.5668059738169635,7.810249675906654
TS30,292,108,307,97,TS,7.212966809120076,18.601075237738275
TG8,302,267,307,247,TG,4.722831453168487,20.615528128088304
GSD151,349,319,353,320,GSD,6.638592584635877,4.123105625617661
TS480,242,179,244,190,TS,4.663669673343664,11.180339887498949
TG121,329,124,306,132,TG,5.117145481006048,24.351591323771842
GG174,388,294,386,299,GG,5.531230813963315,5.385164807134504
GG418,411,148,414,143,GG,5.43085595642462,5.830951894845301
TS384,388,147,379,138,TS,6.264395681283013,12.727922061357855
TS521,78,369,75,355,TS,7.283036673639874,14.317821063276353
TG20,160,405,187,408,TG,5.185407296327178,27.16615541441225
GSD184,355,217,356,214,GSD,4.9201781162802645,3.1622776601683795
GG770,259,459,251,462,GG,5.984490870296865,8.54400374531753
TG85,370,124,334,123,TG,6.964426724692667,36.013886210738214
TS353,451,98,443,96,TS,4.168752014442656,8.246211251235321
TG208,89,352,92,378,TG,6.8015467959236435,26.1725046566048
GSD65,60,426,62,420,GSD,6.349977249451767,6.324555320336759
GSD323,375,144,372,147,GSD,5.369853101705883,4.242640687119285
GG296,296,317,280,314,GG,8.016303942510174,16.278820596099706
GG598,174,454,176,442,GG,7.901622065820099,12.165525060596439
TS401,65,398,72,395,TS,6.784118879689881,7.615773105863909
GG227,264,315,256,319,GG,5.32612627854467,8.94427190999916
TS502,58,435,47,443,TS,6.794114503949748,13.601470508735444
TG846,432,161,424,153,TG,5.529787940623109,11.313708498984761
TG290,272,169,302,174,TG,6.138887109362539,30.4138126514911
GG546,305,164,310,163,GG,5.602761511183063,5.0990195135927845
TG190,318,88,305,99,TG,4.7288049693129,17.029386365926403
TG267,259,165,276,168,TG,4.353763228332831,17.26267650163207
TS432,309,177,317,176,TS,5.6987248972749365,8.06225774829855
GSD374,396,117,397,116,GSD,5.2389897024991825,1.4142135623730951
GSD311,143,392,140,398,GSD,6.476843737516971,6.708203932499369
GG341,349,91,355,97,GG,5.816513985391598,8.48528137423857
TS155,102,389,93,393,TS,7.498048313564663,9.848857801796104
GSD273,305,245,306,246,GSD,5.0218813728957015,1.4142135623730951
TS377,271,172,279,172,TS,7.523585967215006,8.0
TS388,376,302,371,309,TS,5.815392780752258,8.602325267042627
GG545,197,412,193,417,GG,6.390260609155787,6.4031242374328485
GSD347,340,162,342,163,GSD,5.7142700922128,2.23606797749979
TS476,350,84,337,87,TS,5.9649245502436505,13.341664064126334
TG331,461,95,483,93,TG,6.531369124393021,22.090722034374522
GSD264,28,448,29,456,GSD,7.406727625617968,8.06225774829855
GSD399,356,91,359,96,GSD,6.396007352790313,5.830951894845301
TG1112,138,399,108,391,TG,6.789704663588076,31.04834939252005
GG94,481,78,478,70,GG,6.744364824756085,8.54400374531753
TG894,131,398,116,392,TG,4.239695105770631,16.15549442140351
GG543,208,414,197,409,GG,8.140954098448095,12.083045973594572
GSD291,155,311,152,311,GSD,3.50788653570617,3.0
GSD43,274,281,272,277,GSD,6.462443160372773,4.47213595499958
TS414,271,454,263,449,TS,4.958652913154797,9.433981132056603
TG102,436,92,450,98,TG,5.650886620135987,15.231546211727817
TS764,160,405,174,411,TS,5.221533765880005,15.231546211727817
TS782,354,73,354,82,TS,6.200794412667343,9.0
GSD119,319,415,321,412,GSD,6.510778069370195,3.605551275463989
GG744,494,162,507,162,GG,5.46537164644446,13.0
TS544,262,170,267,168,TS,6.763486426128649,5.385164807134504
GSD364,475,157,480,160,GSD,5.23214473809974,5.830951894845301
GG550,522,162,516,172,GG,7.766688755679823,11.661903789690601
TS245,271,170,277,171,TS,7.704586269131401,6.082762530298219
TS621,263,331,251,338,TS,7.435708745955839,13.892443989449804
TG514,333,173,320,189,TG,6.222966385949797,20.615528128088304
GG139,405,114,398,121,GG,6.8897361457153306,9.899494936611665
GG342,365,224,375,222,GG,7.371880829945717,10.198039027185569
GSD59,472,206,476,203,GSD,5.066162047278944,5.0
GSD205,333,225,335,226,GSD,5.024254609924892,2.23606797749979
GSD162,441,254,439,251,GSD,5.682834555118845,3.605551275463989
TS52,243,143,236,142,TS,6.229030377600665,7.0710678118654755
GG360,190,348,197,343,GG,6.112252642604908,8.602325267042627
TS202,256,336,266,328,TS,6.905683613870011,12.806248474865697
TS399,346,84,328,86,TS,6.601855763600117,18.110770276274835
TS354,169,230,176,221,TS,5.719372314107208,11.40175425099138
GG155,466,162,473,162,GG,5.330425798757257,7.0
TS426,87,402,83,396,TS,5.569435841045982,7.211102550927978
GG338,420,103,415,100,GG,5.275460700511248,5.830951894845301
GG726,145,462,150,467,GG,5.0653841164492945,7.0710678118654755
GSD109,439,143,441,141,GSD,5.997726960317638,2.8284271247461903
TS410,476,162,489,162,TS,5.437917704533796,13.0
TG832,249,440,226,432,TG,6.80636128061892,24.351591323771842
TS649,193,411,178,412,TS,5.587430742319479,15.033296378372908
TG884,387,260,386,288,TG,5.976686689129896,28.0178514522438
TG545,218,153,239,139,TG,7.6620908819788855,25.238858928247925
GSD113,483,201,492,199,GSD,7.453390577995391,9.219544457292887
TS137,292,327,272,326,TS,7.68711856134288,20.024984394500787
GG222,351,161,352,151,GG,7.399319268831161,10.04987562112089
GSD293,318,128,311,127,GSD,7.480260275526643,7.0710678118654755
GSD238,319,389,320,392,GSD,6.935408643734323,3.1622776601683795
GG302,263,122,252,133,GG,6.011861214599664,15.556349186104045
GSD399,342,100,343,98,GSD,3.9130493058288636,2.23606797749979
GSD84,273,419,273,414,GSD,5.918474254716665,5.0
TS578,392,119,389,130,TS,6.0206929984118425,11.40175425099138
TS68,316,217,313,235,TS,6.798101442408488,18.24828759089466
GG447,256,163,257,155,GG,5.700568494992905,8.06225774829855
TS562,246,145,256,148,TS,5.66861709303496,10.44030650891055
TS38,198,350,188,356,TS,6.006052051077575,11.661903789690601
GSD69,329,172,327,175,GSD,5.7685727940186595,3.605551275463989
GG132,255,129,251,136,GG,5.888893050032291,8.06225774829855
GSD387,23,441,20,440,GSD,6.508350584265649,3.1622776601683795
GSD231,348,237,349,233,GSD,6.729425940585303,4.123105625617661
TG426,243,142,257,152,TG,5.665906935906564,17.204650534085253
TG128,427,102,435,92,TG,5.839894731330529,12.806248474865697
GG262,241,180,245,184,GG,5.1489072013478605,5.656854249492381
GG521,301,205,306,209,GG,4.844004261849376,6.4031242374328485
TS631,92,401,94,413,TS,6.298866226277624,12.165525060596439
TS751,318,173,307,178,TS,5.642333426900497,12.083045973594572
TG34,417,206,430,187,TG,6.661697195340618,23.021728866442675
TG779,306,173,277,166,TG,7.2346899039845525,29.832867780352597
GSD393,278,155,280,152,GSD,5.453379026922608,3.605551275463989
TG915,375,306,345,321,TG,6.930361840568036,33.54101966249684
TG593,152,403,179,406,TG,5.608552957076706,27.16615541441225
TS327,208,175,217,169,TS,5.041942317806681,10.816653826391969
TS302,330,388,336,380,TS,6.273897047850828,10.0
GG82,290,296,284,306,GG,6.149531314311993,11.661903789690601
GG797,322,393,329,387,GG,6.420515534355719,9.219544457292887
GSD1,244,197,244,201,GSD,6.368055829497546,4.0
GSD365,417,265,417,260,GSD,5.76878080706737,5.0
TS535,89,390,91,398,TS,3.669420971556878,8.246211251235321
GSD25,468,170,467,166,GSD,5.791583428341788,4.123105625617661
TG738,361,121,333,123,TG,6.433598648455376,28.071337695236398
GSD324,306,231,307,227,GSD,5.139752641110018,4.123105625617661
TS308,239,165,241,167,TS,5.61612687062291,2.8284271247461903
GG491,197,383,197,375,GG,4.4061218864081155,8.0
GSD36,394,121,397,120,GSD,8.048491835148578,3.1622776601683795
TG1161,367,314,387,293,TG,6.667374097902465,29.0
TS483,99,296,96,306,TS,6.052630296189742,10.44030650891055
TS721,441,223,432,221,TS,5.628210654377138,9.219544457292887
TG206,246,145,223,151,TG,6.63062981209954,23.769728648009426
GG484,284,305,281,313,GG,6.191231362685794,8.54400374531753
GG705,288,316,277,319,GG,7.406126873013602,11.40175425099138
TS292,188,339,183,329,TS,4.980309090027267,11.180339887498949
GG420,241,139,246,137,GG,4.904843973917045,5.385164807134504
TG1071,315,332,329,327,TG,3.682726179630312,14.866068747318506
GG714,459,127,465,124,GG,5.4238484898209425,6.708203932499369
TS519,85,398,90,402,TS,4.485697507385327,6.4031242374328485
GSD351,381,149,387,151,GSD,7.6545586039435,6.324555320336759
GG464,415,180,420,179,GG,4.859903068869652,5.0990195135927845
TG382,408,104,424,89,TG,5.091362532578173,21.93171219946131
TG590,416,96,428,91,TG,3.8117095429414576,13.0
TS763,103,378,112,374,TS,5.406100835851017,9.848857801796104
TS589,75,358,67,347,TS,5.6666761219159625,13.601470508735444
TG619,129,397,92,396,TG,9.832089536871276,37.013511046643494
GG366,209,171,208,160,GG,6.69684211125398,11.045361017187261
TG585,446,97,470,94,TG,6.77477899603345,24.186773244895647
GG56,364,107,358,101,GG,6.108857883811329,8.48528137423857
GG468,478,72,469,67,GG,5.969249212888864,10.295630140987
TG492,280,318,303,325,TG,5.750981400276332,24.041630560342615
TG353,467,127,443,133,TG,6.113942010369827,24.73863375370596
GG736,413,109,405,113,GG,5.437103194535522,8.94427190999916
GSD61,362,265,361,270,GSD,5.336656025190749,5.0990195135927845
TS525,84,388,73,394,TS,6.703207000658473,12.529964086141668
TS231,67,323,76,312,TS,5.971620442067479,14.212670403551895
TG132,182,407,205,413,TG,6.2903575706872275,23.769728648009426
TG390,180,406,198,411,TG,4.1671156513058065,18.681541692269406
TS60,386,285,381,297,TS,6.713273989137342,13.0
GG231,239,257,237,265,GG,5.157142910863767,8.246211251235321
TG705,302,268,308,247,TG,5.288186101384207,21.840329667841555
GSD114,503,155,507,153,GSD,6.093530829883441,4.47213595499958
TG721,117,370,94,388,TG,8.29594856549902,29.206163733020468
TS737,106,260,110,255,TS,7.517075272366025,6.4031242374328485
GG365,416,114,417,125,GG,6.347876724901241,11.045361017187261
TS622,476,162,486,161,TS,5.3480782925146215,10.04987562112089
TS450,391,146,388,132,TS,6.242283681572236,14.317821063276353
TG622,97,383,114,373,TG,5.791166290053079,19.72308292331602
GG190,226,182,238,182,GG,6.593131624973516,12.0
TG1183,419,94,433,91,TG,5.035246231377366,14.317821063276353
TG385,397,151,414,155,TG,4.010226447579044,17.46424919657298
GG673,341,121,350,121,GG,4.626348310847398,9.0
GG410,171,463,172,453,GG,6.113241306752645,10.04987562112089
TG198,405,107,389,124,TG,4.657961321492576,23.345235059857504
GSD8,326,350,321,351,GSD,5.014988285252052,5.0990195135927845
TS313,187,407,200,411,TS,5.45589783771366,13.601470508735444
TG533,269,424,278,403,TG,5.918145436237109,22.847319317591726
TG121,351,122,329,124,TG,5.852799687241998,22.090722034374522
GSD14,407,263,411,264,GSD,5.196679882012798,4.123105625617661
TS577,376,115,368,112,TS,5.009400707492656,8.54400374531753
TG150,177,356,147,364,TG,7.369673628222628,31.04834939252005
GG11,352,227,349,235,GG,5.353005975325681,8.54400374531753
TG317,373,138,373,128,TG,5.391394684868278,10.0
GG144,366,328,368,335,GG,6.629277144398659,7.280109889280518
GSD193,340,122,337,118,GSD,5.886843375479515,5.0
GG60,321,122,313,125,GG,4.673716120432966,8.54400374531753
TG1143,422,91,402,109,TG,5.59121450965599,26.90724809414742
GG267,257,160,253,150,GG,7.320050942084874,10.770329614269007
GG728,458,158,457,171,GG,7.436173631008749,13.038404810405298
GG352,255,140,255,150,GG,6.156026532162194,10.0
TS71,411,101,401,112,TS,6.038699895394165,14.866068747318506
TS424,353,325,354,337,TS,6.555030121550626,12.041594578792296
TS594,475,97,483,110,TS,6.664134341090609,15.264337522473747
GSD114,510,152,512,151,GSD,5.189698775927049,2.23606797749979
GG441,420,206,433,202,GG,7.301452492600781,13.601470508735444
GG380,308,134,311,123,GG,6.452737700601574,11.40175425099138
TS437,194,194,197,184,TS,4.861539066107866,10.44030650891055
GG270,211,183,217,187,GG,5.907083705134668,7.211102550927978
TG769,303,173,286,169,TG,4.775579777544883,17.46424919657298
TG889,211,346,191,354,TG,5.776593700982242,21.540659228538015
GSD352,244,216,244,211,GSD,5.794708948110671,5.0
TG906,372,129,393,118,TG,5.640254518444569,23.706539182259394
GG621,493,162,508,162,GG,7.547731158009029,15.0
TS94,428,90,442,93,TS,6.242218388706869,14.317821063276353
GSD285,385,148,380,148,GSD,7.094193459467455,5.0
GG576,314,209,321,208,GG,5.052551903746249,7.0710678118654755
TG246,444,95,454,97,TG,3.405059134424694,10.198039027185569
GSD312,318,153,315,154,GSD,5.885807336232666,3.1622776601683795
GG423,436,71,432,77,GG,5.250088611846049,7.211102550927978
GSD141,507,181,511,179,GSD,5.248716212520956,4.47213595499958
TS234,187,413,180,412,TS,4.101430395089021,7.0710678118654755
TS327,201,182,208,175,TS,4.25959810303239,9.899494936611665
TS375,116,245,123,244,TS,4.138888095067491,7.0710678118654755
GSD123,330,249,333,250,GSD,5.800869837853186,3.1622776601683795
GSD4,446,56,441,54,GSD,5.916535720573098,5.385164807134504
TS461,275,422,276,415,TS,4.429080669625602,7.0710678118654755
TS689,318,175,310,178,TS,7.552116656806978,8.54400374531753
TS150,324,329,340,324,TS,6.921595063368705,16.76305461424021
GG316,350,82,347,89,GG,4.995968642514256,7.615773105863909
TG552,406,107,374,128,TG,7.534113753294261,38.27531841800928
GG140,397,216,405,217,GG,5.344274831112447,8.06225774829855
GG625,88,381,95,391,GG,7.792960225592072,12.206555615733702
TG957,239,344,264,342,TG,5.503348314302321,25.079872407968907
GSD179,253,161,256,162,GSD,6.099742032402645,3.1622776601683795
TG562,258,341,270,333,TG,4.47596529725009,14.422205101855956
TG399,330,124,355,121,TG,5.402907773348148,25.179356624028344
GG610,364,228,362,223,GG,7.611112885980841,5.385164807134504
TG522,472,126,445,131,TG,5.9095012782469,27.459060435491963
GG397,431,92,433,99,GG,3.885735628466513,7.280109889280518
TG520,457,97,477,101,TG,5.843243575112926,20.396078054371138
GSD98,357,407,355,410,GSD,7.024467392869848,3.605551275463989
GG61,432,180,436,188,GG,6.031056933758769,8.94427190999916
GSD281,337,354,334,353,GSD,6.437622668251549,3.1622776601683795
TG968,482,115,464,126,TG,4.855255278514757,21.095023109728988
TG158,315,214,308,241,TG,6.32526769201249,27.892651361962706
GSD283,225,225,229,225,GSD,5.882801869313998,4.0
TS586,430,190,426,199,TS,6.128483470031572,9.848857801796104
TG56,271,351,275,383,TG,6.696341576817982,32.2490309931942
TS723,320,169,331,159,TS,6.714094778287283,14.866068747318506
TS550,75,394,85,402,TS,6.801898123832961,12.806248474865697
GSD181,408,301,400,300,GSD,8.589430647368136,8.06225774829855
TG371,403,234,393,254,TG,4.624664159523383,22.360679774997898
TS479,118,244,130,244,TS,5.87234064357179,12.0
TS756,315,225,307,243,TS,7.512035109141801,19.697715603592208
TS463,122,245,113,249,TS,5.976567505547447,9.848857801796104
TG500,479,103,478,119,TG,5.677016301385948,16.0312195418814
GG585,305,161,306,164,GG,4.653519814396204,3.1622776601683795
TG409,226,346,253,341,TG,5.689802227329406,27.459060435491963
GG453,247,137,251,136,GG,4.199464512579073,4.123105625617661
GSD286,222,382,221,382,GSD,5.370193295400134,1.0
TS741,91,391,91,398,TS,5.790196779556851,7.0
GSD170,157,427,156,423,GSD,7.263511968992312,4.123105625617661
GSD384,495,181,498,182,GSD,5.198727174599455,3.1622776601683795
TG611,324,157,348,143,TG,6.262739540016178,27.784887978899608
TS62,387,124,388,131,TS,5.15488767752562,7.0710678118654755
GSD23,365,212,361,212,GSD,5.424469721608412,4.0
GSD6,87,405,89,407,GSD,6.609909592394503,2.8284271247461903
TS429,257,441,262,445,TS,5.215834067141501,6.4031242374328485
TG836,88,350,92,378,TG,5.863279250484295,28.284271247461902
TS208,362,136,369,129,TS,4.091892878197549,9.899494936611665
GSD77,227,441,226,436,GSD,6.571456346790809,5.0990195135927845
GG182,308,133,313,124,GG,7.7356540687945685,10.295630140987
GG676,229,497,223,492,GG,5.070243139287392,7.810249675906654
TS470,45,350,49,359,TS,5.680195301930965,9.848857801796104
GG70,231,430,225,427,GG,5.120646530049969,6.708203932499369
TG87,298,174,274,164,TG,5.893373515909419,26.0
TS539,131,226,139,222,TS,5.314310604155853,8.94427190999916
TG762,242,344,271,332,TG,6.842821843989906,31.38470965295043
GG219,306,82,303,88,GG,5.436628991826517,6.708203932499369
GSD177,228,146,228,150,GSD,7.6938947189993865,4.0
GG467,258,153,254,150,GG,7.154645054499335,5.0
TS286,315,214,321,208,TS,5.485374412415806,8.48528137423857
TG1194,329,326,311,332,TG,4.152085946246293,18.973665961010276
TS693,219,158,221,154,TS,5.223493765037054,4.47213595499958
TS749,145,401,164,407,TS,9.267320120422799,19.924858845171276
TG323,310,242,316,219,TG,6.306320432299928,23.769728648009426
TS231,66,331,67,323,TS,4.633372876119683,8.06225774829855
TG653,340,323,310,331,TG,6.778065302032445,31.04834939252005
GSD251,279,119,276,115,GSD,6.020890434239313,5.0
TG980,418,95,399,113,TG,6.414677959311703,26.1725046566048
TS666,192,353,178,355,TS,5.7546635585022985,14.142135623730951
GG556,180,317,178,307,GG,5.103626540005932,10.198039027185569
TG646,89,353,93,379,TG,6.146169672648328,26.30589287593181
TG1185,157,404,124,397,TG,6.565047738591492,33.734255586866
TG108,316,218,317,195,TG,6.208567478214303,23.021728866442675
GG541,346,121,336,117,GG,6.341080036411354,10.770329614269007
TS588,52,447,48,457,TS,5.193288168674078,10.770329614269007
TS560,252,162,260,166,TS,8.418947327635443,8.94427190999916
GG779,478,91,470,93,GG,5.357318024181767,8.246211251235321
GSD331,28,436,28,438,GSD,5.5580772787773824,2.0
GG229,337,379,343,372,GG,5.676700267368585,9.219544457292887
GSD65,58,432,58,429,GSD,5.162261489921338,3.0
TG1189,249,440,226,431,TG,5.698581833372502,24.698178070456937
GG751,196,391,196,382,GG,5.03187286826412,9.0
TS591,92,413,91,405,TS,4.958345307758553,8.06225774829855
TG69,167,357,150,363,TG,4.822478423101126,18.027756377319946
GG367,361,305,372,304,GG,5.960151793048073,11.045361017187261
GSD294,482,169,485,173,GSD,6.557358062735453,5.0
GG700,319,123,310,126,GG,6.364080732903853,9.486832980505138
TS684,92,419,93,426,TS,4.6119303154981495,7.0710678118654755
GSD202,186,416,188,410,GSD,6.164563380245512,6.324555320336759
TG318,390,121,368,125,TG,5.622103839373189,22.360679774997898
TS253,302,327,296,328,TS,5.933514532096636,6.082762530298219
TG1145,231,146,245,144,TG,4.51976303713006,14.142135623730951
GG30,120,374,109,376,GG,6.444032179042211,11.180339887498949
GSD378,455,203,452,205,GSD,5.871204346007207,3.605551275463989
TS58,107,264,105,269,TS,4.9910409783368745,5.385164807134504
TS163,194,410,192,406,TS,6.288204875294468,4.47213595499958
TS111,301,273,305,260,TS,7.799825725962403,13.601470508735444
TG1083,324,157,340,153,TG,6.3050087151759024,16.492422502470642
GG684,179,326,180,317,GG,5.939285198460812,9.055385138137417
GG696,399,142,409,143,GG,5.136617549933875,10.04987562112089
TS686,355,324,344,324,TS,5.495696126885127,11.0
GG299,138,318,134,324,GG,4.502553850441119,7.211102550927978
TS16,164,359,176,356,TS,5.214609820002012,12.36931687685298
GSD240,375,324,372,322,GSD,6.156109980220737,3.605551275463989
GSD10,28,441,30,438,GSD,6.2198832230580265,3.605551275463989
GG599,386,98,373,107,GG,7.100999234620909,15.811388300841896
TG595,449,97,475,95,TG,5.975922204134651,26.076809620810597
GSD262,526,165,526,169,GSD,5.097378527998552,4.0
TS574,406,225,396,228,TS,4.704525072326565,10.44030650891055
TS417,389,144,387,146,TS,6.815460858579648,2.8284271247461903
TG1140,316,219,311,238,TG,5.083609271351323,19.6468827043885
TS496,429,193,432,186,TS,5.932356144288754,7.615773105863909
TG1199,403,108,417,95,TG,5.1104370941322,19.1049731745428
TS688,404,232,405,219,TS,7.390787683101362,13.038404810405298
GG421,424,74,411,83,GG,6.735770728646027,15.811388300841896
GSD372,318,95,321,90,GSD,6.533188742907029,5.830951894845301
GG790,359,192,354,196,GG,6.104972830414557,6.4031242374328485
TG857,309,241,306,259,TG,4.531923199957353,18.24828759089466
GSD64,346,133,351,133,GSD,6.46382472649799,5.0
TG142,276,388,274,358,TG,7.583545450048746,30.066592756745816
GG493,263,190,255,188,GG,6.641297284193223,8.246211251235321
GG456,453,87,446,83,GG,5.431764410177163,8.06225774829855
GSD20,338,294,337,300,GSD,6.4939657561464585,6.082762530298219
TG554,136,399,163,405,TG,7.490347168502111,27.65863337187866
TS475,385,292,377,301,TS,6.128363702289564,12.041594578792296
GG343,292,190,296,191,GG,5.162183907742055,4.123105625617661
GSD89,439,45,438,41,GSD,5.380643918011959,4.123105625617661
GSD228,255,303,255,307,GSD,6.012222804562626,4.0
GG257,436,74,431,79,GG,8.44025111149566,7.0710678118654755
GSD295,82,398,85,400,GSD,6.769816988102988,3.605551275463989
GG722,441,95,451,93,GG,7.794645372094228,10.198039027185569
TS324,479,93,465,96,TS,7.221144491660212,14.317821063276353
GSD211,331,120,329,127,GSD,6.453667258282806,7.280109889280518
TG279,315,214,320,189,TG,5.6281512423298725,25.495097567963924
GSD141,504,183,507,181,GSD,5.532277809059919,3.605551275463989
TG1151,422,91,405,107,TG,5.576957790412264,23.345235059857504
TG572,317,89,294,108,TG,6.420620795916244,29.832867780352597
GG55,336,312,330,313,GG,6.137813446069458,6.082762530298219
GSD302,230,394,226,392,GSD,7.6104557485447835,4.47213595499958
TG93,277,389,275,365,TG,5.934459038131127,24.08318915758459
GG244,381,219,376,222,GG,6.834250634228971,5.830951894845301
GSD4,457,57,454,57,GSD,4.918096769962904,3.0
GG507,465,190,461,186,GG,5.215666324489522,5.656854249492381
GSD25,482,171,483,175,GSD,5.703029151222694,4.123105625617661
GSD282,440,237,440,242,GSD,5.430997338986479,5.0
GSD363,256,320,258,320,GSD,5.310799082868435,2.0
GSD224,444,131,446,128,GSD,6.3188320011703,3.605551275463989
TS542,315,332,325,328,TS,6.8958173419601,10.770329614269007
GG605,260,78,254,74,GG,5.132790829181026,7.211102550927978
GSD303,217,210,217,204,GSD,6.017048022127838,6.0
GG155,513,162,521,163,GG,6.843094377079282,8.06225774829855
GSD167,289,170,293,170,GSD,7.013884476404829,4.0
GG375,196,379,195,394,GG,7.45415082111041,15.033296378372908
TG509,117,370,99,389,TG,7.07339107758981,26.1725046566048
GSD15,327,316,328,319,GSD,4.957456677493548,3.1622776601683795
TG628,281,144,269,146,TG,3.013883841716495,12.165525060596439
GG143,496,162,481,163,GG,7.568845561698396,15.033296378372908
GG448,263,179,261,187,GG,4.265126453427217,8.246211251235321
TS402,241,437,239,436,TS,3.9826977010367237,2.23606797749979
GG51,110,376,124,372,GG,7.883788137546439,14.560219778561036
GG168,350,162,344,170,GG,5.285564417095754,10.0
TG950,429,147,404,152,TG,5.890631625747609,25.495097567963924
GG90,252,469,250,462,GG,6.192921808525597,7.280109889280518
GSD248,435,179,439,176,GSD,6.804461163434961,5.0
GG29,418,129,417,115,GG,5.852119781055713,14.035668847618199
TS534,262,158,273,162,TS,5.704374385906482,11.704699910719626
GG460,257,261,250,259,GG,4.924583420184055,7.280109889280518
TS180,422,91,432,91,TS,5.266149645115527,10.0
GG779,487,98,478,91,GG,4.7797354690745575,11.40175425099138
TG557,280,117,264,137,TG,5.9522964417600335,25.612496949731394
TG1088,107,263,104,276,TG,3.712910072493374,13.341664064126334
TG265,276,382,277,405,TG,6.749481934598572,23.021728866442675
GG195,69,389,68,400,GG,5.520370495568705,11.045361017187261
TS339,291,173,286,173,TS,7.215699421071381,5.0
GG543,197,409,195,401,GG,5.2048718141308825,8.246211251235321
GG205,334,200,340,198,GG,5.496975298853169,6.324555320336759
TG207,253,342,268,336,TG,4.564926861112941,16.15549442140351
TS439,33,441,21,443,TS,6.959759260012742,12.165525060596439
TS393,236,167,241,166,TS,3.1882605416873533,5.0990195135927845
GSD329,313,203,318,203,GSD,5.210254445834938,5.0
TG547,474,96,483,111,TG,3.814829801639198,17.4928556845359
TG1025,249,147,275,144,TG,7.000865149472709,26.1725046566048
TS166,257,161,257,164,TS,5.921914214297454,3.0
TS94,444,96,431,100,TS,7.35699988261247,13.601470508735444
GSD181,400,300,398,301,GSD,6.626545275376229,2.23606797749979
TG185,346,83,357,71,TG,4.756102629971245,16.278820596099706
GG535,307,91,316,88,GG,6.9303851745665614,9.486832980505138
TG455,422,91,409,103,TG,5.28127471369401,17.69180601295413
TG1026,232,345,210,348,TG,4.971392280944457,22.20360331117452
TG31,362,136,335,150,TG,6.747432174741756,30.4138126514911
GG347,309,196,314,195,GG,4.860423961525825,5.0990195135927845
TS493,381,292,381,281,TS,5.992215516990197,11.0
TG953,292,172,272,169,TG,5.590753616777247,20.223748416156685
TG890,298,173,271,169,TG,5.698396224949547,27.294688127912362
TS520,106,260,105,248,TS,5.439354955989989,12.041594578792296
TG381,136,399,159,405,TG,6.067614473452857,23.769728648009426
GSD397,381,281,382,282,GSD,6.652249162345539,1.4142135623730951
GSD53,351,157,345,161,GSD,6.735166521271932,7.211102550927978
TG235,403,108,421,92,TG,7.561362233500112,24.08318915758459
GSD100,185,419,186,426,GSD,5.871125786284505,7.0710678118654755
TG441,330,152,319,166,TG,5.857892883584904,17.804493814764857
TG1180,479,103,473,125,TG,6.031996267751658,22.80350850198276
TS428,319,168,322,161,TS,6.908197325860911,7.615773105863909
GG195,68,400,69,406,GG,6.394375469185735,6.082762530298219
GG278,302,270,300,279,GG,5.655271413835508,9.219544457292887
TG6,272,169,250,160,TG,5.943225226381698,23.769728648009426
TG683,301,175,279,171,TG,5.349907733146184,22.360679774997898
GG735,361,71,366,65,GG,4.249712343309639,7.810249675906654
TS661,77,331,68,332,TS,5.4723320011185566,9.055385138137417
TG728,253,343,271,330,TG,6.720892184602004,22.20360331117452
GSD328,302,419,296,416,GSD,4.765586513994819,6.708203932499369
TS597,278,449,272,455,TS,5.526083951237624,8.48528137423857
TG784,162,406,183,408,TG,5.165793889444611,21.095023109728988
GSD264,26,428,26,433,GSD,6.497172307724816,5.0
TG510,245,142,263,159,TG,5.659411176293381,24.758836806279895
TG161,226,346,254,343,TG,6.353556839644471,28.160255680657446
GG761,256,142,262,143,GG,5.410650608309414,6.082762530298219
GSD97,329,218,327,226,GSD,5.565110899481892,8.246211251235321
TS495,61,381,56,371,TS,6.192569277879882,11.180339887498949
TG921,157,404,182,407,TG,5.952475411564949,25.179356624028344
TG973,443,133,472,126,TG,5.694487591201929,29.832867780352597
TG421,276,376,271,351,TG,5.922372607333483,25.495097567963924
TG1033,189,408,212,418,TG,5.587843831049524,25.079872407968907
TS263,488,161,470,163,TS,7.590338958054079,18.110770276274835
GG356,454,103,453,113,GG,7.247583907434191,10.04987562112089
GG156,214,419,205,413,GG,5.467289636312165,10.816653826391969
GSD98,353,405,352,408,GSD,6.417617414270784,3.1622776601683795
GSD304,361,282,359,283,GSD,4.678282594076683,2.23606797749979
TG462,427,193,415,210,TG,5.34191362443268,20.808652046684813
TG919,294,290,279,314,TG,7.191598140560033,28.30194339616981
TG786,166,405,188,407,TG,4.350007365986323,22.090722034374522
TS4,304,259,301,267,TS,5.688239448049721,8.54400374531753
GG49,420,138,423,146,GG,5.878607003126788,8.54400374531753
GG152,390,155,385,162,GG,4.457139959164813,8.602325267042627
GSD100,191,413,191,416,GSD,5.0011592946683,3.0
GSD239,261,331,261,328,GSD,6.90110823476933,3.0
GSD160,358,133,357,130,GSD,5.679860060446464,3.1622776601683795
TS643,390,123,397,115,TS,5.115484070426093,10.63014581273465
GG350,360,213,360,206,GG,5.6457690239341005,7.0
TS554,416,219,430,221,TS,5.92127433365983,14.142135623730951
GSD117,440,240,440,234,GSD,5.763082477127655,6.0
GG785,259,193,262,189,GG,5.06891454353643,5.0
GG679,390,216,385,218,GG,3.2688748775286616,5.385164807134504
GG298,450,67,452,78,GG,5.635705333130801,11.180339887498949
GSD229,326,346,329,340,GSD,7.08195559118262,6.708203932499369
TS636,381,293,376,302,TS,6.280630183359507,10.295630140987
GSD87,353,406,350,411,GSD,6.837018286118891,5.830951894845301
TS538,257,336,251,338,TS,3.911182574864625,6.324555320336759
TS80,179,406,194,408,TS,6.172100802712437,15.132745950421556
TG962,336,323,311,331,TG,6.0912620092963605,26.248809496813376
GG85,348,199,339,199,GG,5.597453778339574,9.0
GSD376,199,373,202,376,GSD,5.978448285226598,4.242640687119285
GSD111,58,444,52,448,GSD,6.04065170857773,7.211102550927978
TS388,350,325,348,322,TS,5.27266952330551,3.605551275463989
TS327,217,169,223,163,TS,5.175130022316395,8.48528137423857
TS52,239,144,245,151,TS,5.71126776379874,9.219544457292887
GSD211,328,130,323,131,GSD,7.253403647364166,5.0990195135927845
GSD181,393,299,389,298,GSD,8.18311509482993,4.123105625617661
TG289,171,357,150,364,TG,5.955037138304722,22.135943621178654
TS323,415,219,408,220,TS,3.429379369963101,7.0710678118654755
GSD121,429,124,426,121,GSD,7.109281668499093,4.242640687119285
GG636,352,136,355,126,GG,5.663924224937459,10.44030650891055
TG1036,246,145,259,148,TG,4.755631267607966,13.341664064126334
TS49,483,215,487,209,TS,4.38701636689213,7.211102550927978
GSD162,435,251,429,251,GSD,6.075293050823902,6.0
GSD342,244,483,245,482,GSD,6.045641326721392,1.4142135623730951
GG475,280,191,287,192,GG,6.8249858150852845,7.0710678118654755
GG344,432,92,433,98,GG,4.48707840800866,6.082762530298219
GG522,366,224,367,217,GG,5.597026239293449,7.0710678118654755
TG698,339,322,364,318,TG,5.125886448821039,25.317977802344327
GG487,331,168,330,161,GG,4.819459945696208,7.0710678118654755
GG499,179,308,179,318,GG,6.361488734800918,10.0
GSD79,254,318,255,320,GSD,4.431849657891487,2.23606797749979
TS76,250,192,255,190,TS,3.945206673990145,5.385164807134504
TS116,91,393,83,390,TS,5.923550669611027,8.54400374531753
TS116,83,390,87,401,TS,6.509476997435218,11.704699910719626
GG707,396,136,399,126,GG,7.557014686624039,10.44030650891055
TS254,91,400,92,411,TS,6.289274264136356,11.045361017187261
GG393,393,144,396,137,GG,5.328035648907447,7.615773105863909
TS75,278,404,276,417,TS,5.476754796997467,13.152946437965905
TG253,248,147,275,146,TG,6.850581618117788,27.018512172212592
GSD356,240,166,245,160,GSD,6.900553234900127,7.810249675906654
GG760,316,88,308,94,GG,6.918454959610491,10.0
GG708,233,198,241,196,GG,6.128876401815354,8.246211251235321
TG1126,187,407,162,405,TG,5.374354156407622,25.079872407968907
TS238,229,147,223,151,TS,4.309406592905296,7.211102550927978
TS447,236,169,232,169,TS,5.335109580726935,4.0
TS86,266,343,258,342,TS,5.555364954068569,8.06225774829855
TG1009,114,242,125,228,TG,5.114441626138777,17.804493814764857
TG368,309,241,316,221,TG,5.839955365233879,21.18962010041709
GG619,321,331,322,318,GG,7.87263029787726,13.038404810405298
TG850,307,250,299,280,TG,6.599816099960718,31.04834939252005
TS20,233,146,228,150,TS,3.846298644141431,6.4031242374328485
TG496,450,97,427,102,TG,6.948542033404964,23.53720459187964
TS231,46,350,56,344,TS,6.271047818921384,11.661903789690601
TS581,387,269,386,283,TS,5.932638661046653,14.035668847618199
TS749,131,399,145,401,TS,6.731627297619605,14.142135623730951
GG695,382,135,372,135,GG,6.772815316062925,10.0
TS364,181,356,164,360,TS,6.516220883437507,17.46424919657298
TS96,447,223,434,222,TS,6.442655572215026,13.038404810405298
GG699,263,191,274,191,GG,5.8990847527934624,11.0
GSD103,427,84,430,84,GSD,5.667881255670936,3.0
GG406,434,139,443,134,GG,6.252189908845189,10.295630140987
GG711,310,128,306,136,GG,5.37807397426012,8.94427190999916
GSD83,305,93,308,93,GSD,5.79618915294128,3.0
TG1132,166,195,176,187,TG,3.902742233077576,12.806248474865697
TS542,276,321,282,319,TS,5.266105318714464,6.324555320336759
TS17,394,118,380,126,TS,6.88030122694952,16.1245154965971
GG552,428,180,432,167,GG,5.782504953825465,13.601470508735444
GG465,268,121,261,125,GG,6.338651324799722,8.06225774829855
TS63,475,122,483,110,TS,6.93528746285512,14.422205101855956
TG869,182,407,207,415,TG,6.117522415356085,26.248809496813376
GSD258,405,221,399,218,GSD,7.082862317617925,6.708203932499369
GG211,254,440,261,434,GG,7.762994827048402,9.219544457292887
TG70,389,132,409,119,TG,6.027177730798898,23.853720883753127
GSD286,225,393,228,397,GSD,7.7241885718908385,5.0
TS62,385,124,384,123,TS,4.8621460288378575,1.4142135623730951
GSD229,326,350,326,346,GSD,4.89525133399561,4.0
TS358,309,205,315,205,TS,6.131886866223547,6.0
GSD101,407,301,412,303,GSD,6.51816247240474,5.385164807134504
GG224,366,217,362,223,GG,5.045207219760493,7.211102550927978
GG530,325,106,321,100,GG,5.3564434767357,7.211102550927978
TG1190,255,438,265,426,TG,4.36661056481066,15.620499351813308
GSD221,276,111,278,109,GSD,5.574220595572395,2.8284271247461903
GG736,405,113,401,120,GG,6.223223542334914,8.06225774829855
GSD241,293,151,296,152,GSD,5.175969213617648,3.1622776601683795
GSD257,474,161,480,161,GSD,6.951964133246932,6.0
GG129,189,356,195,362,GG,6.342978698103277,8.48528137423857
TG613,318,173,334,180,TG,5.585232544434375,17.46424919657298
GSD212,23,437,22,436,GSD,7.26880715696311,1.4142135623730951
TG64,240,344,266,341,TG,6.734087469069641,26.1725046566048
TG624,160,405,132,399,TG,6.616255178105474,28.635642126552707
TS21,356,139,344,146,TS,6.977431024369739,13.892443989449804
TS142,51,366,60,376,TS,6.906132127582271,13.45362404707371
TS106,214,171,221,170,TS,3.8909289540865117,7.0710678118654755
GG469,407,179,421,179,GG,8.025563115437086,14.0
GG290,259,432,254,436,GG,4.808444858865812,6.4031242374328485
GSD25,482,176,476,176,GSD,6.633650856308577,6.0
TS441,455,163,467,163,TS,4.648602827616754,12.0
TS151,422,91,415,98,TS,7.697528246959711,9.899494936611665
GSD295,66,394,73,392,GSD,6.181732894418859,7.280109889280518
GSD178,274,115,276,116,GSD,6.621738270834037,2.23606797749979
GSD362,243,259,240,258,GSD,4.088099627369651,3.1622776601683795
TG676,248,160,275,170,TG,6.194735591868572,28.792360097775937
GG135,437,53,440,59,GG,6.717396146282076,6.708203932499369
TG674,276,375,273,358,TG,4.662333617499806,17.26267650163207
GSD161,319,377,322,377,GSD,3.8743450024722836,3.0
GG654,365,236,360,248,GG,7.253601772887892,13.0
GSD76,179,360,177,359,GSD,5.65544773499931,2.23606797749979
TG630,330,326,357,321,TG,5.777790556185145,27.459060435491963
TG1002,371,130,351,141,TG,5.772487907147555,22.825424421026653
GG520,407,236,401,245,GG,6.371282997521062,10.816653826391969
TS464,482,115,481,108,TS,5.774708151978104,7.0710678118654755
TS746,323,174,334,172,TS,6.512005416527064,11.180339887498949
TG685,157,404,135,400,TG,6.233106493032607,22.360679774997898
GG57,236,260,237,269,GG,5.901579750939632,9.055385138137417
TG308,323,329,298,322,TG,5.695557547435728,25.96150997149434
TG226,354,122,371,127,TG,4.446864396698476,17.72004514666935
TG126,404,232,390,254,TG,5.804338434792402,26.076809620810597
GSD92,350,192,353,188,GSD,5.921797808775059,5.0
GG478,279,120,291,122,GG,5.504684889563526,12.165525060596439
GG48,457,96,462,96,GG,4.5279605235017435,5.0
TS172,251,342,266,339,TS,6.426574175002198,15.297058540778355
GSD397,382,282,381,286,GSD,4.644387046659759,4.123105625617661
TS622,486,161,498,161,TS,5.70772695716261,12.0
TG766,276,376,277,392,TG,4.816104106270265,16.0312195418814
GG607,363,304,359,309,GG,5.547900693139207,6.4031242374328485
GG212,320,198,325,203,GG,5.44064975219414,7.0710678118654755
GSD105,463,103,460,105,GSD,6.758039168324267,3.605551275463989
TG664,277,409,275,385,TG,6.1968799869854765,24.08318915758459
TG883,160,405,187,407,TG,6.271177456184375,27.073972741361768
TG184,259,165,279,171,TG,5.876851704549067,20.8806130178211
TG609,314,171,327,162,TG,6.407521067103021,15.811388300841896
TG608,425,89,442,96,TG,4.7607176179011805,18.384776310850235
TG930,230,345,211,346,TG,4.6100683982530555,19.026297590440446
TG188,187,407,154,404,TG,7.250358966616319,33.13608305156178
TS263,496,160,488,161,TS,5.555150720228153,8.06225774829855
GSD339,442,204,438,203,GSD,5.309884902188145,4.123105625617661
TS223,209,348,221,346,TS,5.497217222717665,12.165525060596439
GSD321,342,195,350,195,GSD,6.795277986273577,8.0
GG161,420,132,418,122,GG,6.301670834587137,10.198039027185569
GSD273,306,253,306,254,GSD,3.1814764111310296,1.0
TG236,157,404,174,407,TG,4.012309980907551,17.26267650163207
TG534,296,173,282,167,TG,5.461943713792532,15.231546211727817
GSD73,405,114,412,114,GSD,5.323402398401111,7.0
TG1137,215,423,229,432,TG,4.886205576413175,16.64331697709324
GG547,347,148,336,152,GG,6.616667238721085,11.704699910719626
TG301,114,242,131,226,TG,6.125034461346477,23.345235059857504
TG976,279,116,266,136,TG,6.805433392526058,23.853720883753127
GG256,438,59,448,59,GG,5.3390856110718055,10.0
GG606,70,391,74,384,GG,5.486302587279889,8.06225774829855
GG405,388,98,381,103,GG,6.552891060624745,8.602325267042627
TG1010,431,162,435,180,TG,4.86303967462536,18.439088914585774
TS33,388,122,398,114,TS,5.672988795372912,12.806248474865697
GG147,275,383,274,393,GG,6.625620475407921,10.04987562112089
TS674,70,350,76,356,TS,4.03403159923775,8.48528137423857
GSD349,232,342,228,342,GSD,7.580457508315655,4.0
GSD210,378,352,382,355,GSD,6.641811438954342,5.0
GSD394,224,379,223,380,GSD,4.935682888306083,1.4142135623730951
TG1030,251,161,270,169,TG,6.104852332187719,20.615528128088304
TG589,397,151,379,137,TG,5.425016117735313,22.80350850198276
GSD84,293,412,294,411,GSD,5.353089511399908,1.4142135623730951
TS368,261,450,252,468,TS,7.061144229514662,20.12461179749811
GG644,458,170,461,163,GG,6.3807409964664,7.615773105863909
GSD207,363,309,365,312,GSD,6.354502916297584,3.605551275463989
GSD175,508,152,511,153,GSD,5.378837625868478,3.1622776601683795
GG134,285,456,281,453,GG,5.733048442913548,5.0
TS770,361,106,368,113,TS,4.036130042125242,9.899494936611665
TG489,320,165,324,172,TG,5.564797968174128,8.06225774829855
GG355,268,344,263,339,GG,4.961801496222023,7.0710678118654755
TS290,84,388,91,394,TS,7.336176624306457,9.219544457292887
GG778,446,134,452,132,GG,4.566467713056073,6.324555320336759
GSD276,461,155,459,155,GSD,6.090082681238442,2.0
GSD78,307,89,305,90,GSD,6.417387215449032,2.23606797749979
GG760,334,86,326,87,GG,4.803566952715365,8.06225774829855
TG741,339,324,362,320,TG,5.174616032043495,23.345235059857504
TG523,255,438,238,436,TG,6.217986396359184,17.11724276862369
GSD324,318,203,311,202,GSD,6.838309266468741,7.0710678118654755
GG1,258,193,256,189,GG,6.652005479810136,4.47213595499958
TG839,152,403,173,405,TG,5.600487186692639,21.095023109728988
TG766,271,351,276,376,TG,4.925394956782544,25.495097567963924
GSD169,34,441,32,439,GSD,4.790060729397509,2.8284271247461903
TS633,263,446,258,433,TS,6.386479420890501,13.92838827718412
GG531,227,109,227,115,GG,4.692422677251635,6.0
TG396,211,346,191,353,TG,5.598944566787126,21.18962010041709
TG454,91,327,95,308,TG,5.444929767618858,19.4164878389476
TG1034,269,425,256,442,TG,6.048757883031622,21.400934559032695
TS27,256,165,261,167,TS,5.645513723396862,5.385164807134504
TS689,331,179,324,175,TS,5.772479553788919,8.06225774829855
TG11,386,285,381,297,TG,3.855588395029608,13.0
TS524,339,324,330,327,TS,7.953198066796611,9.486832980505138
TS419,302,330,314,333,TS,5.137816008187199,12.36931687685298
GG739,396,134,396,126,GG,4.603709169594438,8.0
GSD299,378,281,380,281,GSD,4.206853667716423,2.0
TS460,386,267,385,283,TS,6.3384908432771425,16.0312195418814
TG1075,315,218,315,199,TG,4.609347579263588,19.0
GSD95,404,295,404,291,GSD,5.8448586940441345,4.0
TS280,314,203,317,194,TS,5.313630111618592,9.486832980505138
GSD379,264,219,265,223,GSD,7.492793816754812,4.123105625617661
GSD279,528,175,525,179,GSD,6.181117592126224,5.0
GG210,366,340,369,331,GG,5.920613769300019,9.486832980505138
GG461,224,199,232,197,GG,5.349277548061357,8.246211251235321
GG523,413,82,411,90,GG,6.316368799766892,8.246211251235321
GG374,217,482,222,471,GG,6.414738973937128,12.083045973594572
GG549,310,131,314,124,GG,6.55742743874292,8.06225774829855
GG377,285,208,280,212,GG,5.242357765416802,6.4031242374328485
GG112,178,316,179,325,GG,5.956744581376089,9.055385138137417
TG914,350,82,326,88,TG,6.829785820990082,24.73863375370596
GG26,353,143,352,132,GG,6.812066907816041,11.045361017187261
GG684,162,315,155,317,GG,4.165274175493682,7.280109889280518
GSD85,381,375,380,378,GSD,5.442166889962914,3.1622776601683795
GSD176,344,398,342,397,GSD,4.618752467300881,2.23606797749979
TS450,388,124,396,118,TS,6.436096929408338,10.0
GG618,261,142,265,138,GG,3.643828534523701,5.656854249492381
TG153,387,287,371,307,TG,5.406732861746006,25.612496949731394
GG606,72,405,69,408,GG,3.649188907086027,4.242640687119285
GSD219,385,114,383,114,GSD,4.582821292050833,2.0
GG494,514,173,506,174,GG,4.333381199451149,8.06225774829855
GG398,277,186,265,187,GG,7.468912704395251,12.041594578792296
TG992,451,98,435,97,TG,5.616898159082426,16.0312195418814
TG870,269,424,276,413,TG,3.660246439481374,13.038404810405298
TS137,272,326,262,332,TS,4.714202359292118,11.661903789690601
GSD140,260,238,259,241,GSD,6.2534999483884235,3.1622776601683795
GG378,241,194,243,197,GG,5.764885473710826,3.605551275463989
TG346,307,252,315,228,TG,5.290323153933254,25.298221281347036
TS561,224,163,220,159,TS,5.868988028153197,5.656854249492381
GSD370,170,273,174,275,GSD,4.194526863332499,4.47213595499958
TG284,163,406,152,403,TG,3.041387278721934,11.40175425099138
GSD36,400,116,397,116,GSD,4.991115245388336,3.0
TG137,267,133,279,117,TG,4.5632601684067495,20.0
TS276,245,356,250,345,TS,5.14994019073394,12.083045973594572
GSD45,443,131,442,125,GSD,5.620260277575869,6.082762530298219
GSD180,463,97,460,95,GSD,5.49136596368006,3.605551275463989
GSD279,485,172,483,170,GSD,4.053211552056794,2.8284271247461903
TG440,381,297,387,278,TG,4.512463990048305,19.924858845171276
TS624,234,139,238,143,TS,4.80983511531381,5.656854249492381
TS225,442,93,439,98,TS,5.138130747862721,5.830951894845301
TS317,391,146,394,151,TS,5.20190528163327,5.830951894845301
TG789,349,121,327,125,TG,4.773242136420462,22.360679774997898
GSD231,354,223,354,219,GSD,6.232613705118002,4.0
GSD366,428,115,420,115,GSD,7.124004944513885,8.0
TS444,431,187,435,180,TS,5.486422872954255,8.06225774829855
TS250,255,438,261,431,TS,5.092521124796982,9.219544457292887
TG389,475,124,453,127,TG,6.0279237216915345,22.20360331117452
GSD295,85,400,85,395,GSD,6.92670106164217,5.0
GSD354,350,92,352,91,GSD,5.719585963802946,2.23606797749979
GSD228,260,294,256,293,GSD,6.342574174355919,4.123105625617661
TS8,325,173,329,176,TS,5.772046214162007,5.0
GG240,252,452,253,444,GG,6.540795697185331,8.06225774829855
GSD5,321,248,325,248,GSD,5.5626000417159736,4.0
GG688,257,261,250,258,GG,5.624319273657488,7.615773105863909
TS11,383,118,384,124,TS,5.841174863894595,6.082762530298219
TG582,301,175,320,168,TG,6.710488337795643,20.248456731316587
GSD248,436,171,437,170,GSD,5.891729835764277,1.4142135623730951
TG534,354,139,334,150,TG,5.358648998785568,22.825424421026653
GSD362,250,255,245,259,GSD,4.86454728685602,6.4031242374328485
GG645,251,137,249,144,GG,3.9222384196386457,7.280109889280518
GG688,238,271,241,284,GG,8.614250369664266,13.341664064126334
GG75,478,110,472,119,GG,5.560103532261795,10.816653826391969
TS74,81,377,82,390,TS,7.932616764789785,13.038404810405298
GG713,291,187,285,186,GG,4.379125906574206,6.082762530298219
GSD87,351,414,353,412,GSD,6.139698334697961,2.8284271247461903
TS687,372,127,368,132,TS,6.328214664312913,6.4031242374328485
GG261,282,160,289,159,GG,5.333319265600483,7.0710678118654755
GG133,436,74,432,85,GG,7.346677885936154,11.704699910719626
TS526,456,97,461,97,TS,5.667273034955278,5.0
GG451,265,223,256,222,GG,5.549204005889016,9.055385138137417
GSD47,264,381,264,382,GSD,4.207926291703853,1.0
TG312,431,159,437,135,TG,6.015595805750017,24.73863375370596
TS58,105,269,104,272,TS,4.934783625696205,3.1622776601683795
GSD37,453,175,452,174,GSD,5.52786895502188,1.4142135623730951
TG291,153,362,122,370,TG,7.870437393081436,32.01562118716424
GSD224,428,150,428,145,GSD,5.920093668672003,5.0
GSD255,522,151,525,153,GSD,5.759383686138573,3.605551275463989
TS268,143,401,151,402,TS,5.336806425503452,8.06225774829855
GG44,456,129,466,124,GG,7.656866352251524,11.180339887498949
TS180,441,94,445,96,TS,3.1729916145456656,4.47213595499958
TS755,384,226,374,221,TS,5.165979249960476,11.180339887498949
GSD38,319,105,319,98,GSD,6.432828346939894,7.0
TS724,254,149,245,144,TS,5.421209269669348,10.295630140987
TS774,282,166,281,171,TS,6.691414995785442,5.0990195135927845
TG144,91,327,87,347,TG,4.619295044792036,20.396078054371138
GSD275,209,380,207,377,GSD,5.984922983534446,3.605551275463989
TG706,454,98,475,94,TG,5.5284792431827015,21.37755832643195
GSD345,212,436,218,434,GSD,6.7905858996849275,6.324555320336759
GSD99,486,202,488,202,GSD,4.163693161189585,2.0
TS687,397,114,391,120,TS,5.089463208153457,8.48528137423857
TS103,137,400,130,399,TS,3.6119941911747517,7.0710678118654755
TG510,228,127,245,142,TG,5.812976024605047,22.67156809750927
GSD257,469,156,465,157,GSD,6.618254025098423,4.123105625617661
GSD171,427,270,429,273,GSD,7.60027674463334,3.605551275463989
GG399,311,126,320,123,GG,6.584913631752144,9.486832980505138
GG246,456,129,444,135,GG,6.762797003434642,13.416407864998739
GSD311,146,380,144,384,GSD,5.103077586533344,4.47213595499958
TS344,372,130,380,124,TS,6.516905773837971,10.0
GSD391,426,95,429,96,GSD,5.4022887788870975,3.1622776601683795
TS227,276,388,276,375,TS,7.034631579914528,13.0
TS630,59,429,55,441,TS,6.547461762456852,12.649110640673518
TG388,321,164,331,158,TG,4.913951818576115,11.661903789690601
TG304,442,132,465,126,TG,6.396177418522415,23.769728648009426
TS52,252,148,243,143,TS,5.8623082770878,10.295630140987
TG989,360,143,341,153,TG,4.841279777707723,21.470910553583888
GSD179,249,155,247,152,GSD,6.152323876923004,3.605551275463989
TG68,208,349,232,344,TG,5.244585245392851,24.515301344262525
GSD391,432,103,433,106,GSD,5.465260762584748,3.1622776601683795
TS792,248,183,260,190,TS,7.22331470957095,13.892443989449804
TS766,259,440,265,451,TS,7.614199845898405,12.529964086141668
TS22,198,350,188,355,TS,6.295265950022099,11.180339887498949
TS459,81,376,76,364,TS,5.364649738593954,13.0
TS4,308,246,304,259,TS,6.1344479616389656,13.601470508735444
TS521,91,391,92,393,TS,5.328589054796458,2.23606797749979
GG731,364,107,371,110,GG,6.117387669250386,7.615773105863909
GG644,503,162,512,162,GG,6.2735669690865095,9.0
TS174,64,419,61,426,TS,4.888998740934099,7.615773105863909
GSD306,160,355,157,355,GSD,6.128188628303725,3.0
TG596,202,413,164,404,TG,7.311969401201528,39.05124837953327
GG615,222,153,220,153,GG,3.941524597215494,2.0
TG827,312,91,332,87,TG,4.918589353385072,20.396078054371138
TS169,60,377,62,384,TS,5.075913748619152,7.280109889280518
GG673,350,121,354,126,GG,5.882587298946547,6.4031242374328485
TS278,264,428,275,423,TS,6.137342693812936,12.083045973594572
GG654,364,228,365,236,GG,4.370968286234556,8.06225774829855
GSD136,447,55,451,57,GSD,7.634819182049789,4.47213595499958
TG48,362,136,372,128,TG,4.073787579115274,12.806248474865697
GSD391,423,88,429,90,GSD,5.702728591631397,6.324555320336759
TS796,490,192,494,182,TS,5.445960623278303,10.770329614269007
GSD254,299,266,299,260,GSD,7.758315252021836,6.0
TS397,258,146,267,133,TS,8.097714861646988,15.811388300841896
TS40,387,136,390,122,TS,7.062272811588251,14.317821063276353
GSD221,281,119,277,118,GSD,7.5343919346195,4.123105625617661
GG297,155,468,145,463,GG,8.503093666397584,11.180339887498949
GSD179,258,164,261,168,GSD,5.198341246720702,5.0
TS533,11,454,20,445,TS,5.464286729661544,12.727922061357855
GSD336,319,206,319,205,GSD,4.941135822804689,1.0
GSD383,325,141,324,141,GSD,4.965594656181224,1.0
TS365,246,162,251,166,TS,5.935318367787554,6.4031242374328485
GSD33,307,270,310,272,GSD,7.162656332923852,3.605551275463989
GSD104,298,127,301,127,GSD,4.917398224731311,3.0
GSD189,464,156,462,158,GSD,6.490073584220989,2.8284271247461903
GSD239,261,328,265,326,GSD,5.151091223945418,4.47213595499958
TG174,329,326,353,321,TG,5.793245358130806,24.515301344262525
GSD292,245,151,244,148,GSD,7.06927828590668,3.1622776601683795
TS323,408,220,403,227,TS,6.55514816255269,8.602325267042627
TG57,187,407,217,426,TG,7.347734788935377,35.510561809129406
TG1135,160,405,187,408,TG,6.082102539228567,27.16615541441225
TG218,148,402,129,398,TG,3.9467801827921036,19.4164878389476
GSD160,375,134,368,134,GSD,7.371938578885562,7.0
TS616,408,221,403,214,TS,5.025687131430658,8.602325267042627
GG636,355,126,352,121,GG,5.258264749297181,5.830951894845301
TS762,406,152,416,156,TS,6.068782169120972,10.770329614269007
GG282,276,453,278,462,GG,4.977199820887808,9.219544457292887
TG285,413,212,423,198,TG,5.403768695853247,17.204650534085253
GG73,358,264,359,277,GG,7.340796911381899,13.038404810405298
GG783,479,85,480,75,GG,5.965389103069753,10.04987562112089
GG749,340,174,341,181,GG,4.769810493176073,7.0710678118654755
TG1127,395,118,373,128,TG,6.231111559112509,24.166091947189145
GG498,471,195,472,199,GG,6.218932451577313,4.123105625617661
GG418,393,142,391,152,GG,5.365464898180591,10.198039027185569
GSD360,228,362,226,367,GSD,6.216480039542128,5.385164807134504
GG688,239,258,238,261,GG,5.732251851895779,3.1622776601683795
GSD282,440,233,440,237,GSD,6.801755363198815,4.0
GG702,306,164,303,175,GG,6.102148223509188,11.40175425099138
GSD34,428,115,423,116,GSD,5.677608962328399,5.0990195135927845
TS302,336,380,338,364,TS,7.13302319880687,16.1245154965971
TG460,319,167,344,145,TG,7.608542203993287,33.301651610693426
GG714,470,123,473,119,GG,4.826291962950396,5.0
GG31,464,189,468,195,GG,4.8980142946449785,7.211102550927978
TG1119,385,124,360,121,TG,6.6524765330129965,25.179356624028344
GG259,416,100,412,106,GG,6.030472575824156,7.211102550927978
TS306,198,350,188,340,TS,6.774120486405739,14.142135623730951
TS26,185,406,195,409,TS,4.8493533975170156,10.44030650891055
GSD133,288,296,292,296,GSD,6.674902264350138,4.0
GG258,216,488,216,485,GG,5.861524080953075,3.0
GSD133,306,297,311,298,GSD,5.801204855866516,5.0990195135927845
GSD175,522,150,522,152,GSD,4.072697076336776,2.0
TG136,277,170,243,162,TG,7.742076098166596,34.92849839314596
TS285,244,439,254,440,TS,5.053848438643696,10.04987562112089
GG82,302,270,298,280,GG,6.407240225418734,10.770329614269007
TS779,387,123,389,130,TS,4.65401571780939,7.280109889280518
GG395,456,183,463,188,GG,5.655921590313034,8.602325267042627
TG814,329,183,321,173,TG,5.795738486734829,12.806248474865697
TG1033,166,405,189,408,TG,3.9878779775578588,23.194827009486403
GSD160,368,130,372,128,GSD,6.755095904859466,4.47213595499958
TG573,274,355,276,383,TG,6.015877417612646,28.071337695236398
GG467,254,150,258,156,GG,6.952256489102382,7.211102550927978
GG576,322,203,336,199,GG,7.017963243184667,14.560219778561036
GG238,236,249,238,257,GG,6.818604617974147,8.246211251235321
GSD310,335,242,335,239,GSD,5.68496933269968,3.0
TG753,405,107,386,125,TG,6.008285189968042,26.1725046566048
TG1192,132,224,113,243,TG,5.723313736667291,26.870057685088806
TS262,271,166,264,159,TS,5.0086015479895005,9.899494936611665
GG131,308,244,307,255,GG,6.489283853491844,11.045361017187261
GG266,514,173,501,176,GG,7.517387175160855,13.341664064126334
TS783,372,221,357,219,TS,5.237808331500183,15.132745950421556
TG1093,397,151,417,155,TG,5.976530632431343,20.396078054371138
TG858,386,273,395,247,TG,5.659354299219595,27.51363298439521
TS682,81,394,81,381,TS,6.768196608062464,13.0
GG187,353,142,351,134,GG,4.913871858781258,8.246211251235321
GSD213,287,133,287,137,GSD,6.0982601643638965,4.0
GSD214,424,95,430,95,GSD,5.894052400023034,6.0
TG493,153,362,174,356,TG,5.277047658563422,21.840329667841555
TS143,68,391,68,407,TS,8.942784719793298,16.0
TS19,496,90,487,91,TS,5.307831116580096,9.055385138137417
GSD163,153,296,153,301,GSD,6.070294851548704,5.0
TG674,278,404,276,375,TG,6.191833867393162,29.068883707497267
GG204,263,502,264,499,GG,4.827869547892101,3.1622776601683795
TS114,388,132,391,146,TS,6.743597550475517,14.317821063276353
TG1174,404,153,383,134,TG,6.139477913779907,28.319604517012593
GSD4,441,54,439,55,GSD,6.011505123590247,2.23606797749979
TG551,159,405,183,407,TG,5.963584520227021,24.08318915758459
TS659,390,197,399,209,TS,7.33386209952446,15.0
TS774,269,163,273,163,TS,3.855549402681077,4.0
GSD186,351,93,356,90,GSD,6.25481004569817,5.830951894845301
GSD289,339,306,338,309,GSD,6.530988933080239,3.1622776601683795
GSD386,246,151,245,155,GSD,5.889222476542386,4.123105625617661
TS584,222,168,212,172,TS,6.617836050654775,10.770329614269007
GSD311,146,405,151,404,GSD,5.722898755450828,5.0990195135927845
TG535,408,219,422,200,TG,5.667658277516425,23.600847442411894
TS449,380,137,376,133,TS,3.51695018327778,5.656854249492381
GSD376,183,371,190,369,GSD,7.325933640635144,7.280109889280518
GG109,388,158,392,150,GG,6.305386385818501,8.94427190999916
GSD40,181,284,180,285,GSD,5.263002322515792,1.4142135623730951
GG536,353,143,355,144,GG,5.933197762642648,2.23606797749979
TS28,346,218,358,219,TS,5.846068210900431,12.041594578792296
TG392,281,318,297,324,TG,4.337267435525465,17.08800749063506
GG315,196,408,194,396,GG,5.566570071665184,12.165525060596439
GSD72,229,380,233,385,GSD,6.710964867440428,6.4031242374328485
GG547,363,142,354,145,GG,5.287192701948454,9.486832980505138
TG764,353,121,320,126,TG,6.444349338588278,33.37663853655727
TS730,161,405,148,403,TS,7.043406028140732,13.152946437965905
TG461,339,324,367,316,TG,7.140037498066161,29.120439557122072
TG268,386,274,390,255,TG,5.47386686176158,19.4164878389476
TG576,307,172,316,170,TG,6.126787589085085,9.219544457292887
TS413,198,350,196,350,TS,6.039128907890519,2.0
GG276,346,220,354,223,GG,5.795635730165748,8.54400374531753
TS500,243,177,240,168,TS,7.131113790773044,9.486832980505138
GSD262,526,159,526,161,GSD,5.686078799281949,2.0
GG422,321,207,326,214,GG,6.532774861289633,8.602325267042627
TS374,410,214,413,210,TS,4.961665810303986,5.0
GSD337,161,428,158,429,GSD,4.86065861660353,3.1622776601683795
GSD251,274,116,273,114,GSD,6.8446398382827205,2.23606797749979
TS83,272,169,279,172,TS,4.89422512322655,7.615773105863909
GG61,426,178,432,180,GG,4.034101332918791,6.324555320336759
TG879,269,424,277,407,TG,4.883260550847693,18.788294228055936
GG51,124,372,126,364,GG,5.61637071169152,8.246211251235321
GG131,307,255,304,263,GG,6.409965754853651,8.54400374531753
TG548,301,175,324,165,TG,6.743517025261941,25.079872407968907
GG405,434,108,428,106,GG,5.205466149443955,6.324555320336759
TS106,222,161,217,156,TS,6.4066930420717725,7.0710678118654755
GG175,358,314,360,303,GG,7.299015830527386,11.180339887498949
GG289,431,174,431,170,GG,3.9578904886700217,4.0
TS56,140,402,133,399,TS,3.8919588563428604,7.615773105863909
GSD129,274,388,273,388,GSD,5.460455472714193,1.0
GG59,383,172,377,178,GG,5.213838029636388,8.48528137423857
TG138,226,346,256,341,TG,6.204783020733578,30.4138126514911
TG26,407,224,400,242,TG,5.457407467757547,19.313207915827967
GG227,288,316,279,316,GG,4.97141760788922,9.0
GG269,329,183,336,177,GG,5.107166798319145,9.219544457292887
GG112,179,308,178,316,GG,4.7120164388136985,8.06225774829855
GG760,308,94,302,100,GG,5.947277442790881,8.48528137423857
GG444,306,164,297,158,GG,7.615101074910264,10.816653826391969
GSD198,258,204,259,200,GSD,6.788771108468185,4.123105625617661
TS602,408,154,417,155,TS,5.617077014917067,9.055385138137417
TG930,211,346,180,356,TG,6.523623314547045,32.57299494980466
TS616,404,229,408,221,TS,5.756265326448279,8.94427190999916
GG136,410,142,415,143,GG,5.48663437402028,5.0990195135927845
TS749,116,396,124,398,TS,5.81777108701711,8.246211251235321
TG80,367,314,350,322,TG,5.901081444073546,18.788294228055936
GG389,325,106,332,114,GG,5.333780849215906,10.63014581273465
GG189,380,41,384,41,GG,5.97071849653095,4.0
TS405,223,168,214,170,TS,5.418440023615562,9.219544457292887
GSD248,442,184,436,183,GSD,6.96354793505014,6.082762530298219
TS446,389,126,389,134,TS,4.916724011438311,8.0
GSD84,294,411,298,407,GSD,8.369432222123706,5.656854249492381
TG35,303,174,326,173,TG,7.2838339873691,23.021728866442675
GG744,484,162,494,162,GG,4.081798372904192,10.0
TG877,287,172,266,159,TG,5.202779228370608,24.698178070456937
TS430,511,181,518,179,TS,5.246160842199615,7.280109889280518
GSD202,194,411,192,413,GSD,4.960899466591748,2.8284271247461903
GSD26,422,182,428,181,GSD,6.868428057657084,6.082762530298219
GSD12,304,366,300,361,GSD,7.0493418890420045,6.4031242374328485
GG681,334,200,343,199,GG,7.375483084844925,9.055385138137417
GG98,272,87,271,95,GG,8.77831315384715,8.06225774829855
GG524,262,188,271,191,GG,7.096995148752002,9.486832980505138
GSD383,326,144,325,141,GSD,5.540738857190881,3.1622776601683795
GG162,326,189,324,199,GG,8.016381293846356,10.198039027185569
GSD276,468,158,471,158,GSD,6.390374775068821,3.0
GSD96,383,270,384,275,GSD,5.45803526893819,5.0990195135927845
GG29,413,147,419,143,GG,7.013024149846401,7.211102550927978
TG425,485,111,470,126,TG,4.916475711556852,21.213203435596427
TS781,99,288,102,277,TS,6.747037451507186,11.40175425099138
GG523,419,74,413,82,GG,6.850157308904236,10.0
TG273,281,311,273,326,TG,5.564587369756829,17.0
GSD365,420,254,421,249,GSD,5.517625005030936,5.0990195135927845
TG215,271,351,275,373,TG,5.5596315455391245,22.360679774997898
TG529,354,139,365,134,TG,3.4598546067125064,12.083045973594572
GG45,222,201,215,202,GG,5.981882373613416,7.0710678118654755
GSD233,326,317,327,319,GSD,6.975040747135889,2.23606797749979
GG213,411,106,415,113,GG,6.160093440173978,8.06225774829855
GG559,525,159,519,162,GG,5.767156816374886,6.708203932499369
TG893,182,183,167,195,TG,4.290544188200343,19.209372712298546
TS252,315,214,315,227,TS,6.071782962558198,13.0
TS742,165,407,170,410,TS,6.199218735523695,5.830951894845301
GSD299,378,301,372,305,GSD,6.985861676551238,7.211102550927978
TG74,276,319,266,343,TG,6.105562918594666,26.0
GSD19,335,114,338,118,GSD,7.301108183679606,5.0
TS186,405,227,407,222,TS,5.77419904838135,5.385164807134504
TS14,174,409,162,406,TS,6.644893650743283,12.36931687685298
GG246,459,155,459,138,GG,7.119047856228562,17.0
TS482,215,170,226,166,TS,6.722212380047692,11.704699910719626
TG340,272,328,271,354,TG,6.922037605180238,26.019223662515376
GG465,261,125,255,129,GG,4.832414736645259,7.211102550927978
GSD358,446,129,444,131,GSD,6.674624520633278,2.8284271247461903
GG48,480,89,479,94,GG,5.902166858418543,5.0990195135927845
TS446,385,142,388,131,TS,7.274420952133941,11.40175425099138
TS122,236,171,243,172,TS,6.93989720196025,7.0710678118654755
GSD354,348,89,350,92,GSD,5.208170679698488,3.605551275463989
GSD59,484,197,483,192,GSD,8.386114146371867,5.0990195135927845
GG231,240,277,243,285,GG,6.0232603337552675,8.54400374531753
GG324,222,200,233,198,GG,5.983225450329595,11.180339887498949
TS433,90,403,91,394,TS,5.177717006357718,9.055385138137417
GG744,476,162,484,162,GG,5.136617086177349,8.0
GG647,346,184,336,175,GG,8.498156448419753,13.45362404707371
GG548,381,186,383,177,GG,5.859116491757938,9.219544457292887
TG1062,400,110,380,124,TG,5.919631792772151,24.413111231467404
GG525,302,159,294,158,GG,5.491514592831869,8.06225774829855
GG221,323,161,311,161,GG,6.278757946593889,12.0
TG874,276,388,274,363,TG,6.052853469957645,25.079872407968907
TG575,240,344,266,340,TG,5.8606106069368025,26.30589287593181
TS733,171,227,178,216,TS,6.532529438586216,13.038404810405298
GG796,449,124,442,112,GG,7.131658294895023,13.892443989449804
GG612,387,41,379,42,GG,5.195487466476286,8.06225774829855
GG618,265,138,271,130,GG,5.899046564141907,10.0
TS347,267,133,258,146,TS,6.105024159797242,15.811388300841896
TS715,430,100,420,107,TS,6.760245719032657,12.206555615733702
GSD281,344,348,347,350,GSD,6.512181043134319,3.605551275463989
GSD61,361,270,363,278,GSD,6.000277055774237,8.246211251235321
GSD372,317,93,318,95,GSD,5.166056626995557,2.23606797749979
GSD119,323,424,320,419,GSD,6.278772668799862,5.830951894845301
TS23,170,405,166,406,TS,6.306708990297402,4.123105625617661
TG673,157,404,184,407,TG,5.933475013773939,27.16615541441225
TS475,362,321,356,323,TS,4.138826816284698,6.324555320336759
GG735,334,86,345,84,GG,7.5268639907554995,11.180339887498949
GSD308,403,250,407,249,GSD,4.999478691120178,4.123105625617661
GG549,306,137,310,131,GG,4.765355459968447,7.211102550927978
TS393,241,166,238,164,TS,6.638944716584987,3.605551275463989
TG61,218,155,234,133,TG,7.271420487472204,27.202941017470888
GSD2,335,331,334,333,GSD,4.918018128921055,2.23606797749979
TG584,421,92,401,112,TG,7.316462870635883,28.284271247461902
GSD339,451,225,451,221,GSD,4.761546083845484,4.0
TG252,405,225,394,249,TG,7.49293231998862,26.40075756488817
TG1195,261,142,274,125,TG,6.228578023162681,21.400934559032695
TG819,324,155,320,166,TG,4.471319730328259,11.704699910719626
TS465,402,111,395,117,TS,4.1693361701549705,9.219544457292887
TG152,399,114,382,125,TG,5.954720091997813,20.248456731316587
TS306,212,346,198,350,TS,7.441954856427229,14.560219778561036
GG129,181,348,189,356,GG,6.766635344223925,11.313708498984761
TG918,318,168,303,176,TG,4.79852335486945,17.0
TG963,269,424,280,397,TG,6.349376753849201,29.154759474226502
TS666,164,359,153,362,TS,6.270637991648439,11.40175425099138
TG768,333,172,311,175,TG,5.162978726037377,22.20360331117452
GSD136,435,54,442,54,GSD,7.02873162210515,7.0
GG318,424,74,434,79,GG,6.240686651452855,11.180339887498949
TS496,498,160,510,157,TS,5.4635751495680935,12.36931687685298
GG639,254,152,252,149,GG,4.952652911253939,3.605551275463989
GG445,420,103,415,103,GG,4.933885679763745,5.0
GSD353,297,337,291,340,GSD,6.455705065496566,6.708203932499369
GG215,372,128,376,132,GG,4.061475122260137,5.656854249492381
TS496,432,186,438,179,TS,6.1840719362897865,9.219544457292887
GG31,461,186,464,189,GG,5.018802162446274,4.242640687119285
GSD350,316,85,318,81,GSD,6.920520398056087,4.47213595499958
TS593,248,343,257,341,TS,4.862676061657217,9.219544457292887
TG900,335,150,319,167,TG,6.693497024907083,23.345235059857504
GG408,405,237,401,247,GG,4.405984937848892,10.770329614269007
TG748,274,168,250,161,TG,5.91407107338532,25.0
GSD204,432,50,435,49,GSD,5.739524470648801,3.1622776601683795
GSD279,530,175,528,175,GSD,5.746338953595073,2.0
GG504,253,116,247,115,GG,6.317296198176216,6.082762530298219
GG185,454,123,452,126,GG,5.247484461247655,3.605551275463989
GSD282,444,231,440,233,GSD,7.557589602441546,4.47213595499958
GSD358,444,131,449,135,GSD,6.241708885939127,6.4031242374328485
TG393,251,159,271,169,TG,5.827703299107158,22.360679774997898
TG39,403,108,426,90,TG,6.623350746684633,29.206163733020468
TG329,185,356,163,360,TG,4.892006230362563,22.360679774997898
TS699,372,308,364,316,TS,6.449978014805779,11.313708498984761
TG922,92,393,91,376,TG,4.652203801771884,17.029386365926403
GG781,320,123,327,122,GG,5.3141207470322165,7.0710678118654755
TS453,163,405,176,406,TS,5.5140573086692815,13.038404810405298
GG265,292,204,286,206,GG,6.255764605037681,6.324555320336759
GG319,398,308,406,307,GG,4.913099777618069,8.06225774829855
GG344,453,89,449,96,GG,5.5950621965080405,8.06225774829855
TS512,190,414,178,412,TS,5.277388010219373,12.165525060596439
GSD150,416,181,420,184,GSD,6.400705898099652,5.0
TG934,339,324,318,331,TG,4.777498348802141,22.135943621178654
TG275,323,330,305,328,TG,5.187994903667514,18.110770276274835
GG403,405,217,394,217,GG,5.743985863786278,11.0
GG798,243,148,250,147,GG,5.698282243026595,7.0710678118654755
GG198,266,434,270,441,GG,5.785492730846501,8.06225774829855
GSD360,226,374,228,379,GSD,7.197662709778193,5.385164807134504
GG613,256,483,253,472,GG,6.924636367289263,11.40175425099138
GSD185,320,162,317,163,GSD,6.507034913426459,3.1622776601683795
GG388,473,163,465,161,GG,6.312019224536797,8.246211251235321
TS434,254,191,246,182,TS,6.628288946388164,12.041594578792296
TG1175,479,104,478,119,TG,4.934826918580843,15.033296378372908
GSD4,435,51,434,47,GSD,4.813213090213338,4.123105625617661
GSD207,359,298,356,297,GSD,6.414165999752746,3.1622776601683795
TG619,152,403,129,397,TG,6.33328267353544,23.769728648009426
GG242,368,223,378,221,GG,6.343959193805873,10.198039027185569
TG122,430,100,435,92,TG,5.892094944385757,9.433981132056603
GG533,393,150,387,160,GG,8.260930080816403,11.661903789690601
GSD16,490,90,486,88,GSD,5.654372083911831,4.47213595499958
GG339,299,193,297,200,GG,6.476990968176624,7.280109889280518
TG650,324,157,325,163,TG,6.147831472420327,6.082762530298219
GSD96,382,280,382,283,GSD,5.285685146201118,3.0
GG298,453,60,450,67,GG,5.855963205491705,7.615773105863909
GSD205,337,233,336,242,GSD,7.231528315408589,9.055385138137417
GG53,148,465,154,469,GG,5.847126693372927,7.211102550927978
GSD173,441,54,439,54,GSD,6.660864430117135,2.0
TG62,315,332,339,323,TG,6.122544055067546,25.632011235952593
GG509,367,52,367,47,GG,5.0893011242322626,5.0
TG69,211,346,189,355,TG,6.4566265755133605,23.769728648009426
GSD260,407,127,408,126,GSD,6.562033529641893,1.4142135623730951
TS3,75,394,85,401,TS,6.652955820362632,12.206555615733702
GSD55,461,92,459,94,GSD,4.697642819121151,2.8284271247461903
GG308,253,227,250,233,GG,4.953660600418206,6.708203932499369
GG624,292,123,300,124,GG,6.739435625388656,8.06225774829855
TS249,392,129,402,126,TS,5.064069707272118,10.44030650891055
GSD379,265,223,265,227,GSD,6.255214565963602,4.0
TS778,243,173,238,167,TS,4.976509165341163,7.810249675906654
TG1090,447,129,430,139,TG,4.7248227236864775,19.72308292331602
GSD291,148,326,149,331,GSD,6.441573161646417,5.0990195135927845
GG714,452,127,459,127,GG,5.46134157815827,7.0
GSD136,444,54,447,55,GSD,5.345179643374699,3.1622776601683795
TG29,285,170,302,174,TG,5.570751160213557,17.46424919657298
GSD72,265,381,268,379,GSD,5.535871392774496,3.605551275463989
TS318,381,272,382,287,TS,6.13125291518708,15.033296378372908
GSD259,522,150,520,148,GSD,6.9308128637004955,2.8284271247461903
TS760,46,351,52,345,TS,4.670281777249609,8.48528137423857
GSD83,317,90,318,87,GSD,6.409858969662309,3.1622776601683795
TS224,48,358,51,366,TS,5.277541133244518,8.54400374531753
TG274,419,94,437,92,TG,6.265314760094014,18.110770276274835
TS696,475,94,483,93,TS,4.420829200645985,8.06225774829855
GSD15,341,322,345,321,GSD,5.843595314184839,4.123105625617661
GSD54,270,84,273,86,GSD,6.274948717442637,3.605551275463989
TG62,339,323,363,317,TG,5.32645127808506,24.73863375370596
TS270,454,167,464,163,TS,5.243491811548826,10.770329614269007
TG701,361,121,321,125,TG,7.288058962698783,40.19950248448356
TG595,413,100,431,91,TG,5.632385186746188,20.12461179749811
TS430,444,223,452,223,TS,3.6942295104938054,8.0
GG448,299,196,299,200,GG,5.303086856160633,4.0
GG239,284,316,292,316,GG,4.935632861627457,8.0
GSD242,443,222,444,227,GSD,6.495068973804139,5.0990195135927845
TG299,264,167,283,171,TG,4.733606262314475,19.4164878389476
TS125,372,114,367,112,TS,4.632483262812219,5.385164807134504
TS400,143,242,153,238,TS,4.5778120612759245,10.770329614269007
TS62,384,123,387,124,TS,4.337369223493967,3.1622776601683795
GG367,342,310,349,308,GG,6.369331645206921,7.280109889280518
GSD280,334,353,330,354,GSD,6.2134358848976134,4.123105625617661
GSD396,396,322,399,320,GSD,6.491980400046799,3.605551275463989
TS283,121,231,133,224,TS,5.234050889186802,13.892443989449804
GG313,301,183,303,177,GG,5.1444535965224745,6.324555320336759
GG683,305,264,301,271,GG,5.907853864170296,8.06225774829855
TS469,90,407,89,402,TS,6.374297688572051,5.0990195135927845
TS552,313,207,317,194,TS,6.856842282578804,13.601470508735444
GG410,148,465,160,469,GG,7.955180229341163,12.649110640673518
GSD309,500,179,492,177,GSD,7.393307091459977,8.246211251235321
GG445,403,114,396,123,GG,8.289943257060056,11.40175425099138
TG1038,438,97,419,108,TG,4.232452388575008,21.95449840010015
TS205,187,407,176,406,TS,5.3708205735615895,11.045361017187261
TG713,245,144,269,162,TG,6.201229949263422,30.0
TG422,117,370,98,383,TG,5.023769584295033,23.021728866442675
TG632,372,129,353,121,TG,6.349750480928363,20.615528128088304
GSD11,500,79,498,77,GSD,4.414972494480088,2.8284271247461903
TS365,244,163,246,162,TS,3.0926280834545308,2.23606797749979
GG139,398,121,397,129,GG,7.103570486410529,8.06225774829855
TS487,497,90,490,92,TS,4.39292362299574,7.280109889280518
GG121,264,159,270,159,GG,3.6743893856241368,6.0
TG861,372,308,385,290,TG,5.168481576451146,22.20360331117452
GSD291,149,317,148,326,GSD,7.681131857943651,9.055385138137417
GG479,301,184,300,192,GG,5.155984559153984,8.06225774829855
GG738,462,95,469,94,GG,5.145316439520147,7.0710678118654755
TG1197,420,93,451,98,TG,7.306944879216727,31.400636936215164
TS185,295,417,303,411,TS,4.5930566769483505,10.0
TG394,356,322,333,324,TG,6.420008068174475,23.08679276123039
TS428,305,176,319,168,TS,6.871904109235007,16.1245154965971
GG352,255,150,247,148,GG,5.333668655472053,8.246211251235321
GSD215,187,312,187,316,GSD,5.847731602526003,4.0
GSD361,282,327,284,329,GSD,5.498513708586378,2.8284271247461903
TS599,249,147,259,148,TS,4.595023901475731,10.04987562112089
GSD111,52,448,53,449,GSD,5.7721310325581,1.4142135623730951
TG830,399,112,408,104,TG,4.051814145095971,12.041594578792296
GG6,294,415,284,418,GG,7.222706430742903,10.44030650891055
TS390,92,317,95,308,TS,4.975432975947508,9.486832980505138
TS75,279,398,278,404,TS,3.4335655530023246,6.082762530298219
TS503,286,190,276,188,TS,6.096087044709514,10.198039027185569
GG795,440,111,447,120,GG,6.621413934824595,11.40175425099138
TS475,354,335,349,345,TS,5.113739251359327,11.180339887498949
TG794,271,147,302,136,TG,7.00017214842952,32.89376840679705
GG763,240,177,235,169,GG,6.580059953367446,9.433981132056603
TS463,132,244,122,245,TS,5.220230397566173,10.04987562112089
TS543,258,433,260,443,TS,5.8680775959738725,10.198039027185569
TS717,202,349,195,347,TS,5.137619398321906,7.280109889280518
GG26,352,132,355,126,GG,4.505912317494424,6.708203932499369
TS362,130,398,123,397,TS,5.131372930186139,7.0710678118654755
TG640,354,139,374,128,TG,4.726071222545911,22.825424421026653
GG776,444,80,435,79,GG,5.415918043713134,9.055385138137417
GG739,388,158,392,149,GG,6.085700106401236,9.848857801796104
GSD289,328,324,328,322,GSD,5.89724399415968,2.0
GSD359,347,178,349,172,GSD,6.887927557166698,6.324555320336759
TG857,306,259,300,277,TG,5.361520064869795,18.973665961010276
TS405,214,170,206,178,TS,5.3885293643365815,11.313708498984761
GG425,314,161,306,161,GG,4.3218166148040815,8.0
GSD74,347,235,346,238,GSD,4.073484126017235,3.1622776601683795
TS537,405,107,396,117,TS,6.64484857595586,13.45362404707371
TG413,216,158,197,172,TG,5.816587431853733,23.600847442411894
GG727,439,79,434,80,GG,5.221069760248945,5.0990195135927845
GG704,424,154,422,141,GG,7.746668683235484,13.152946437965905
GSD115,331,353,329,358,GSD,7.894828146451527,5.385164807134504
GSD253,462,225,456,225,GSD,6.06373697450563,6.0
GSD377,292,335,296,338,GSD,6.86637581149801,5.0
GSD25,469,160,472,160,GSD,3.7801467995454914,3.0
TS85,491,160,482,161,TS,4.932522272178028,9.055385138137417
GSD333,342,281,348,281,GSD,6.277529975486516,6.0
GSD330,343,355,336,354,GSD,6.384235963881949,7.0710678118654755
TS303,332,87,314,90,TS,7.214521682000029,18.24828759089466
GSD272,288,224,290,227,GSD,5.524458567485303,3.605551275463989
GSD178,268,122,268,119,GSD,6.97259858872912,3.0
GG586,415,77,411,84,GG,4.379506982859077,8.06225774829855
TG661,442,94,421,92,TG,5.89873153440435,21.095023109728988
TG492,267,337,280,318,TG,5.289945358236554,23.021728866442675
TG262,234,167,223,151,TG,7.465906811590442,19.4164878389476
TS171,390,121,390,130,TS,6.784886276774083,9.0
GSD269,103,396,109,398,GSD,7.2298056239547535,6.324555320336759
TG866,354,139,328,153,TG,6.796043610114819,29.5296461204668
GSD242,447,232,450,231,GSD,5.638673934687596,3.1622776601683795
GG473,171,462,171,471,GG,5.3245794381840845,9.0
TG517,429,145,448,131,TG,5.609572606025308,23.600847442411894
GG751,196,382,197,371,GG,5.76906762552597,11.045361017187261
TG459,302,264,298,281,TG,4.015466742316312,17.46424919657298
TG801,294,290,299,279,TG,3.065203375994148,12.083045973594572
GSD69,327,173,328,172,GSD,5.190811903369504,1.4142135623730951
GG629,256,128,261,123,GG,4.759710664966859,7.0710678118654755
TS143,51,367,56,373,TS,3.597948487028752,7.810249675906654
TG955,460,95,445,97,TG,4.884711151298108,15.132745950421556
TS340,245,162,241,168,TS,7.215926683108746,7.211102550927978
GG151,293,122,283,121,GG,7.16126622163039,10.04987562112089
GG147,269,406,270,411,GG,4.2617034795920645,5.0990195135927845
GSD268,474,204,469,205,GSD,5.668812031117911,5.0990195135927845
TG1157,231,130,234,144,TG,6.007563169518734,14.317821063276353
GSD277,425,126,429,124,GSD,6.24577666650433,4.47213595499958
GSD333,343,321,347,321,GSD,5.772996344766341,4.0
TG241,252,343,268,338,TG,4.740588099278893,16.76305461424021
GSD195,466,103,464,103,GSD,6.685395639076948,2.0
TS736,68,341,60,338,TS,4.866347131603028,8.54400374531753
GSD56,338,82,337,79,GSD,5.620686168266123,3.1622776601683795
GSD67,274,335,275,340,GSD,6.582885165690826,5.0990195135927845
TG660,340,147,324,157,TG,5.358752396296451,18.867962264113206
GG343,275,185,286,186,GG,5.865500225589065,11.045361017187261
GG131,314,233,308,244,GG,6.603912210759817,12.529964086141668
TG65,237,143,220,154,TG,6.919183882798542,20.248456731316587
GG622,170,465,174,469,GG,4.915117174194075,5.656854249492381
GSD214,420,92,424,92,GSD,5.211256232257018,4.0
GSD320,236,375,234,377,GSD,5.080040467850246,2.8284271247461903
GSD47,232,384,229,380,GSD,5.8954219793576215,5.0
GG580,248,192,246,201,GG,4.130537591438763,9.219544457292887
GG62,295,415,300,409,GG,5.3180486402013365,7.810249675906654
GG12,355,356,349,364,GG,6.997027643661569,10.0
GG298,480,76,475,71,GG,4.943732321043456,7.0710678118654755
TG91,234,167,210,163,TG,6.406429771260401,24.331050121192877
GSD112,460,201,454,203,GSD,6.781294987227401,6.324555320336759
GSD132,374,139,374,143,GSD,5.427155071991194,4.0
TG551,139,400,159,405,TG,4.663388803182719,20.615528128088304
GG638,172,451,170,460,GG,5.063605379904154,9.219544457292887
GSD235,326,173,329,170,GSD,6.9443688831432855,4.242640687119285
GG356,450,123,442,115,GG,7.32530137316569,11.313708498984761
TS196,284,320,278,317,TS,4.726928199667226,6.708203932499369
TG913,435,183,431,164,TG,5.416532998424841,19.4164878389476
TG483,275,388,275,364,TG,5.365176594080459,24.0
TG756,231,130,238,142,TG,5.403144741652611,13.892443989449804
TG852,422,91,441,95,TG,4.762315662443058,19.4164878389476
GG113,247,199,240,199,GG,5.557913440205146,7.0
GG64,454,105,451,110,GG,5.026538008689641,5.830951894845301
TG262,248,160,234,167,TG,4.868683380923877,15.652475842498529
GG330,327,185,323,192,GG,4.864288725155857,8.06225774829855
GG292,466,81,476,82,GG,6.044518712304711,10.04987562112089
TS385,416,219,413,214,TS,6.264889903211957,5.830951894845301
TS261,352,325,361,321,TS,5.364919510694104,9.848857801796104
GG225,440,177,434,179,GG,4.808238713657016,6.324555320336759
TG740,372,129,353,140,TG,6.928390204372958,21.95449840010015
GSD224,448,134,444,131,GSD,6.441558194696206,5.0
TS151,388,124,394,129,TS,4.544541580462525,7.810249675906654
GSD300,302,295,302,296,GSD,4.515315172073912,1.0
GSD333,341,298,336,298,GSD,7.059259748195359,5.0
TS199,48,357,45,350,TS,4.791503462663844,7.615773105863909
GSD133,292,296,293,293,GSD,5.229015192714471,3.1622776601683795
GG737,414,219,416,214,GG,4.133105014597287,5.385164807134504
TS261,342,324,352,325,TS,5.570056574389837,10.04987562112089
GG92,296,192,289,187,GG,6.101438249142214,8.602325267042627
GG97,478,92,472,92,GG,5.601742541631494,6.0
TS674,54,344,67,339,TS,6.520247939186885,13.92838827718412
TS436,450,97,461,96,TS,7.834621532101956,11.045361017187261
TS138,315,205,318,191,TS,7.57101198831973,14.317821063276353
GSD363,255,322,254,318,GSD,5.060400214655523,4.123105625617661
GSD276,451,178,452,172,GSD,7.607023848496301,6.082762530298219
TG681,276,171,256,163,TG,5.288383826102873,21.540659228538015
TG265,271,351,276,382,TG,7.5310434631172996,31.400636936215164
GSD374,391,112,389,112,GSD,4.705490434567185,2.0
GSD134,423,280,427,276,GSD,5.005764798530844,5.656854249492381
GG504,240,110,233,106,GG,6.396841605708548,8.06225774829855
TG1060,287,144,307,132,TG,6.279608041455376,23.323807579381203
TG861,385,290,386,267,TG,5.279048705368268,23.021728866442675
GSD148,480,201,481,201,GSD,6.443839816083564,1.0
GG126,431,172,430,179,GG,5.247083827054643,7.0710678118654755
GG255,304,207,317,210,GG,7.355025477716156,13.341664064126334
GG330,325,197,323,201,GG,5.674420549394421,4.47213595499958
GG277,264,341,266,344,GG,4.246372459261373,3.605551275463989
GSD58,318,96,319,99,GSD,6.201709586365574,3.1622776601683795
TG808,385,124,366,124,TG,5.328552591012311,19.0
GG621,467,162,477,163,GG,7.214313782721577,10.04987562112089
GSD168,350,201,347,195,GSD,5.836493791906393,6.708203932499369
TS136,108,395,91,393,TS,8.043322819931213,17.11724276862369
GSD258,399,218,395,217,GSD,4.345745124046765,4.123105625617661
GG104,363,293,360,282,GG,6.678185655697333,11.40175425099138
GG437,427,107,420,103,GG,5.084435834227447,8.06225774829855
GG28,213,188,214,196,GG,6.217370774371421,8.06225774829855
TS307,212,425,219,427,TS,5.924753422596421,7.280109889280518
TS64,85,389,92,394,TS,3.829532116080806,8.602325267042627
TG833,91,327,95,310,TG,4.818882519231606,17.46424919657298
GSD84,289,412,293,412,GSD,5.761941848225369,4.0
TG363,362,136,379,126,TG,5.443415553928086,19.72308292331602
TS104,255,167,254,161,TS,5.425533740280869,6.082762530298219
GG538,262,79,267,83,GG,5.686920969124211,6.4031242374328485
GSD229,322,356,321,351,GSD,5.578751161014225,5.0990195135927845
TG819,320,166,303,173,TG,6.035854001494878,18.384776310850235
TS565,248,160,253,163,TS,4.322963725455306,5.830951894845301
TG1068,302,267,293,295,TG,6.199221232172532,29.410882339705484
GG709,262,186,267,187,GG,4.025767379617468,5.0990195135927845
GG133,437,60,436,74,GG,7.433934686568529,14.035668847618199
TG96,365,319,376,303,TG,4.7011078967003685,19.4164878389476
GSD281,331,352,326,349,GSD,5.904167002115251,5.830951894845301
TG365,404,107,387,123,TG,6.576727945647439,23.345235059857504
TG518,249,343,269,346,TG,5.277110059622093,20.223748416156685
GG122,433,164,426,157,GG,5.630950618437979,9.899494936611665
TG47,154,209,170,191,TG,5.916345963775036,24.08318915758459
GG272,304,159,295,159,GG,7.718001084108414,9.0
GSD326,395,119,393,121,GSD,8.08703292691217,2.8284271247461903
TS513,408,223,402,235,TS,6.785316791910029,13.416407864998739
GG133,432,96,437,103,GG,5.313263646562795,8.602325267042627
GSD355,154,391,152,396,GSD,4.200363379450395,5.385164807134504
GG248,492,162,484,162,GG,5.107592449874872,8.0
TG783,266,146,290,143,TG,6.113198413707915,24.186773244895647
GSD365,417,260,419,259,GSD,5.197235980136843,2.23606797749979
TS269,380,139,369,141,TS,6.558333081773032,11.180339887498949
GSD126,253,318,253,312,GSD,6.601785060107247,6.0
GG778,452,132,458,138,GG,6.659325593883843,8.48528137423857
GG131,304,263,302,267,GG,2.8381139661329122,4.47213595499958
TG1099,463,95,446,95,TG,5.989813714136991,17.0
GSD224,450,122,455,122,GSD,6.105540350307081,5.0
GG632,260,460,251,462,GG,6.059031762885667,9.219544457292887
TG307,271,351,276,383,TG,7.003528416416312,32.38826948140329
GSD149,187,411,189,407,GSD,5.894274790833611,4.47213595499958
GSD75,478,157,476,155,GSD,5.625576791611067,2.8284271247461903
GG518,455,128,458,139,GG,5.874239413809988,11.40175425099138
TS445,269,169,274,172,TS,6.3917747892425645,5.830951894845301
GG556,181,295,182,286,GG,4.549327951311078,9.055385138137417
GSD202,188,410,186,407,GSD,5.70989504353723,3.605551275463989
GSD98,347,400,353,405,GSD,7.549584934947217,7.810249675906654
GG298,452,95,461,93,GG,6.441360181337567,9.219544457292887
GSD184,374,217,376,218,GSD,4.555783936057658,2.23606797749979
TG183,429,145,431,166,TG,6.011367078670523,21.095023109728988
TG550,249,344,269,335,TG,5.6276249744918525,21.93171219946131
GSD160,355,133,358,135,GSD,5.140786403144968,3.605551275463989
TS24,421,154,430,154,TS,7.506460970199198,9.0
GG677,267,187,261,188,GG,3.350202365614539,6.082762530298219
TG59,408,104,431,91,TG,7.464027463001482,26.419689627245813
GSD25,477,161,482,162,GSD,5.209164225628882,5.0990195135927845
GG678,449,94,439,94,GG,6.702182999990174,10.0
GG434,412,154,410,159,GG,4.754137860008223,5.385164807134504
GG254,224,258,230,252,GG,5.770927281314863,8.48528137423857
GG3,195,399,196,409,GG,4.879513489202912,10.04987562112089
GG343,286,186,292,190,GG,5.2253765957518254,7.211102550927978
GSD78,302,78,298,78,GSD,4.99234311135254,4.0
GSD224,444,133,447,135,GSD,6.563936144504581,3.605551275463989
TS715,420,107,411,117,TS,6.476398276791459,13.45362404707371
TG947,225,150,245,145,TG,5.953267419768739,20.615528128088304
TG583,277,394,275,375,TG,5.473729581722771,19.1049731745428
GSD87,356,409,353,406,GSD,5.651047761999891,4.242640687119285
GG180,382,180,379,188,GG,6.015450813252432,8.54400374531753
GG653,340,219,350,222,GG,5.2721255136607095,10.44030650891055
GG54,475,69,466,66,GG,5.927932692027765,9.486832980505138
GG235,269,338,263,343,GG,5.346729652267879,7.810249675906654
TS562,232,133,237,138,TS,5.615087241348016,7.0710678118654755
GSD41,356,215,354,212,GSD,5.46697494365584,3.605551275463989
GG396,496,177,493,182,GG,4.0399580273085824,5.830951894845301
TG71,475,97,454,98,TG,5.388886325464748,21.02379604162864
TG1095,302,269,295,289,TG,5.846232985463409,21.18962010041709
GSD275,207,405,210,405,GSD,6.0899385688171215,3.0
TG663,482,115,464,127,TG,5.366239173026551,21.633307652783937
GSD259,524,177,526,172,GSD,7.66946995581478,5.385164807134504
TG43,465,94,478,93,TG,4.211199976677516,13.038404810405298
TS54,359,322,367,315,TS,6.987726666128507,10.63014581273465
GSD225,444,139,446,138,GSD,4.589111402214577,2.23606797749979
GSD313,450,214,449,211,GSD,5.315205833553669,3.1622776601683795
GSD232,326,396,329,400,GSD,6.578282017667577,5.0
TG588,339,324,318,332,TG,5.4199340700338725,22.47220505424423
GSD24,523,177,526,173,GSD,5.058420102724032,5.0
GSD280,328,337,332,334,GSD,6.755976824953137,5.0
TG58,405,107,386,124,TG,7.1308723884797445,25.495097567963924
TS259,149,240,135,244,TS,6.490293843785545,14.560219778561036
GSD158,193,409,187,409,GSD,7.458717692496125,6.0
GG247,370,211,371,204,GG,4.357148886935066,7.0710678118654755
GSD276,474,155,476,155,GSD,5.4936962877721385,2.0
TS149,165,407,172,406,TS,6.612203910224725,7.0710678118654755
TS591,80,394,73,396,TS,5.780338382200391,7.280109889280518
TG840,160,405,177,406,TG,3.5344540104394264,17.029386365926403
TS346,388,133,389,140,TS,4.993300220212337,7.0710678118654755
GSD323,393,149,397,146,GSD,5.848961654105167,5.0
GG754,374,223,365,224,GG,6.626527337928607,9.055385138137417
TG1046,202,170,214,158,TG,4.681295223410661,16.97056274847714
GG716,270,441,276,445,GG,5.484386956010459,7.211102550927978
TS271,419,94,426,91,TS,4.775019356945059,7.615773105863909
GG763,263,181,261,189,GG,4.5089286312960155,8.246211251235321
GG311,353,197,345,200,GG,6.075142335680703,8.54400374531753
GG543,195,401,195,391,GG,6.10002800871408,10.0
GG449,378,306,388,306,GG,7.070487025013286,10.0
GG497,323,212,310,207,GG,7.875882388890866,13.92838827718412
TS769,72,394,85,401,TS,7.661544335054767,14.7648230602334
GG450,355,199,358,205,GG,5.031553155543119,6.708203932499369
TS296,435,137,443,132,TS,5.3704875973955835,9.433981132056603
GG489,432,92,421,94,GG,6.348979988028276,11.180339887498949
GSD16,491,90,490,90,GSD,4.907391850111388,1.0
GG752,242,431,250,432,GG,6.930548678727051,8.06225774829855
GG644,471,162,482,163,GG,6.058027330441611,11.045361017187261
TG300,105,378,136,369,TG,7.364216981133451,32.28002478313795
TG1121,251,148,234,146,TG,6.7724633483625745,17.11724276862369
TS392,149,240,161,234,TS,6.753553169673221,13.416407864998739
GSD18,304,421,311,426,GSD,7.9225392416922755,8.602325267042627
GG17,353,148,351,139,GG,5.85942224820549,9.219544457292887
GSD286,223,390,225,393,GSD,7.330072396921697,3.605551275463989
GG400,443,113,449,121,GG,6.239870879829091,10.0
GG618,258,148,261,142,GG,5.988609574745836,6.708203932499369
TS254,83,393,91,400,TS,6.2810887271102,10.63014581273465
TG574,198,350,179,356,TG,4.92498807119938,19.924858845171276
GG284,269,402,269,408,GG,4.21995236960748,6.0
GSD62,432,88,431,82,GSD,5.3882299397549644,6.082762530298219
TS482,201,182,215,170,TS,7.617819976715992,18.439088914585774
GSD371,338,301,340,307,GSD,6.378846263765183,6.324555320336759
GSD42,186,358,188,358,GSD,6.110867220315065,2.0
GG415,236,145,235,134,GG,6.528380337117413,11.045361017187261
TS91,220,395,226,388,TS,5.28886711704882,9.219544457292887
TS94,442,93,444,96,TS,4.288932900733128,3.605551275463989
GG489,446,59,437,59,GG,4.921068417388898,9.0
GG142,300,192,301,194,GG,5.249410640062497,2.23606797749979
TG844,373,131,392,148,TG,6.963217440475586,25.495097567963924
GSD310,336,247,335,242,GSD,4.668256017947426,5.0990195135927845
GSD232,329,400,332,402,GSD,4.394243008824009,3.605551275463989
GG258,228,496,221,492,GG,6.834332906147724,8.06225774829855
GG133,432,85,432,96,GG,7.9342276917353125,11.0
TS335,217,170,205,176,TS,5.975057272933331,13.416407864998739
GSD322,465,157,464,159,GSD,4.698171473817549,2.23606797749979
GSD120,272,458,271,458,GSD,5.4234853812415516,1.0
TG142,274,358,268,338,TG,5.039546860927404,20.8806130178211
GSD26,431,182,434,179,GSD,7.156885267388496,4.242640687119285
GSD35,320,152,323,149,GSD,6.183997197057213,4.242640687119285
GG348,252,452,254,443,GG,5.405352907896789,9.219544457292887
GG789,90,443,94,439,GG,4.902780149862547,5.656854249492381
GSD346,189,361,188,361,GSD,5.064707984296145,1.0
TG240,247,342,219,347,TG,5.5738226860771185,28.442925306655784
TG237,151,403,182,408,TG,5.910062808600054,31.400636936215164
GSD226,304,435,299,438,GSD,6.737614299290286,5.830951894845301
GG137,252,467,253,461,GG,4.712589620173812,6.082762530298219
GG271,435,79,429,75,GG,6.911606878107281,7.211102550927978
GG165,346,220,355,223,GG,6.181498606708234,9.486832980505138
GG12,346,367,340,375,GG,4.532800032299029,10.0
TS427,499,89,509,88,TS,5.29138558607465,10.04987562112089
GSD145,248,351,245,355,GSD,6.56064746884854,5.0
GSD293,321,125,322,130,GSD,5.8275701437503935,5.0990195135927845
GG219,294,89,289,87,GG,5.069631626839467,5.385164807134504
GG8,220,334,212,339,GG,5.580235866727769,9.433981132056603
GG527,247,137,238,141,GG,6.430765047483704,9.848857801796104
GSD314,225,230,225,234,GSD,5.281916074321487,4.0
TS616,369,220,379,221,TS,4.647314858448435,10.04987562112089
GSD130,292,379,295,383,GSD,5.840111066887434,5.0
TG1079,318,173,337,178,TG,5.508650443198808,19.6468827043885
GSD163,153,311,151,309,GSD,6.306857312053232,2.8284271247461903
TG341,226,346,248,343,TG,4.563084391709412,22.20360331117452
GG336,263,186,253,187,GG,8.021102307751438,10.04987562112089
GSD71,253,137,254,133,GSD,4.971586725566604,4.123105625617661
TG474,298,105,306,97,TG,3.878875180824688,11.313708498984761
GSD274,313,127,308,124,GSD,6.0670541514802,5.830951894845301
GG459,379,102,386,100,GG,5.594261157353812,7.280109889280518
GSD66,376,297,374,297,GSD,4.480002601732004,2.0
TS569,439,96,431,100,TS,5.443560373541217,8.94427190999916
GSD131,270,120,270,117,GSD,6.163510753068039,3.0
GG146,265,222,255,223,GG,5.645401881330108,10.04987562112089
GSD156,546,150,547,148,GSD,5.257380102519782,2.23606797749979
GSD367,524,150,526,150,GSD,6.206058999630777,2.0
TG492,303,325,325,328,TG,6.729378382361087,22.20360331117452
GSD162,423,268,427,271,GSD,5.8872415064672925,5.0
GG192,385,219,393,216,GG,5.663010361550843,8.54400374531753
GSD261,381,257,380,254,GSD,6.59334294184238,3.1622776601683795
GG342,356,222,365,224,GG,5.375205061348765,9.219544457292887
TS592,486,211,489,199,TS,5.301492744428002,12.36931687685298
TG967,266,343,274,364,TG,5.561217766628371,22.47220505424423
TS682,68,410,68,403,TS,4.104048516047481,7.0
GG707,391,126,387,128,GG,4.279480816804426,4.47213595499958
GSD130,311,395,317,403,GSD,8.57962847849879,10.0
GSD10,30,438,30,435,GSD,7.2303754042487824,3.0
GG776,457,96,453,91,GG,5.248681461296993,6.4031242374328485
TG853,253,343,221,347,TG,7.441644771447689,32.2490309931942
TS415,264,189,254,189,TS,5.612069508933715,10.0
GG440,362,243,364,234,GG,5.431318887667733,9.219544457292887
GG341,366,111,364,105,GG,6.097613233922637,6.324555320336759
GG740,435,78,437,69,GG,6.257889587881575,9.219544457292887
TS601,117,370,124,371,TS,3.560504249330706,7.0710678118654755
TG1144,346,143,325,155,TG,6.242906451833199,24.186773244895647
TS232,354,139,347,143,TS,4.827391408363377,8.06225774829855
TG344,160,405,183,407,TG,5.332997798048688,23.08679276123039
GSD385,302,175,303,177,GSD,4.262798981395065,2.23606797749979
TG210,114,371,142,366,TG,6.898432496078038,28.442925306655784
GG641,306,82,308,95,GG,7.947179131483345,13.152946437965905
TS128,74,313,67,322,TS,6.528485660406237,11.40175425099138
TG411,430,100,452,98,TG,6.217669570565594,22.090722034374522
TS127,349,347,339,360,TS,6.268714866257866,16.401219466856727
TG419,203,349,184,356,TG,5.242526651513411,20.248456731316587
TS357,379,298,387,289,TS,6.563890112977833,12.041594578792296
TS547,317,168,323,164,TS,6.614643303349956,7.211102550927978
GG345,182,470,191,469,GG,6.222571338805082,9.055385138137417
GSD386,243,159,248,160,GSD,4.0848648362349,5.0990195135927845
GG432,426,92,433,92,GG,5.582426841780425,7.0
GSD59,483,192,483,185,GSD,5.885554955539561,7.0
TS678,141,400,151,403,TS,4.266315694692651,10.44030650891055
TS20,239,144,233,146,TS,5.254833580659241,6.324555320336759
GG744,525,158,529,153,GG,5.536614652295427,6.4031242374328485
GG311,345,200,335,199,GG,5.976954257031946,10.04987562112089
TG610,260,444,271,425,TG,7.034791102121567,21.95449840010015
GG446,353,129,355,122,GG,4.795677844640748,7.280109889280518
GG239,292,316,303,317,GG,5.455224828775528,11.045361017187261
TS229,389,126,388,132,TS,4.360554795224868,6.082762530298219
GG799,351,121,357,124,GG,5.403377380344361,6.708203932499369
TG576,316,170,342,152,TG,6.675944887072919,31.622776601683793
TG491,402,108,415,96,TG,5.610911140103669,17.69180601295413
TG815,464,126,443,132,TG,4.7446820288526075,21.840329667841555
GG625,91,396,92,405,GG,4.746332820321705,9.055385138137417
TS479,108,247,118,244,TS,6.93636575612702,10.44030650891055
TS442,192,406,196,410,TS,4.615013590833753,5.656854249492381
GG745,296,192,300,194,GG,5.993195499851378,4.47213595499958
TG1008,440,132,428,151,TG,5.352000141679784,22.47220505424423
TS614,91,377,89,364,TS,6.298873823185459,13.152946437965905
GSD171,424,268,427,270,GSD,6.004521214173658,3.605551275463989
TS796,494,182,504,183,TS,4.580092089008453,10.04987562112089
TG922,91,376,87,344,TG,6.222254814878469,32.2490309931942
TS403,437,179,431,190,TS,6.68379317943924,12.529964086141668
TS119,83,391,81,377,TS,6.361050036368452,14.142135623730951
GG717,322,209,318,220,GG,6.470865675478935,11.704699910719626
TG566,339,324,322,331,TG,4.909407957095655,18.384776310850235
GG762,272,94,278,88,GG,6.7682304659132555,8.48528137423857
TG349,377,302,386,275,TG,6.908683814395339,28.460498941515414
GSD18,298,418,300,419,GSD,5.519878850869366,2.23606797749979
TG389,482,92,479,104,TG,4.472623527072782,12.36931687685298
TS618,467,127,452,128,TS,5.620523087736747,15.033296378372908
GSD299,379,283,381,286,GSD,5.799091515226472,3.605551275463989
TS193,307,328,295,322,TS,5.319040348369534,13.416407864998739
TS333,66,399,68,408,TS,6.1171242059994455,9.219544457292887
TG899,187,407,159,405,TG,5.990016834917757,28.071337695236398
TS305,112,248,123,245,TS,7.1858343745420985,11.40175425099138
TG284,187,407,163,406,TG,4.96605058636812,24.020824298928627
GG553,498,162,485,162,GG,7.135939348036796,13.0
GG463,247,175,240,181,GG,5.791255950189568,9.219544457292887
TS654,322,394,330,387,TS,5.167935295649808,10.63014581273465
TS527,257,155,246,152,TS,5.741925618798764,11.40175425099138
TG713,231,130,245,144,TG,5.212624049777397,19.79898987322333
TS269,369,141,359,144,TS,6.1568085042981835,10.44030650891055
GG44,459,139,456,129,GG,7.16426778344147,10.44030650891055
GSD260,414,131,416,127,GSD,5.196325666405585,4.47213595499958
TS21,365,134,356,139,TS,6.071982210984597,10.295630140987
GSD270,349,83,352,75,GSD,6.864798082106773,8.54400374531753
TG296,129,398,107,391,TG,5.801176802662303,23.08679276123039
TS414,281,444,277,450,TS,7.116207721455054,7.211102550927978
GSD330,335,346,338,349,GSD,7.642586757075108,4.242640687119285
GSD97,330,213,329,218,GSD,7.132512699400459,5.0990195135927845
GG155,483,162,493,161,GG,5.862039300415706,10.04987562112089
GSD75,484,157,490,158,GSD,5.890722685349097,6.082762530298219
GG518,459,154,459,162,GG,6.814103070312072,8.0
GG418,406,142,393,142,GG,5.229624785568728,13.0
GG447,257,155,254,150,GG,4.247275135592682,5.830951894845301
TS74,82,390,93,389,TS,7.211381152837273,11.045361017187261
TS223,221,346,236,344,TS,5.747798267973732,15.132745950421556
TG43,443,94,465,94,TG,5.214574814523825,22.0
GG600,307,161,315,162,GG,6.0638165558711705,8.06225774829855
GG182,306,146,307,139,GG,5.619053612281526,7.0710678118654755
GG363,437,66,436,74,GG,4.878043683158347,8.06225774829855
TS557,81,394,82,383,TS,6.398077665225945,11.045361017187261
GG274,500,162,512,162,GG,7.2544184562504945,12.0
TS690,267,169,264,160,TS,7.970639872237909,9.486832980505138
GSD75,476,155,484,157,GSD,7.511929091491293,8.246211251235321
GSD361,293,335,299,339,GSD,6.215322196516809,7.211102550927978
GG152,412,153,414,145,GG,6.705231933139511,8.246211251235321
TS59,283,319,295,322,TS,5.730691817171046,12.36931687685298
TS337,364,134,375,129,TS,5.275878218953096,12.083045973594572
TG1006,343,121,322,126,TG,5.207358302098139,21.587033144922902
GG314,311,126,311,121,GG,5.260765022581253,5.0
GG334,108,388,117,391,GG,7.11780776329036,9.486832980505138
GSD330,326,319,327,322,GSD,3.8311004402663267,3.1622776601683795
TG314,92,378,87,348,TG,6.602339912174003,30.4138126514911
GG241,487,161,476,162,GG,5.365504586297774,11.045361017187261
GSD385,319,160,314,166,GSD,5.990070573039894,7.810249675906654
GSD194,203,190,206,190,GSD,7.114475050895418,3.0
TG294,155,404,129,397,TG,5.501615554895551,26.92582403567252
TS294,198,350,207,346,TS,5.176369926132661,9.848857801796104
GG661,436,93,444,96,GG,4.866864972622466,8.54400374531753
GSD234,231,427,227,431,GSD,7.432596514030422,5.656854249492381
GSD388,367,217,367,213,GSD,5.720913461131168,4.0
TG542,260,141,274,146,TG,5.3874497567769755,14.866068747318506
TS175,104,274,99,288,TS,5.750900983940127,14.866068747318506
TS248,228,165,218,169,TS,8.07461866462582,10.770329614269007
TG790,242,142,266,146,TG,6.151869672493872,24.331050121192877
GSD61,363,261,363,264,GSD,5.498672118417121,3.0
GSD9,521,151,516,151,GSD,5.481968549366293,5.0
GG754,357,225,358,217,GG,5.91239913433073,8.06225774829855
GSD126,263,325,260,324,GSD,3.8710277840459355,3.1622776601683795
TS6,304,178,301,174,TS,5.835380348652043,5.0
GSD76,179,343,182,342,GSD,5.592157787768912,3.1622776601683795
GG577,307,91,315,90,GG,5.875279707132158,8.06225774829855
GG689,408,233,404,239,GG,5.041028954635095,7.211102550927978
TS472,284,420,277,419,TS,7.6863899381679985,7.0710678118654755
TG951,121,395,100,389,TG,4.7688365238747625,21.840329667841555
TG544,157,404,182,408,TG,5.91297285263252,25.317977802344327
GSD235,325,166,325,162,GSD,6.3943233926535505,4.0
GG340,238,143,245,147,GG,4.129159089059152,8.06225774829855
TS518,352,75,359,69,TS,6.6011842264953025,9.219544457292887
TS363,437,92,449,96,TS,5.3076837963858505,12.649110640673518
GG569,396,38,391,40,GG,4.613799943023865,5.385164807134504
TS573,82,395,82,384,TS,4.914808851139831,11.0
GSD257,470,158,474,161,GSD,5.272634179055402,5.0
TG1007,228,165,261,167,TG,7.525976207439193,33.06055050963308
GG17,351,159,353,148,GG,7.610694357044657,11.180339887498949
GG69,389,216,384,219,GG,4.950000281601225,5.830951894845301
TG508,299,174,316,170,TG,5.328738614930917,17.46424919657298
GG109,392,150,393,142,GG,6.615162517234165,8.06225774829855
TG92,390,121,402,110,TG,4.761485947338073,16.278820596099706
TG919,279,314,294,322,TG,5.638457180851167,17.0
TS751,307,178,309,172,TS,7.430643176403465,6.324555320336759
GG475,265,191,280,191,GG,8.60087298635171,15.0
TS623,314,227,312,238,TS,5.450353320469736,11.180339887498949
GG719,291,87,280,87,GG,6.049951202140848,11.0
TS192,467,96,473,94,TS,4.413303521404382,6.324555320336759
GG187,351,134,354,125,GG,7.975212851150019,9.486832980505138
GG653,330,219,340,219,GG,6.519072334793101,10.0
GSD164,372,121,369,126,GSD,6.886379300736099,5.830951894845301
GG792,249,331,253,323,GG,5.749709031667817,8.94427190999916
GG607,364,294,363,304,GG,6.841019858642561,10.04987562112089
GG106,439,177,430,178,GG,5.730516034512043,9.055385138137417
GG268,257,117,266,117,GG,6.491183173627503,9.0
GG668,345,149,340,151,GG,5.537649857937737,5.385164807134504
TG647,187,407,164,406,TG,4.887735564220548,23.021728866442675
TG212,235,344,261,340,TG,6.885299757966808,26.30589287593181
TS23,201,419,195,410,TS,8.782298981320675,10.816653826391969
TS334,382,137,388,139,TS,5.7351381322728585,6.324555320336759
GG147,273,363,275,373,GG,5.550608810381616,10.198039027185569
TS362,152,403,141,401,TS,5.665755204792555,11.180339887498949
TG931,379,125,360,121,TG,5.4522319935631,19.4164878389476
GSD228,248,294,251,300,GSD,8.426573728559436,6.708203932499369
TS487,509,89,497,90,TS,6.256430079352985,12.041594578792296
GSD333,347,319,350,314,GSD,6.558656384087893,5.830951894845301
TS299,308,252,310,237,TS,8.216504714416466,15.132745950421556
TG237,182,408,214,421,TG,6.78499813662836,34.539832078341085
GG454,446,134,435,138,GG,6.703085449461268,11.704699910719626
TG200,174,355,159,362,TG,4.35115715888293,16.55294535724685
TG400,376,140,356,143,TG,5.216288972991462,20.223748416156685
GG461,232,197,240,199,GG,3.924325153405542,8.246211251235321
TG309,277,409,269,424,TG,5.267529235007956,17.0
GG365,403,115,412,109,GG,6.946948684492202,10.816653826391969
GSD45,440,126,439,130,GSD,7.925929559351161,4.123105625617661
TS204,200,184,213,171,TS,7.227235203237697,18.384776310850235
TG467,321,87,343,84,TG,4.845638796959641,22.20360331117452
GG714,473,119,480,118,GG,5.101016196838291,7.0710678118654755
TG1122,136,399,160,404,TG,5.806266922619603,24.515301344262525
GSD67,270,340,267,336,GSD,4.7389299743113185,5.0
TS656,72,395,84,398,TS,7.443682213579522,12.36931687685298
TS369,50,361,55,371,TS,5.279954243578696,11.180339887498949
GSD345,202,436,206,438,GSD,8.151154007165658,4.47213595499958
GG681,322,205,324,201,GG,5.491100658569826,4.47213595499958
GSD190,292,361,290,357,GSD,4.866680600673899,4.47213595499958
GG602,451,82,450,72,GG,5.966388198877559,10.04987562112089
TG378,256,164,272,169,TG,4.899464628408674,16.76305461424021
GSD61,352,280,351,286,GSD,7.099909485413448,6.082762530298219
GG667,263,452,259,460,GG,6.227476494132716,8.94427190999916
GSD340,439,231,437,233,GSD,7.173271403639241,2.8284271247461903
GG11,354,223,352,227,GG,6.667843230574767,4.47213595499958
TS773,77,330,67,330,TS,5.996297301976965,10.0
TS117,288,302,293,294,TS,5.443715231023729,9.433981132056603
TG362,350,122,320,126,TG,6.926198784641308,30.265491900843113
TG836,91,327,88,350,TG,6.218683566751862,23.194827009486403
GSD59,450,216,449,212,GSD,5.651758558583405,4.123105625617661
TS679,86,403,91,394,TS,4.655931957746516,10.295630140987
GG408,417,214,414,221,GG,5.199883217933812,7.615773105863909
TG207,226,346,253,342,TG,6.069312430212111,27.294688127912362
TS569,437,92,439,96,TS,5.204729486638662,4.47213595499958
GG236,212,486,218,482,GG,5.053801576281007,7.211102550927978
TG1040,487,92,476,100,TG,5.7045686793040895,13.601470508735444
GG189,392,38,402,39,GG,5.029278276595226,10.04987562112089
GG80,434,78,438,67,GG,5.886803444920961,11.704699910719626
GG494,496,177,495,180,GG,5.937053786218396,3.1622776601683795
GSD101,390,327,394,325,GSD,5.869878666856074,4.47213595499958
TG288,255,438,275,418,TG,7.961536146355893,28.284271247461902
GG444,293,192,300,195,GG,6.669315670492249,7.615773105863909
GG766,237,256,237,248,GG,5.64869815360457,8.0
TG465,479,103,475,122,TG,6.558226224444131,19.4164878389476
TS499,48,347,59,340,TS,5.252565793174867,13.038404810405298
TG516,168,406,147,402,TG,5.702993411144979,21.37755832643195
GG566,294,414,301,408,GG,5.844817716334794,9.219544457292887
TS164,301,328,283,325,TS,7.460376121603453,18.24828759089466
TS541,241,178,242,175,TS,4.787242789325518,3.1622776601683795
GG360,177,354,184,350,GG,5.7676673235721125,8.06225774829855
TG472,137,401,159,405,TG,5.793763956241458,22.360679774997898
TS512,178,412,169,408,TS,5.102370022305653,9.848857801796104
GG431,262,79,267,86,GG,5.311019097082865,8.602325267042627
GSD350,318,81,318,78,GSD,5.731756519073546,3.0
GG493,243,178,250,171,GG,5.957284967627942,9.899494936611665
GSD96,337,259,341,261,GSD,4.16628469682507,4.47213595499958
GSD392,321,98,322,98,GSD,5.305352662346499,1.0
TG610,271,425,278,401,TG,5.93534214352701,25.0
GG671,420,137,422,146,GG,4.362755830143116,9.219544457292887
TG184,302,175,327,171,TG,5.873368438642876,25.317977802344327
GG1,258,159,253,164,GG,5.1128503686025635,7.0710678118654755
TG670,114,242,130,227,TG,6.213739453430372,21.93171219946131
TG494,334,181,323,173,TG,6.199249154721497,13.601470508735444
TS753,320,165,325,154,TS,7.37249064090873,12.083045973594572
TS415,274,189,264,189,TS,5.139773611141216,10.0
GG512,474,93,471,94,GG,4.702653608126791,3.1622776601683795
GG336,261,177,263,186,GG,6.9720463177199825,9.219544457292887
GSD154,305,154,310,153,GSD,6.125253474174496,5.0990195135927845
GG398,266,191,273,191,GG,4.743395826951193,7.0
TG454,95,308,103,285,TG,7.14863145340643,24.351591323771842
GSD277,420,125,418,121,GSD,6.98258034123652,4.47213595499958
GG409,430,173,431,166,GG,6.062176550819204,7.0710678118654755
GSD374,394,111,391,112,GSD,6.086302214505068,3.1622776601683795
GSD257,469,152,470,152,GSD,5.118230572934176,1.0
GG143,520,167,519,160,GG,5.514030791234832,7.0710678118654755
GSD370,183,284,184,284,GSD,4.607649310613333,1.0
TS631,86,406,89,401,TS,5.708757949738175,5.830951894845301
GG212,325,203,323,205,GG,4.284763874278225,2.8284271247461903
TS761,66,340,66,328,TS,5.718063519351837,12.0
GSD36,393,119,394,121,GSD,6.088988291367347,2.23606797749979
GG671,432,164,431,175,GG,6.0191064284731794,11.045361017187261
TG901,198,350,176,356,TG,5.28896481295759,22.80350850198276
GSD57,424,88,428,82,GSD,6.837948143306334,7.211102550927978
GSD306,149,355,150,359,GSD,6.683966960562461,4.123105625617661
TS85,482,161,467,164,TS,5.584625239422634,15.297058540778355
GSD41,354,212,354,210,GSD,8.002695039994425,2.0
GG274,517,161,527,158,GG,6.070877070092674,10.44030650891055
TS77,276,388,276,373,TS,5.480136231664972,15.0
TS302,338,364,340,359,TS,3.2107940294678095,5.385164807134504
GG86,317,220,315,230,GG,5.842234572310058,10.198039027185569
TS108,495,162,510,158,TS,6.353486015630364,15.524174696260024
TG959,315,127,295,140,TG,5.951960995098341,23.853720883753127
GG380,303,176,305,169,GG,7.387872838117529,7.280109889280518
GG332,239,198,244,201,GG,7.174161457550495,5.830951894845301
GSD178,285,121,289,124,GSD,5.152102612480306,5.0
GSD300,276,311,277,306,GSD,5.464523978275665,5.0990195135927845
TG679,290,172,262,166,TG,5.694802477195382,28.635642126552707
GG112,179,325,177,332,GG,5.705545348158825,7.280109889280518
TG798,354,139,378,134,TG,6.323023430565013,24.515301344262525
TS311,83,385,79,371,TS,6.950567943160809,14.560219778561036
TG798,378,134,393,147,TG,6.122885963589796,19.849433241279208
TS380,83,394,71,395,TS,5.596294854070136,12.041594578792296
TG80,332,324,311,332,TG,5.369066208614912,22.47220505424423
GG701,462,128,455,130,GG,5.089190922222146,7.280109889280518
TS341,71,393,68,401,TS,6.679083581210202,8.54400374531753
GSD9,529,151,526,154,GSD,6.137569610189617,4.242640687119285
TG820,381,138,371,140,TG,4.180286989442489,10.198039027185569
GG276,360,191,365,185,GG,4.62752315998296,7.810249675906654
TG1139,198,350,170,355,TG,6.712174873655692,28.442925306655784
TS627,91,405,85,399,TS,6.128277596709715,8.48528137423857
TG70,372,129,389,132,TG,6.353465378335142,17.26267650163207
GSD91,278,75,274,76,GSD,6.5557070524554835,4.123105625617661
GSD369,355,295,350,293,GSD,5.89193486364189,5.385164807134504
GSD25,483,175,482,176,GSD,5.8141288989475015,1.4142135623730951
GSD369,350,293,348,296,GSD,5.859284530031246,3.605551275463989
TS144,464,221,449,224,TS,6.626413099377737,15.297058540778355
GG452,354,195,349,185,GG,6.179157843093698,11.180339887498949
GSD314,219,245,214,249,GSD,6.040637184842474,6.4031242374328485
GG502,155,362,148,365,GG,4.570842287348085,7.615773105863909
TG345,255,163,276,170,TG,4.9788112396356246,22.135943621178654
TG1031,114,243,106,271,TG,6.7147372136994,29.120439557122072
GSD101,388,335,391,333,GSD,6.149897509108644,3.605551275463989
TG1158,405,225,396,245,TG,6.120444167488753,21.93171219946131
TS207,116,396,125,397,TS,4.303440297549399,9.055385138137417
TS677,405,225,413,219,TS,7.358989353940007,10.0
GG744,457,163,466,162,GG,6.43848253509391,9.055385138137417
TG75,278,402,266,427,TG,6.712373813577951,27.730849247724095
GSD170,156,415,154,409,GSD,5.995838357506173,6.324555320336759
GSD42,188,361,190,364,GSD,3.7374524366309316,3.605551275463989
TS769,85,401,92,410,TS,8.446204724260118,11.40175425099138
GSD324,301,235,306,231,GSD,6.670849439049013,6.4031242374328485
GG506,248,137,251,133,GG,6.013031382830434,5.0
TS528,440,132,448,130,TS,5.002450659946002,8.246211251235321
TS163,192,406,181,407,TS,4.498814395452827,11.045361017187261
TS632,386,189,391,175,TS,8.14021261698189,14.866068747318506
GSD241,272,156,278,154,GSD,6.805638499419317,6.324555320336759
GG8,240,331,227,332,GG,8.110426473714602,13.038404810405298
TS212,221,428,228,432,TS,5.464349324132985,8.06225774829855
TS313,200,411,208,415,TS,6.058635873460208,8.94427190999916
TS187,422,91,433,91,TS,6.015642303484887,11.0
TS455,405,107,396,117,TS,6.565777183018502,13.45362404707371
GSD210,383,353,386,350,GSD,5.467008095175061,4.242640687119285
GG254,230,252,236,247,GG,5.953249134244469,7.810249675906654
TS215,71,393,68,390,TS,4.598939672162752,4.242640687119285
GG297,171,465,166,470,GG,5.920954939441084,7.0710678118654755
TG486,177,356,152,364,TG,6.092698914134502,26.248809496813376
GG504,247,115,240,110,GG,5.212130738184474,8.602325267042627
TS577,390,121,385,122,TS,6.880428836730603,5.0990195135927845
GSD229,325,351,326,350,GSD,7.317052163452978,1.4142135623730951
GSD41,350,212,346,213,GSD,7.240944183040757,4.123105625617661
GG218,266,222,272,220,GG,4.756198474995966,6.324555320336759
TS771,125,397,118,396,TS,4.999055173931701,7.0710678118654755
TG387,377,132,351,140,TG,5.584564947806132,27.202941017470888
GSD223,462,167,460,166,GSD,5.8059434825084875,2.23606797749979
TS538,251,338,243,345,TS,6.8740801285564075,10.63014581273465
TG831,387,288,377,303,TG,4.617402439486501,18.027756377319946
GSD261,380,254,382,249,GSD,7.313986286891399,5.385164807134504
TG67,469,94,482,108,TG,6.246926182421796,19.1049731745428
GG114,459,139,453,132,GG,7.255426956981253,9.219544457292887
TS485,83,393,71,394,TS,5.475199367737359,12.041594578792296
TS86,249,343,234,344,TS,6.8963746800031345,15.033296378372908
TG524,246,145,269,148,TG,7.957993830362678,23.194827009486403
GG387,306,88,302,75,GG,6.466891917225716,13.601470508735444
GSD112,437,232,430,227,GSD,6.699472879252795,8.602325267042627
GSD106,326,143,326,139,GSD,7.7426296041609,4.0
TG700,424,197,434,179,TG,5.80185008658447,20.591260281974
TS765,386,189,392,199,TS,6.273691057567652,11.661903789690601
GSD136,433,50,434,53,GSD,5.0315830582602885,3.1622776601683795
GSD119,317,408,313,405,GSD,6.184983933510722,5.0
GSD162,438,264,440,262,GSD,4.8922913783273,2.8284271247461903
GG216,236,248,242,243,GG,5.27094106804649,7.810249675906654
TG680,306,98,338,85,TG,7.361710501470195,34.539832078341085
GSD304,353,281,350,278,GSD,6.194016284929301,4.242640687119285
GG287,378,312,375,318,GG,5.545876408646642,6.708203932499369
TG72,475,97,483,114,TG,5.340372890844965,18.788294228055936
GG403,452,214,443,215,GG,5.63572000448288,9.055385138137417
TS354,155,236,169,230,TS,5.196611384651011,15.231546211727817
TS173,65,417,69,409,TS,5.859870807935826,8.94427190999916
GSD327,361,403,359,405,GSD,5.521012533596467,2.8284271247461903
GSD80,440,241,439,246,GSD,5.887856971364367,5.0990195135927845
TS702,237,167,237,171,TS,6.145279476701472,4.0
GSD309,516,180,508,180,GSD,6.277776306898636,8.0
GSD73,412,114,418,113,GSD,5.246894233369808,6.082762530298219
GSD59,449,208,450,206,GSD,5.838995166507246,2.23606797749979
TG458,361,121,375,133,TG,5.288070649880368,18.439088914585774
TG991,435,177,433,160,TG,4.584053928929578,17.11724276862369
GG599,392,97,386,98,GG,5.573595132938699,6.082762530298219
TG775,271,329,282,307,TG,4.910273469760199,24.596747752497688
TS549,118,235,131,225,TS,6.6330723402641905,16.401219466856727
GG700,310,126,307,131,GG,5.686741744164298,5.830951894845301
TS788,277,376,274,364,TS,6.253791215433094,12.36931687685298
TS682,81,381,78,369,TS,5.146348089242132,12.36931687685298
TS202,250,342,256,336,TS,6.427810806024075,8.48528137423857
TG612,309,241,316,222,TG,5.367357766343834,20.248456731316587
TG1010,429,145,431,162,TG,4.917699977785726,17.11724276862369
TS670,281,116,293,109,TS,6.251536654108417,13.892443989449804
TG229,226,346,248,344,TG,6.008940631627074,22.090722034374522
GSD72,226,377,229,380,GSD,6.2480056046018255,4.242640687119285
TG692,422,90,439,93,TG,4.777210612093773,17.26267650163207
GSD387,20,440,16,441,GSD,5.450881988027227,4.123105625617661
GSD132,367,129,369,130,GSD,6.033580047308693,2.23606797749979
TG541,249,440,229,433,TG,5.172459445371361,21.18962010041709
TG508,316,170,334,151,TG,7.013744450829357,26.1725046566048
GSD42,187,369,186,365,GSD,7.128426022908602,4.123105625617661
TS196,315,332,298,324,TS,8.17476100563404,18.788294228055936
TS465,403,107,402,111,TS,2.9292860339551847,4.123105625617661
GSD29,395,299,392,303,GSD,8.047833785049107,5.0
GSD367,518,153,513,156,GSD,6.81750867496104,5.830951894845301
GSD132,364,130,367,129,GSD,4.91548498384175,3.1622776601683795
GG237,311,116,311,103,GG,5.919601055395952,13.0
TS627,84,388,80,375,TS,6.593132063286763,13.601470508735444
GSD33,299,267,301,271,GSD,6.187458157076686,4.47213595499958
TS789,426,196,421,205,TS,5.96191112318855,10.295630140987
TG830,408,104,426,90,TG,5.332074650029931,22.80350850198276
GG643,348,162,352,155,GG,5.961490762935342,8.06225774829855
TG466,420,94,406,105,TG,3.8461347520837315,17.804493814764857
GG432,428,107,421,105,GG,5.031824420815585,7.280109889280518
TG563,176,406,199,410,TG,5.773094549062213,23.345235059857504
GSD360,226,367,226,371,GSD,5.467847131734912,4.0
GG179,405,102,393,96,GG,7.013022705818336,13.416407864998739
GSD186,356,90,357,92,GSD,6.1534855856438,2.23606797749979
TS25,252,465,258,455,TS,5.789496861301786,11.661903789690601
GSD295,73,392,76,394,GSD,8.021519353856291,3.605551275463989
GSD263,349,326,354,325,GSD,6.436099123069553,5.0990195135927845
GG115,272,192,284,191,GG,6.072512363465025,12.041594578792296
TS307,196,417,205,421,TS,6.530531681737226,9.848857801796104
TG1014,461,95,447,95,TG,4.250127532989719,14.0
GG45,241,189,238,198,GG,6.13279384804691,9.486832980505138
GG730,400,100,395,98,GG,5.439094388139909,5.385164807134504
TS740,423,199,419,206,TS,4.941111239449512,8.06225774829855
TS745,144,402,131,398,TS,6.779116774271551,13.601470508735444
GG279,359,100,363,104,GG,3.330172551966978,5.656854249492381
GSD281,335,348,341,348,GSD,9.054970298136151,6.0
GSD72,268,379,267,381,GSD,7.614153320395431,2.23606797749979
TS693,221,154,226,149,TS,5.027976819122719,7.0710678118654755
GG549,300,159,306,155,GG,6.204058959830404,7.211102550927978
GSD175,521,150,520,146,GSD,7.095639787382012,4.123105625617661
GG734,251,170,255,161,GG,6.749450744650194,9.848857801796104
GSD303,221,217,218,212,GSD,6.802070664971637,5.830951894845301
TS289,187,413,191,412,TS,3.826898135737581,4.123105625617661
GG659,402,103,411,96,GG,7.626328088545719,11.40175425099138
TG444,298,105,284,113,TG,4.942742485239037,16.1245154965971
GG336,259,159,262,165,GG,5.882404889934083,6.708203932499369
TG669,211,346,190,354,TG,5.639588095910346,22.47220505424423
TG530,245,145,232,131,TG,5.840431314990198,19.1049731745428
GSD51,188,311,187,313,GSD,5.486868963496121,2.23606797749979
TG78,444,95,431,91,TG,3.787533085541486,13.601470508735444
TS770,368,113,378,116,TS,5.327269940827472,10.44030650891055
GSD166,441,119,439,122,GSD,5.683965790497719,3.605551275463989
TS332,371,126,381,125,TS,6.425233798670476,10.04987562112089
GSD118,164,404,166,406,GSD,4.53250517256302,2.8284271247461903
TG609,333,172,314,171,TG,5.445158758718959,19.026297590440446
TS205,176,406,161,405,TS,5.670420919747599,15.033296378372908
GG255,324,191,328,184,GG,4.716325318359019,8.06225774829855
GSD280,365,362,368,359,GSD,6.921756952700187,4.242640687119285
TS681,123,396,127,398,TS,3.696385252949135,4.47213595499958
GSD112,444,217,444,220,GSD,5.134402044328297,3.0
TG506,336,175,319,191,TG,4.904744915455485,23.345235059857504
GSD76,190,340,192,343,GSD,6.1633676973753495,3.605551275463989
GG157,358,273,359,283,GG,6.81781593586405,10.04987562112089
GG95,478,110,474,115,GG,5.291718376925754,6.4031242374328485
TS346,389,140,396,150,TS,7.633606683187718,12.206555615733702
GSD394,227,373,224,377,GSD,6.049161167658262,5.0
GSD191,467,189,468,192,GSD,5.962376603970089,3.1622776601683795
TS416,403,108,395,119,TS,5.379179301717888,13.601470508735444
GG679,385,218,378,220,GG,5.142459280022363,7.280109889280518
GSD334,271,331,271,330,GSD,4.846868369505665,1.0
GSD183,224,377,220,376,GSD,6.987270088868552,4.123105625617661
GSD207,367,312,371,309,GSD,5.363315197968021,5.0
TS53,356,138,364,135,TS,5.421389988056259,8.54400374531753
TS488,181,211,175,220,TS,6.574445474929376,10.816653826391969
GG721,196,368,195,378,GG,6.056331385236435,10.04987562112089
GG685,253,132,254,138,GG,6.390949685899642,6.082762530298219
GG370,226,494,232,497,GG,5.267135302739648,6.708203932499369
TS684,93,411,92,419,TS,3.7733645847948765,8.06225774829855
TS629,382,135,387,145,TS,5.237596471975824,11.180339887498949
TS354,176,221,179,212,TS,3.8529357621447495,9.486832980505138
GSD305,315,360,319,359,GSD,5.780557314281136,4.123105625617661
TG873,268,162,287,172,TG,4.9304452030165296,21.470910553583888
TG216,399,112,385,124,TG,5.2528187665819,18.439088914585774
GSD94,381,365,383,366,GSD,6.012284301808712,2.23606797749979
GG565,482,162,476,161,GG,5.4160794752324115,6.082762530298219
GG164,417,123,419,131,GG,5.963731260573672,8.246211251235321
GG301,266,159,262,166,GG,6.165732745697823,8.06225774829855
GSD180,463,107,464,103,GSD,5.776806224563948,4.123105625617661
TG148,308,173,283,173,TG,6.75487954187914,25.0
TG138,274,354,276,375,TG,4.553239086400824,21.095023109728988
GSD140,269,226,265,231,GSD,7.412356543422388,6.4031242374328485
TS222,227,149,236,144,TS,5.621844237919166,10.295630140987
GG687,361,245,363,235,GG,7.197861725007176,10.198039027185569
TS144,449,224,439,224,TS,5.44782248839234,10.0
GG561,393,122,386,127,GG,6.646227810055079,8.602325267042627
GSD108,87,406,90,403,GSD,5.115417261820838,4.242640687119285
GG215,370,139,364,142,GG,6.375216888883859,6.708203932499369
GG623,408,102,408,103,GG,4.95078481987219,1.0
TS726,91,413,94,423,TS,7.206365438090817,10.44030650891055
TS107,348,347,340,360,TS,5.824841578517333,15.264337522473747
TG578,468,94,485,111,TG,6.476536304446384,24.041630560342615
GSD24,526,173,525,170,GSD,7.518453291423931,3.1622776601683795
TS409,314,172,310,177,TS,4.482951007168234,6.4031242374328485
GG183,346,84,351,93,GG,5.889262116172331,10.295630140987
GG153,369,210,372,201,GG,5.811523699661116,9.486832980505138
TG436,90,371,89,353,TG,4.4396978046208915,18.027756377319946
GG649,302,205,311,209,GG,5.999102549663736,9.848857801796104
TS657,110,254,107,267,TS,6.682747440550965,13.341664064126334
TG221,411,118,395,129,TG,6.447924077511929,19.4164878389476
GG649,311,209,322,210,GG,6.185239599486369,11.045361017187261
TS259,135,244,123,244,TS,6.1067759910335395,12.0
TG1005,372,308,354,321,TG,5.652222080887575,22.20360331117452
GG676,218,490,219,482,GG,6.736029928923088,8.06225774829855
TG597,333,323,357,321,TG,5.270234459490495,24.08318915758459
GG367,349,308,361,305,GG,7.179638692808416,12.36931687685298
TG548,324,165,338,148,TG,5.4919673354670415,22.02271554554524
GG6,313,400,304,406,GG,6.7959060779621545,10.816653826391969
TS299,294,290,300,279,TS,6.531825006228265,12.529964086141668
GSD208,389,121,392,121,GSD,4.849963998660609,3.0
TS11,394,118,402,109,TS,6.982487518975347,12.041594578792296
TS589,67,347,63,337,TS,7.234603025101277,10.770329614269007
TG753,386,125,378,136,TG,5.806601786664038,13.601470508735444
TS266,260,444,257,438,TS,4.051436857676591,6.708203932499369
TG480,360,143,338,154,TG,5.983978733313777,24.596747752497688
GSD236,340,280,347,281,GSD,6.848956799111075,7.0710678118654755
GSD383,325,152,322,150,GSD,5.531165399482855,3.605551275463989
TS92,245,162,235,171,TS,6.18364040639276,13.45362404707371
TS288,472,162,461,163,TS,5.235294798727539,11.045361017187261
TS348,250,161,256,168,TS,5.851335818441866,9.219544457292887
GG53,170,471,174,469,GG,4.048371171905416,4.47213595499958
TG1134,320,86,304,101,TG,4.912982726378712,21.93171219946131
GG93,195,395,194,408,GG,7.671916381212766,13.038404810405298
TS770,378,116,380,124,TS,8.388132950492833,8.246211251235321
TG974,114,242,127,228,TG,4.771486402524535,19.1049731745428
TS155,125,398,116,392,TS,5.496326054403378,10.816653826391969
GG103,293,106,286,110,GG,4.694868386297693,8.06225774829855
TS311,66,337,67,325,TS,5.731982039759565,12.041594578792296
TG232,176,405,199,409,TG,4.735615064958346,23.345235059857504
TS26,168,408,185,406,TS,7.2881716935224325,17.11724276862369
TS251,294,171,287,173,TS,4.662185452439119,7.280109889280518
GG563,471,93,460,95,GG,7.9409553398238275,11.180339887498949
TS54,372,306,378,303,TS,4.531409368258881,6.708203932499369
TG908,367,314,344,323,TG,6.08825868657956,24.698178070456937
GSD53,343,162,346,157,GSD,4.548563777105905,5.830951894845301
TG393,228,165,251,159,TG,5.743341367757374,23.769728648009426
TS424,341,325,353,325,TS,5.703705873442031,12.0
TS551,78,309,90,296,TS,6.348823712662323,17.69180601295413
GG302,261,117,266,120,GG,5.413472563017652,5.830951894845301
GSD228,250,297,248,294,GSD,6.141188033243619,3.605551275463989
GSD54,272,79,273,82,GSD,6.337274817914002,3.1622776601683795
TG88,411,118,387,131,TG,5.875272251085876,27.294688127912362
GG146,249,219,240,218,GG,5.864893692559562,9.055385138137417
TS116,82,403,74,394,TS,6.106755538841096,12.041594578792296
TS16,153,362,164,359,TS,6.425556675092384,11.40175425099138
GSD139,362,140,360,136,GSD,7.570845122544824,4.47213595499958
GG575,225,183,234,181,GG,5.582627180444595,9.219544457292887
GSD343,395,149,401,147,GSD,7.676922930806536,6.324555320336759
GSD312,324,150,323,151,GSD,6.4081648207758946,1.4142135623730951
GG571,443,96,435,93,GG,5.708852867658334,8.54400374531753
GSD133,296,293,302,296,GSD,4.954114874220366,6.708203932499369
TS45,318,395,331,388,TS,6.281988874674801,14.7648230602334
TG1066,118,394,92,379,TG,6.868230152464431,30.01666203960727
TG1021,308,244,316,215,TG,7.5679776810620165,30.083217912982647
TG778,252,344,227,346,TG,5.910492883694897,25.079872407968907
TG361,240,344,266,340,TG,5.134665244565586,26.30589287593181
GG328,272,115,269,106,GG,5.29910792309226,9.486832980505138
TS456,94,420,94,426,TS,5.061893960803641,6.0
TG319,215,158,241,166,TG,7.150524700175002,27.202941017470888
GSD43,276,283,274,281,GSD,5.82880593576874,2.8284271247461903
TS402,239,436,232,433,TS,6.475878999783916,7.615773105863909
TG937,324,164,340,154,TG,5.388133471608539,18.867962264113206
GG796,454,123,449,124,GG,6.461073313480823,5.0990195135927845
GSD213,287,130,287,133,GSD,4.637497221352152,3.0
GG719,301,89,291,87,GG,4.782481307224286,10.198039027185569
TS157,437,180,432,185,TS,5.9618828733510165,7.0710678118654755
GG616,265,140,258,147,GG,5.459940389268688,9.899494936611665
TG707,235,435,215,419,TG,5.5643040294279285,25.612496949731394
GG655,246,178,240,179,GG,4.301401334491366,6.082762530298219
TS27,245,161,252,164,TS,4.431482493291314,7.615773105863909
GSD178,263,121,266,123,GSD,5.539801547684554,3.605551275463989
TS469,87,404,92,411,TS,6.440988118809472,8.602325267042627
GSD48,363,67,362,65,GSD,5.1454351300014025,2.23606797749979
GSD254,305,247,304,240,GSD,6.07123361077462,7.0710678118654755
GSD145,239,373,233,379,GSD,7.010514660877277,8.48528137423857
TG542,280,117,260,141,TG,6.058927441815317,31.240998703626616
TG882,237,167,256,163,TG,5.4571453206892215,19.4164878389476
GG1,244,179,249,188,GG,5.9901765329375145,10.295630140987
GG511,473,68,481,75,GG,5.827682383335248,10.63014581273465
GG349,322,205,324,202,GG,4.817433554635896,3.605551275463989
TS741,71,394,81,393,TS,5.912439030502689,10.04987562112089
TS345,238,163,237,173,TS,5.97871182078492,10.04987562112089
TG1136,348,322,326,328,TG,5.608832288358208,22.80350850198276
GSD235,328,172,326,173,GSD,7.919895119387739,2.23606797749979
GG742,273,219,265,222,GG,6.781332289495353,8.54400374531753
TS557,82,383,78,371,TS,5.551034960735779,12.649110640673518
GSD282,451,229,449,230,GSD,4.931191427483185,2.23606797749979
GG125,257,487,255,480,GG,5.053548853119761,7.280109889280518
GSD361,301,342,304,344,GSD,4.449598995913089,3.605551275463989
GG515,275,383,275,374,GG,4.81682304309637,9.0
TS123,393,157,392,167,TS,5.446986958332634,10.04987562112089
GSD6,90,411,92,419,GSD,8.027535287895432,8.246211251235321
GG615,235,170,229,164,GG,5.116988712565844,8.48528137423857
TG560,387,260,398,243,TG,4.581426780863369,20.248456731316587
GSD296,54,441,47,441,GSD,7.881896892779473,7.0
TG327,387,260,386,284,TG,5.380110836419604,24.020824298928627
TG449,449,127,436,134,TG,4.526837965131311,14.7648230602334
TG239,191,353,208,347,TG,5.3612129970967075,18.027756377319946
GSD297,276,155,280,153,GSD,4.257959131724598,4.47213595499958
GG641,303,101,296,103,GG,5.9046765473105225,7.280109889280518
TS564,244,343,236,344,TS,4.186608754283181,8.06225774829855
TG696,275,384,277,411,TG,7.327525345106655,27.073972741361768
TS524,309,334,296,327,TS,7.107807056354769,14.7648230602334
GG20,256,433,263,435,GG,6.092277925768638,7.280109889280518
GSD143,385,157,387,160,GSD,5.316524693403629,3.605551275463989
GSD257,467,172,467,170,GSD,5.597143384065987,2.0
GG40,479,72,477,70,GG,4.432221657708235,2.8284271247461903
GSD57,432,88,429,91,GSD,4.70357747119068,4.242640687119285
GSD77,230,446,227,441,GSD,6.629989045812357,5.830951894845301
GSD396,390,328,396,322,GSD,6.998129735874176,8.48528137423857
GG661,433,87,436,93,GG,5.77148395465651,6.708203932499369
GSD180,455,122,459,122,GSD,7.220402678698212,4.0
TS457,415,98,406,105,TS,6.557787837680017,11.40175425099138
TG537,479,107,477,121,TG,5.107645949208585,14.142135623730951
GSD386,248,160,250,157,GSD,4.546262772809129,3.605551275463989
GG242,378,221,385,218,GG,5.605263208563976,7.615773105863909
GSD157,233,416,232,419,GSD,4.57553637919438,3.1622776601683795
TG118,223,163,221,152,TG,4.867720177024432,11.180339887498949
GSD187,280,104,279,106,GSD,4.385501180096137,2.23606797749979
GSD210,385,346,388,339,GSD,6.412806206625696,7.615773105863909
TS565,255,164,260,166,TS,6.5019609878372915,5.385164807134504
GG351,406,103,397,100,GG,5.854903638439357,9.486832980505138
TS33,398,114,406,105,TS,6.6864053456897405,12.041594578792296
TS564,239,366,243,360,TS,3.938875005141605,7.211102550927978
GG497,301,205,297,201,GG,2.727520284142738,5.656854249492381
TS568,338,149,349,143,TS,6.76460774872805,12.529964086141668
TG1102,405,107,423,92,TG,6.463485228668155,23.430749027719962
GG153,367,216,369,210,GG,5.7142107582482495,6.324555320336759
GG450,359,224,353,229,GG,6.065257138553033,7.810249675906654
GG252,323,202,324,197,GG,5.158971829322905,5.0990195135927845
TS218,167,406,178,407,TS,5.203579038176407,11.045361017187261
TG545,202,170,218,153,TG,6.214608220557926,23.345235059857504
TG853,271,351,253,343,TG,5.684323657945336,19.697715603592208
GSD122,109,409,106,408,GSD,6.4783115075475095,3.1622776601683795
TS74,93,389,102,390,TS,5.6450077781285835,9.055385138137417
GG677,301,184,298,191,GG,6.693972928446546,7.615773105863909
GG174,379,312,377,318,GG,5.002046666871008,6.324555320336759
GG749,346,168,340,174,GG,5.339444969435276,8.48528137423857
TG675,419,94,406,106,TG,4.6182954920326775,17.69180601295413
GG223,472,162,464,161,GG,6.309511173570165,8.06225774829855
TG328,277,409,277,381,TG,6.632812009215041,28.0
TS604,478,105,483,115,TS,5.810558524459786,11.180339887498949
TS741,91,398,78,401,TS,7.09479955170576,13.341664064126334
GG631,242,178,240,176,GG,4.675263382937633,2.8284271247461903
GG215,363,122,372,128,GG,4.770061109532624,10.816653826391969
GSD368,322,171,316,172,GSD,6.334498592713491,6.082762530298219
TS219,88,390,91,398,TS,6.877346240975465,8.54400374531753
TS166,253,167,261,169,TS,7.345222690622094,8.246211251235321
TS458,240,437,228,432,TS,6.555881393782878,13.0
GSD155,208,441,205,438,GSD,4.134167622555463,4.242640687119285
GSD314,222,236,221,242,GSD,6.26762257207475,6.082762530298219
TS188,119,397,104,394,TS,6.0987943714612065,15.297058540778355
TG236,174,407,195,407,TG,5.3442744118948,21.0
TG239,163,360,191,353,TG,6.343199950131329,28.861739379323623
TG131,329,326,358,321,TG,6.045602763998036,29.427877939124322
GG51,126,364,127,354,GG,6.024064077137709,10.04987562112089
GG280,177,406,183,406,GG,3.8372143486559427,6.0
TS590,397,244,400,237,TS,6.752482064388426,7.615773105863909
TS42,105,272,101,280,TS,4.5662452711543615,8.94427190999916
TG990,94,389,120,393,TG,6.147883225427688,26.30589287593181
TG638,396,116,411,102,TG,5.939390071164116,20.518284528683193
TG339,281,311,288,300,TG,3.626804895774341,13.038404810405298
GSD79,255,320,254,322,GSD,6.976300768667322,2.23606797749979
TS284,86,404,91,403,TS,5.257749405039958,5.0990195135927845
TS67,399,112,403,108,TS,4.507704722636191,5.656854249492381
TS453,187,407,198,409,TS,5.9037319179064625,11.180339887498949
TS179,246,191,242,177,TS,6.451316896141485,14.560219778561036
TG473,322,167,338,149,TG,6.918994006952735,24.08318915758459
GG253,261,143,268,136,GG,6.641614696908579,9.899494936611665
GG649,322,210,329,216,GG,6.351356733101106,9.219544457292887
TS466,214,156,212,163,TS,7.9345267561712625,7.280109889280518
GG224,362,223,358,222,GG,4.276585508713501,4.123105625617661
TS727,307,172,309,177,TS,7.634088685322389,5.385164807134504
GG30,104,377,96,386,GG,7.706252457412383,12.041594578792296
TS452,369,220,357,219,TS,6.170337881999346,12.041594578792296
TG287,313,332,288,320,TG,6.704190086623394,27.730849247724095
TS762,393,149,406,152,TS,6.247123144646437,13.341664064126334
TG52,391,120,377,127,TG,4.708645822797298,15.652475842498529
GG486,512,161,506,162,GG,4.758621156782168,6.082762530298219
GSD278,257,447,250,452,GSD,6.649356026070013,8.602325267042627
TG588,318,332,297,324,TG,5.824938163410052,22.47220505424423
GG566,301,408,308,404,GG,4.760188809696413,8.06225774829855
GG185,452,126,453,132,GG,7.138223478275119,6.082762530298219
GG283,131,338,128,347,GG,4.326096895504826,9.486832980505138
TG333,242,141,227,126,TG,6.088458706770402,21.213203435596427
TG502,390,122,375,131,TG,5.193784209056698,17.4928556845359
GG658,311,93,324,87,GG,7.040857491369103,14.317821063276353
TG436,89,353,90,325,TG,5.740555916118105,28.0178514522438
GG542,325,301,328,296,GG,5.297987181502705,5.830951894845301
TG818,307,172,328,160,TG,6.146390025793207,24.186773244895647
GG184,324,200,324,203,GG,6.7573648741269725,3.0
GG154,454,104,454,110,GG,4.677220605646893,6.0
GSD276,459,156,461,159,GSD,6.519293492251947,3.605551275463989
TG1059,405,107,391,122,TG,5.17086284688161,20.518284528683193
TG564,365,123,338,122,TG,6.422491466148978,27.018512172212592
TG1165,403,109,425,89,TG,6.128870155791391,29.732137494637012
TG716,412,101,429,91,TG,4.889390542119392,19.72308292331602
TG796,355,120,380,137,TG,7.0893302619897725,30.23243291566195
TG670,130,227,151,215,TG,5.0757310064080565,24.186773244895647
GSD394,223,380,221,377,GSD,6.383248774508637,3.605551275463989
GG15,155,468,148,465,GG,5.300947947801676,7.615773105863909
GG615,225,158,222,153,GG,6.916938991596293,5.830951894845301
TS37,371,310,377,303,TS,6.035022221195107,9.219544457292887
GG498,468,192,471,195,GG,3.358106857998038,4.242640687119285
GG406,433,164,428,158,GG,7.802722749497419,7.810249675906654
GSD393,272,154,278,155,GSD,7.318042134651202,6.082762530298219
GG350,364,228,360,223,GG,5.639644089378623,6.4031242374328485
GG142,301,184,300,192,GG,4.817303973918583,8.06225774829855
GG77,351,134,354,124,GG,7.673594814013903,10.44030650891055
GSD369,348,296,347,298,GSD,6.24389375088365,2.23606797749979
GG292,456,82,466,81,GG,6.71621190473298,10.04987562112089
GG99,270,132,272,125,GG,5.206152102648648,7.280109889280518
GSD309,481,176,475,177,GSD,6.343706095595699,6.082762530298219
GG94,478,70,468,67,GG,5.719372152033364,10.44030650891055
TS366,462,96,466,96,TS,3.513868168868381,4.0
GG486,506,162,494,162,GG,6.022993343111891,12.0
TG1171,225,163,214,154,TG,5.700218701904087,14.212670403551895
TG1084,309,241,316,223,TG,4.848053089835658,19.313207915827967
TG885,432,91,413,99,TG,5.330212838237105,20.615528128088304
GG708,228,218,219,213,GG,6.031282035744145,10.295630140987
GG172,286,109,280,115,GG,6.518488330763404,8.48528137423857
TS654,339,361,349,348,TS,6.802137527370888,16.401219466856727
TS673,74,353,66,340,TS,8.223070339685195,15.264337522473747
GSD159,356,98,354,94,GSD,8.646293904769648,4.47213595499958
TS153,413,100,401,110,TS,5.69558207031051,15.620499351813308
TG1092,405,225,418,206,TG,5.367856120049013,23.021728866442675
TG1020,240,344,266,340,TG,6.631873499975333,26.30589287593181
GG743,273,123,275,119,GG,4.221045812417983,4.47213595499958
GG256,430,55,438,59,GG,4.120993050752617,8.94427190999916
TG1055,390,121,370,130,TG,4.8386110685915344,21.93171219946131
TS116,108,395,91,393,TS,7.606594529574915,17.11724276862369
TS255,164,406,176,406,TS,6.332528711884148,12.0
TG151,316,169,324,156,TG,5.656427050137898,15.264337522473747
GG149,332,156,337,152,GG,4.5432732417999535,6.4031242374328485
GG747,451,125,456,131,GG,5.0850270615678665,7.810249675906654
GG258,221,492,216,488,GG,5.746142010903201,6.4031242374328485
TG336,276,388,276,413,TG,6.794123674498293,25.0
TS145,270,455,264,450,TS,5.232529579064215,7.810249675906654
GSD149,187,415,187,411,GSD,5.330285228070673,4.0
TG1086,267,133,282,114,TG,4.728950446673307,24.20743687382041
TS509,389,146,381,137,TS,5.854444049932451,12.041594578792296
TS558,465,221,474,220,TS,4.605098267434721,9.055385138137417
TG520,437,92,457,97,TG,4.944687678831186,20.615528128088304
GSD198,259,200,254,196,GSD,7.080714754897042,6.4031242374328485
TG1070,185,356,207,349,TG,5.253217212273691,23.08679276123039
TS603,107,395,95,388,TS,6.455283051151854,13.892443989449804
GSD190,297,360,299,361,GSD,3.592732321179521,2.23606797749979
GSD315,359,313,358,312,GSD,5.612630326863258,1.4142135623730951
TS513,402,235,398,242,TS,5.941080897584193,8.06225774829855
TG652,135,369,157,362,TG,5.162813834278826,23.08679276123039
TS646,67,402,70,395,TS,5.068206487518022,7.615773105863909
GSD26,412,174,410,174,GSD,5.18497551350406,2.0
GG741,249,142,255,140,GG,4.903145501217434,6.324555320336759
TG33,306,173,317,170,TG,3.9027028908351307,11.40175425099138
TS211,476,162,491,161,TS,7.419186258080651,15.033296378372908
TG744,385,124,363,121,TG,5.919587458299452,22.20360331117452
GSD59,497,179,500,179,GSD,4.222154859998682,3.0
GSD379,262,210,264,214,GSD,5.448672698014108,4.47213595499958
TS246,146,402,157,405,TS,6.830623678179164,11.40175425099138
GSD76,160,357,159,355,GSD,7.82585114651377,2.23606797749979
GG236,201,475,207,480,GG,5.126014273571288,7.810249675906654
GSD235,326,143,324,141,GSD,4.313114512884368,2.8284271247461903
GSD225,441,123,440,119,GSD,4.6390804489372925,4.123105625617661
TS790,64,385,58,374,TS,6.142523476518449,12.529964086141668
TS669,131,225,120,232,TS,5.766307525315783,13.038404810405298
TS48,352,93,355,100,TS,4.323423743366425,7.615773105863909
TS555,280,171,286,173,TS,6.201271592772171,6.324555320336759
TG694,264,428,276,410,TG,6.408560449197768,21.633307652783937
GG633,266,436,258,433,GG,4.945673979406933,8.54400374531753
TS545,118,321,127,319,TS,5.908195507423029,9.219544457292887
TG671,429,146,432,170,TG,5.803144711629736,24.186773244895647
GG169,243,179,242,183,GG,3.8441055092768153,4.123105625617661
GG536,380,134,390,140,GG,6.070274379579956,11.661903789690601
GG763,261,189,252,187,GG,5.100776685907199,9.219544457292887
TG1137,157,404,180,407,TG,5.561935303664562,23.194827009486403
TG664,275,385,274,366,TG,4.9189669910047735,19.026297590440446
TS471,165,407,165,408,TS,6.0674578194370135,1.0
GG677,298,191,291,188,GG,5.876260967114217,7.615773105863909
GG338,411,92,412,82,GG,6.482927082679467,10.04987562112089
GG277,253,338,264,341,GG,6.629044128320244,11.40175425099138
TS524,330,327,318,333,TS,6.072328425023677,13.416407864998739
GG15,165,470,155,468,GG,6.709876437879808,10.198039027185569
GG608,288,316,279,316,GG,4.275258858730729,9.0
GG469,431,167,428,158,GG,5.816014760194612,9.486832980505138
GG248,503,162,492,162,GG,5.760591336685774,11.0
GSD389,138,424,138,423,GSD,4.638479589148854,1.0
TG242,91,327,88,350,TG,5.639318895035315,23.194827009486403
TS394,74,394,65,391,TS,4.6116033470134,9.486832980505138
TG944,447,129,474,126,TG,6.157379419710145,27.16615541441225
TS628,344,325,328,327,TS,6.698510633623571,16.1245154965971
GG361,275,371,272,355,GG,7.939165737882061,16.278820596099706
GSD63,185,317,187,322,GSD,7.376946532493234,5.385164807134504
TG900,354,139,335,150,TG,5.028663608649243,21.95449840010015
TG623,333,172,303,176,TG,7.150645928867587,30.265491900843113
GSD147,408,94,407,90,GSD,5.531749051035925,4.123105625617661
GSD345,232,419,233,411,GSD,8.161405131751067,8.06225774829855
TG17,444,95,420,93,TG,6.739386533234997,24.08318915758459
TS438,60,376,52,369,TS,5.8266577482291595,10.63014581273465
TS573,82,384,78,369,TS,7.077347017772954,15.524174696260024
TS515,281,444,277,450,TS,5.327066017941692,7.211102550927978
GG206,394,124,384,127,GG,5.886122967760531,10.44030650891055
GG19,263,452,258,459,GG,5.9356573462031825,8.602325267042627
GSD76,166,358,160,357,GSD,7.460487191182686,6.082762530298219
TS431,108,395,97,394,TS,5.6386218379573165,11.045361017187261
TG353,443,133,429,144,TG,4.602330309290748,17.804493814764857
TS571,245,180,252,189,TS,5.8414239922620865,11.40175425099138
TS283,133,224,142,221,TS,5.8530973510173965,9.486832980505138
GG333,256,142,254,153,GG,8.301049674164888,11.180339887498949
TG711,333,181,318,191,TG,5.4584283065452315,18.027756377319946
TG452,389,123,405,106,TG,5.724396948134974,23.345235059857504
TG155,273,423,253,440,TG,6.764830346161203,26.248809496813376
GG606,69,408,68,400,GG,5.078359189266672,8.06225774829855
TG321,230,166,211,156,TG,4.386789535024426,21.470910553583888
TS203,84,400,82,403,TS,5.009315868518604,3.605551275463989
GSD70,344,250,343,254,GSD,6.140516932944042,4.123105625617661
TG1058,245,161,220,161,TG,6.042257224056955,25.0
GG754,385,219,374,223,GG,6.319590153553065,11.704699910719626
TS15,340,360,346,353,TS,6.677943789891987,9.219544457292887
TG175,332,172,321,190,TG,5.733044432592754,21.095023109728988
TS370,172,406,163,406,TS,3.730615046575494,9.0
TG111,385,278,393,249,TG,6.863065274384848,30.083217912982647
GG85,329,203,322,197,GG,5.399313342782488,9.219544457292887
TG1129,450,97,430,101,TG,6.428924062689579,20.396078054371138
GSD46,291,150,296,151,GSD,4.90828985323968,5.0990195135927845
GG747,453,117,451,125,GG,6.341875566656701,8.246211251235321
TS398,426,220,437,224,TS,5.0020882534807924,11.704699910719626
TS563,275,124,281,117,TS,5.4883218358486,9.219544457292887
GSD33,326,276,328,277,GSD,5.126523574537906,2.23606797749979
GSD293,322,125,321,125,GSD,5.977001017545352,1.0
GG234,309,94,313,89,GG,4.866051869359676,6.4031242374328485
GSD190,302,365,299,366,GSD,5.176569787985111,3.1622776601683795
TS580,309,242,314,230,TS,5.604774627545705,13.0
GG174,386,299,384,303,GG,3.136051328502182,4.47213595499958
TS415,254,189,244,179,TS,5.438615493894783,14.142135623730951
TS303,344,83,332,87,TS,6.59603786369415,12.649110640673518
GSD333,340,290,340,288,GSD,6.094495322301071,2.0
TG912,231,130,243,143,TG,4.959594740999922,17.69180601295413
GSD49,320,154,316,154,GSD,7.023272474860821,4.0
TG282,312,91,332,86,TG,4.426970124264585,20.615528128088304
GG98,265,84,272,87,GG,4.673909877653627,7.615773105863909
GSD69,335,180,331,178,GSD,5.249446633655508,4.47213595499958
GG259,414,81,412,90,GG,6.4211093647467266,9.219544457292887
TG210,94,389,114,371,TG,6.596654100228743,26.90724809414742
TS438,68,389,60,376,TS,6.494516761158949,15.264337522473747
TS148,491,185,507,183,TS,7.036453237289461,16.1245154965971
TS504,236,144,226,149,TS,6.065385956052719,11.180339887498949
GG407,226,333,237,330,GG,5.8058083710572745,11.40175425099138
TS613,392,147,381,140,TS,5.434069167356057,13.038404810405298
TG789,385,124,369,124,TG,4.931289856958344,16.0
TS648,298,105,293,108,TS,3.4173227076888613,5.830951894845301
GG744,466,162,476,162,GG,5.950633846750673,10.0
TS188,82,383,80,375,TS,4.399687618413026,8.246211251235321
GSD389,129,424,128,425,GSD,5.742567080197865,1.4142135623730951
GG469,399,178,407,179,GG,5.748960985172004,8.06225774829855
TS530,86,402,89,409,TS,5.035882604935214,7.615773105863909
TS477,263,330,270,325,TS,4.604708779705831,8.602325267042627
TG348,352,321,367,315,TG,4.438395974537197,16.15549442140351
GSD345,199,434,202,436,GSD,7.794012458419367,3.605551275463989
TS120,80,401,75,394,TS,5.514634120236874,8.602325267042627
GG534,434,58,426,55,GG,6.514312296855467,8.54400374531753
TS19,479,93,472,95,TS,5.730183565337205,7.280109889280518
TG859,361,121,332,123,TG,5.767005209360159,29.068883707497267
TG599,339,324,324,330,TG,4.395666090848097,16.15549442140351
GSD194,198,193,203,190,GSD,7.141430522817949,5.830951894845301
TG113,432,99,410,117,TG,6.806262338997256,28.42534080710379
GG455,266,159,274,160,GG,6.102254119334994,8.06225774829855
GG35,452,177,440,178,GG,6.489028557103499,12.041594578792296
GSD162,439,251,435,251,GSD,5.057465752604358,4.0
TS45,331,388,337,377,TS,7.17238989575786,12.529964086141668
TG1044,226,346,256,341,TG,6.558887962034318,30.4138126514911
TG388,331,158,351,147,TG,6.382966420665472,22.825424421026653
GG591,91,383,92,394,GG,7.803129136327689,11.045361017187261
GG202,259,193,262,189,GG,4.702508748764917,5.0
TS234,173,411,169,405,TS,5.983781614775355,7.211102550927978
TS180,445,96,455,96,TS,5.7828998418127355,10.0
TS761,48,347,55,344,TS,4.887710230751681,7.615773105863909
GG84,313,125,311,116,GG,5.6435592299992745,9.219544457292887
TS64,83,385,85,389,TS,4.859446105011864,4.47213595499958
TS388,356,325,350,325,TS,4.528339919024241,6.0
TS526,437,92,448,97,TS,5.771267180980294,12.083045973594572
GG76,205,162,211,158,GG,6.02055881684978,7.211102550927978
GSD357,250,452,254,448,GSD,5.99109195578729,5.656854249492381
TG119,305,328,283,317,TG,6.431160296532602,24.596747752497688
TS176,363,320,373,306,TS,6.970880321741189,17.204650534085253
GSD209,258,201,257,209,GSD,6.87941695014262,8.06225774829855
GG763,254,137,250,137,GG,4.541962918918927,4.0
TS722,241,161,237,168,TS,6.0833468030263,8.06225774829855
TG712,318,192,332,182,TG,4.851288542906396,17.204650534085253
GSD64,340,132,346,133,GSD,5.701378494092857,6.082762530298219
GSD26,428,181,431,182,GSD,6.047510241385282,3.1622776601683795
TS301,385,267,388,259,TS,4.240775871791721,8.54400374531753
TG1164,330,326,361,320,TG,5.922684008050869,31.575306807693888
TS147,145,401,132,399,TS,6.174756160451331,13.152946437965905
TS378,310,94,317,89,TS,6.217371274266758,8.602325267042627
GG209,281,191,296,191,GG,7.423719949512166,15.0
TG442,403,108,428,89,TG,6.941982177393789,31.400636936215164
GSD268,483,185,485,179,GSD,3.8519895321463267,6.324555320336759
GG397,453,100,451,94,GG,6.576041854249425,6.324555320336759
TG178,302,326,327,327,TG,6.056639701305412,25.019992006393608
TS696,469,94,475,94,TS,6.428166061034412,6.0
GG637,434,109,438,105,GG,6.264536786434224,5.656854249492381
TG842,160,405,133,400,TG,6.0749819952238,27.459060435491963
TG151,339,147,359,138,TG,5.305162228702239,21.93171219946131
GG785,262,176,262,168,GG,5.089563562628275,8.0
GSD79,254,313,254,318,GSD,4.877298499350749,5.0
TG118,248,160,223,163,TG,6.792472640736617,25.179356624028344
GSD358,449,135,446,136,GSD,5.9084069962157315,3.1622776601683795
GG399,336,118,328,110,GG,7.367821243359636,11.313708498984761
TS322,306,254,302,266,TS,5.591607713028281,12.649110640673518
TS383,304,178,313,173,TS,6.3133405181560045,10.295630140987
GSD359,346,182,347,178,GSD,6.585243067088506,4.123105625617661
TS215,84,399,71,393,TS,6.270496824854117,14.317821063276353
GG162,346,200,352,197,GG,4.710233666520978,6.708203932499369
GG24,270,99,272,94,GG,3.771530940988109,5.385164807134504
GSD95,399,319,401,317,GSD,4.830082594720695,2.8284271247461903
GG177,429,161,431,168,GG,6.113162932433975,7.280109889280518
TG490,416,96,403,108,TG,4.711341817058458,17.69180601295413
TS318,386,272,381,272,TS,5.412063325943674,5.0
GSD187,279,106,278,111,GSD,6.334373643915201,5.0990195135927845
GSD267,469,220,470,221,GSD,5.702037173344614,1.4142135623730951
GSD182,400,171,402,172,GSD,5.90874291724576,2.23606797749979
TG1050,185,407,213,420,TG,6.423257196322424,30.870698080866262
GG758,312,197,320,197,GG,5.770189049687927,8.0
TS725,153,362,141,367,TS,6.479701663834553,13.0
GG401,272,85,274,78,GG,6.266990660510381,7.280109889280518
GG46,249,303,250,299,GG,3.6232376903596304,4.123105625617661
GG228,323,202,323,200,GG,6.468666435830632,2.0
GG598,171,466,174,454,GG,5.980096067399041,12.36931687685298
GSD66,360,307,365,312,GSD,7.027372486610936,7.0710678118654755
TS324,487,92,479,93,TS,5.455766005952979,8.06225774829855
TG578,443,95,468,94,TG,5.756333048821547,25.019992006393608
GG777,438,106,442,114,GG,6.8754559074444295,8.94427190999916
GG389,313,97,319,100,GG,4.974321826977185,6.708203932499369
GSD321,341,195,342,195,GSD,4.530625215710566,1.0
TS166,257,164,253,167,TS,6.783218874732016,5.0
TS70,352,321,345,324,TS,5.417996320446996,7.615773105863909
TS285,256,436,259,435,TS,5.7455107535995715,3.1622776601683795
GSD121,426,121,421,123,GSD,6.599755140319239,5.385164807134504
TS600,347,322,347,324,TS,5.342279198321489,2.0
GG718,362,223,366,218,GG,5.497528478937196,6.4031242374328485
TS392,135,245,149,240,TS,5.960455375865809,14.866068747318506
GG24,272,107,270,99,GG,5.7883022923878045,8.246211251235321
TS146,334,323,343,325,TS,5.616496116817224,9.219544457292887
GG698,449,94,452,94,GG,6.322263449256795,3.0
TS145,276,458,270,455,TS,4.085653224021136,6.708203932499369
GSD210,369,345,371,349,GSD,6.3708391605771375,4.47213595499958
TG1043,467,127,442,131,TG,6.061109684900357,25.317977802344327
GG708,241,196,245,200,GG,4.711261212818741,5.656854249492381
TS724,238,143,241,147,TS,5.540621303633632,5.0
TG1008,428,151,437,181,TG,6.311746345306108,31.32091952673165
GSD315,351,309,350,309,GSD,6.454309456370289,1.0
TS735,324,160,327,164,TS,4.152828924386949,5.0
GG234,295,104,303,101,GG,6.3442663117100055,8.54400374531753
GG385,262,116,271,118,GG,6.006104299938644,9.219544457292887
GSD387,16,441,14,441,GSD,5.742899698503301,2.0
GG205,325,198,323,204,GG,4.240130520721716,6.324555320336759
TS726,91,391,92,396,TS,5.545314801382087,5.0990195135927845
GSD132,373,134,374,139,GSD,7.361947483010109,5.0990195135927845
GG13,470,67,479,73,GG,5.4086431599310725,10.816653826391969
GG625,95,391,91,396,GG,5.047886087746257,6.4031242374328485
TS793,112,248,110,260,TS,6.464418890214184,12.165525060596439
TS247,83,303,74,314,TS,6.050919995602324,14.212670403551895
GG541,355,121,346,121,GG,6.570758208651377,9.0
TS70,381,293,378,301,TS,5.076974531034938,8.54400374531753
TS414,255,440,261,436,TS,5.697978713328979,7.211102550927978
TS664,292,173,277,164,TS,8.210246142448671,17.4928556845359
GG199,336,381,340,375,GG,5.6458866473633,7.211102550927978
GG36,436,74,437,66,GG,4.953184690100093,8.06225774829855
TS231,50,361,46,350,TS,5.132690840398047,11.704699910719626
GSD12,312,378,317,381,GSD,6.209419103376298,5.830951894845301
TS378,317,89,335,87,TS,6.1732659072585765,18.110770276274835
TS208,365,123,351,121,TS,5.961400508933487,14.142135623730951
GG539,318,161,331,162,GG,7.09946276269786,13.038404810405298
TG1153,250,342,272,328,TG,5.993634027359025,26.076809620810597
TS293,194,410,191,407,TS,5.621491608374184,4.242640687119285
TG568,316,217,317,192,TG,5.773761157453859,25.019992006393608
TS274,476,123,484,112,TS,5.365181167970314,13.601470508735444
GG755,313,195,320,202,GG,6.562347102383716,9.899494936611665
TS537,378,127,368,131,TS,5.216231758823213,10.770329614269007
TS764,174,411,191,412,TS,6.4751910345355945,17.029386365926403
TS673,83,385,80,375,TS,4.244058142860346,10.44030650891055
GG593,383,175,385,165,GG,5.935788073790237,10.198039027185569
TS595,69,319,74,313,TS,4.887156116956597,7.810249675906654
GG472,283,111,278,116,GG,5.50224992284076,7.0710678118654755
GSD367,526,170,526,168,GSD,5.965622751009993,2.0
GG201,313,91,308,93,GG,6.338849713921958,5.385164807134504
GG294,390,155,394,145,GG,6.221796792202809,10.770329614269007
GSD148,472,204,475,203,GSD,6.8738189501469025,3.1622776601683795
TG527,378,301,387,279,TG,6.007305842885663,23.769728648009426
TS46,322,173,311,171,TS,5.19360379502379,11.180339887498949
TG855,272,169,278,165,TG,5.383941395852161,7.211102550927978
TS152,310,242,314,232,TS,6.16700965052001,10.770329614269007
GG706,423,93,417,101,GG,7.023752465980801,10.0
GSD309,504,180,500,179,GSD,5.323547910517441,4.123105625617661
TG415,315,225,307,249,TG,6.329584279035467,25.298221281347036
TS188,136,399,127,396,TS,4.378418500877516,9.486832980505138
TG680,298,105,306,98,TG,3.990679220842302,10.63014581273465
GG94,468,67,460,61,GG,6.689294529545506,10.0
TG450,330,325,352,320,TG,4.808049696513005,22.561028345356956
TG163,152,403,178,406,TG,5.194082934208556,26.1725046566048
TG960,366,315,383,297,TG,6.242617646388737,24.758836806279895
GSD102,286,83,283,88,GSD,6.037197820660925,5.830951894845301
GSD260,408,126,409,127,GSD,5.929458665911856,1.4142135623730951
GG503,246,219,254,221,GG,5.759241997201304,8.246211251235321
TG1184,307,172,294,172,TG,4.044914480054913,13.0
TS349,99,288,104,277,TS,6.006249359622934,12.083045973594572
GSD13,273,311,271,317,GSD,6.587390991223671,6.324555320336759
TS553,106,269,103,282,TS,8.351214530228017,13.341664064126334
TS738,262,170,268,167,TS,5.981499210579711,6.708203932499369
TS523,269,188,255,191,TS,6.4941509097123955,14.317821063276353
GG374,219,491,217,482,GG,6.215214975133296,9.219544457292887
TS713,85,402,89,410,TS,5.701955927575032,8.94427190999916
TG175,309,177,332,172,TG,5.124275993182547,23.53720459187964
TS531,128,398,116,393,TS,5.652655310801453,13.0
TS598,234,167,227,165,TS,5.931955549392121,7.280109889280518
GSD185,324,161,321,163,GSD,7.091242552270886,3.605551275463989
GG610,362,223,354,222,GG,5.895834821746593,8.06225774829855
TG315,187,407,150,403,TG,8.286218613491352,37.21558813185679
GSD54,273,82,270,84,GSD,5.226484723357906,3.605551275463989
GG326,268,437,274,445,GG,7.392807020390272,10.0
GSD275,222,385,219,382,GSD,4.05470094963092,4.242640687119285
GSD143,385,165,382,165,GSD,5.078418443512234,3.0
GG350,360,206,355,196,GG,6.9642441262786186,11.180339887498949
TS410,511,158,523,156,TS,6.725039123586868,12.165525060596439
TS82,257,161,260,168,TS,5.703131691248286,7.615773105863909
GG56,353,94,347,87,GG,6.170870725303441,9.219544457292887
GSD306,152,351,149,355,GSD,6.321073844504557,5.0
GSD139,363,149,363,143,GSD,4.671151055828684,6.0
TS677,413,219,429,221,TS,6.164145872529627,16.1245154965971
GSD2,336,315,336,317,GSD,5.891995638952282,2.0
GG442,103,378,97,385,GG,4.61230934076068,9.219544457292887
GSD4,436,55,435,51,GSD,6.210631659547531,4.123105625617661
TS272,385,286,385,272,TS,6.015693934852546,14.0
GG257,424,75,414,80,GG,6.929476979680249,11.180339887498949
TG320,271,351,275,383,TG,6.165892480777266,32.2490309931942
TS775,483,92,477,101,TS,6.461889870318689,10.816653826391969
GSD337,194,432,192,430,GSD,6.6305910607297065,2.8284271247461903
TG1027,318,173,302,175,TG,4.547464428958428,16.1245154965971
TG752,110,392,91,380,TG,5.227536901295233,22.47220505424423
TS605,83,387,80,375,TS,5.611217245174084,12.36931687685298
TS43,112,248,110,258,TS,5.68256287057628,10.198039027185569
GSD197,151,358,149,359,GSD,5.752870785665779,2.23606797749979
TS270,464,163,479,161,TS,5.682413153509944,15.132745950421556
GG167,452,99,453,89,GG,6.311305983625671,10.04987562112089
TG1039,90,371,88,346,TG,5.930690930977094,25.079872407968907
TG1028,257,148,263,158,TG,7.065478245371567,11.661903789690601
TS459,83,386,81,376,TS,5.937062393761548,10.198039027185569
TG674,269,424,278,404,TG,4.978563717559752,21.93171219946131
TS603,95,388,93,379,TS,4.826762368898073,9.219544457292887
TG141,216,346,198,351,TG,3.8063201851107262,18.681541692269406
GG49,423,146,426,156,GG,5.462578493948197,10.44030650891055
GG281,393,144,399,142,GG,6.397077218429711,6.324555320336759
GSD300,298,294,302,295,GSD,4.768540094273412,4.123105625617661
GSD175,522,152,520,153,GSD,6.673775808674391,2.23606797749979
TS108,476,162,495,162,TS,7.247719194321765,19.0
TG601,306,257,310,239,TG,4.381805178173543,18.439088914585774
GSD105,463,87,461,94,GSD,6.178364110720925,7.280109889280518
TG906,393,118,412,102,TG,5.264999970725735,24.839484696748443
GG395,469,194,464,204,GG,6.007777897477414,11.180339887498949
GSD75,475,155,474,157,GSD,5.5670753506561415,2.23606797749979
GG217,237,107,228,106,GG,5.261129668769232,9.055385138137417
GSD363,252,338,255,332,GSD,6.130404393741277,6.708203932499369
TG31,335,150,333,157,TG,6.99692745482387,7.280109889280518
TS732,417,109,414,116,TS,5.959750633400056,7.615773105863909
TG1063,412,101,396,116,TG,4.412943880497292,21.93171219946131
TS643,397,115,403,109,TS,5.8198623497856445,8.48528137423857
GG203,458,150,460,143,GG,6.371911147505347,7.280109889280518
GSD313,465,201,467,204,GSD,5.821602527967826,3.605551275463989
TS750,457,163,451,174,TS,5.83347583946858,12.529964086141668
GG499,179,318,166,316,GG,7.039147125775994,13.152946437965905
GSD103,429,78,427,84,GSD,5.886826325263364,6.324555320336759
TG499,321,87,339,85,TG,4.917093155979592,18.110770276274835
GG20,269,435,266,425,GG,4.900867960173056,10.44030650891055
GSD361,284,329,290,333,GSD,6.487316864750863,7.211102550927978
TG656,333,123,311,129,TG,6.281883679643267,22.80350850198276
TG119,329,326,305,328,TG,5.705332882488627,24.08318915758459
TG383,427,148,406,154,TG,6.237313396719649,21.840329667841555
TS606,257,164,258,168,TS,4.240296933790571,4.123105625617661
TS273,443,95,428,102,TS,8.152309563537521,16.55294535724685
TG871,276,169,297,173,TG,6.034042116381345,21.37755832643195
GG581,196,408,204,409,GG,4.966350843778188,8.06225774829855
GSD61,362,282,356,282,GSD,5.106791706612192,6.0
GG521,306,209,319,212,GG,7.842853532537923,13.341664064126334
TG951,139,400,121,395,TG,4.052755413844345,18.681541692269406
GSD241,273,159,272,156,GSD,5.032582290403113,3.1622776601683795
TG991,433,160,433,137,TG,6.980352014625646,23.0
GG22,431,77,434,81,GG,4.284293327445984,5.0
TS114,388,126,388,132,TS,5.625877549089946,6.0
GG601,432,85,432,91,GG,5.03228279111194,6.0
GG36,437,66,437,58,GG,4.6792526675039365,8.0
GG473,175,446,173,453,GG,4.979447846136536,7.280109889280518
TS209,240,175,251,186,TS,8.201374906285025,15.556349186104045
TG810,385,292,371,309,TG,5.614831211819179,22.02271554554524
GG509,366,61,367,52,GG,6.3792179081603715,9.055385138137417
GSD245,277,291,276,287,GSD,5.30074046312256,4.123105625617661
TS531,116,393,104,390,TS,5.8732590392949255,12.36931687685298
GSD190,295,363,292,361,GSD,6.0684921570057995,3.605551275463989
GG464,392,176,398,177,GG,5.749131998781379,6.082762530298219
TS622,510,158,524,155,TS,5.424863253794216,14.317821063276353
TS787,345,120,332,123,TS,5.233766627309506,13.341664064126334
GSD376,180,369,183,371,GSD,6.396823111716122,3.605551275463989
GG283,132,327,131,338,GG,6.166229137469379,11.045361017187261
TS796,470,220,485,215,TS,6.441223285335715,15.811388300841896
TS186,399,241,401,236,TS,4.245253949333976,5.385164807134504
GG137,266,449,267,442,GG,4.708096211346302,7.0710678118654755
GSD169,36,439,34,441,GSD,5.166241444243634,2.8284271247461903
GG672,328,161,331,158,GG,4.544005609964149,4.242640687119285
TS181,503,160,515,157,TS,5.829753093932954,12.36931687685298
GG389,319,100,325,106,GG,5.278847412587183,8.48528137423857
GSD133,296,275,294,281,GSD,6.450067819472839,6.324555320336759
TS165,223,168,214,172,TS,6.6346505864691565,9.848857801796104
GG702,263,188,254,187,GG,6.419325776604879,9.055385138137417
TS316,322,166,328,162,TS,6.4074903580768865,7.211102550927978
GG343,263,179,264,188,GG,7.036503859250022,9.055385138137417
GSD188,243,192,244,188,GSD,3.5933315780399973,4.123105625617661
TG841,416,154,430,142,TG,5.957029818821538,18.439088914585774
GSD352,243,220,244,216,GSD,6.312428627426403,4.123105625617661
TS533,49,444,53,440,TS,6.579094532339102,5.656854249492381
TG1056,114,243,106,269,TG,6.004362618477535,27.202941017470888
GSD72,230,384,233,387,GSD,4.718490520450835,4.242640687119285
GG61,434,195,432,201,GG,5.1271824030358815,6.324555320336759
GG245,237,269,239,275,GG,3.733438781856556,6.324555320336759
GSD311,144,384,144,389,GSD,5.352507812223926,5.0
TG482,181,407,203,412,TG,4.8909910157865975,22.561028345356956
GG325,388,119,398,122,GG,6.504055422621311,10.44030650891055
GG118,359,222,359,208,GG,7.032363791695307,14.0
TG672,206,414,179,406,TG,6.779137041791498,28.160255680657446
GSD9,524,153,523,154,GSD,3.9658718219967604,1.4142135623730951
GSD160,358,135,362,138,GSD,6.416000063925804,5.0
TS28,387,227,401,227,TS,5.426183528726337,14.0
GSD301,242,342,244,342,GSD,4.6184901401422,2.0
GSD337,152,427,146,427,GSD,5.598788048097688,6.0
GSD284,120,411,114,409,GSD,7.135185460742001,6.324555320336759
TG1107,482,116,477,95,TG,6.93371511428502,21.587033144922902
GSD256,292,153,293,156,GSD,5.261526082443634,3.1622776601683795
GG550,516,172,507,174,GG,5.927029790035036,9.219544457292887
TG8,307,247,315,224,TG,5.071743004818924,24.351591323771842
GSD248,437,174,436,171,GSD,6.0160089849042215,3.1622776601683795
TG157,216,153,219,160,TG,4.1739548210156086,7.615773105863909
TG439,160,405,184,408,TG,5.13488746393958,24.186773244895647
TG994,372,308,387,287,TG,6.236636833970795,25.80697580112788
GG397,451,94,444,95,GG,5.4988650014080065,7.0710678118654755
GG61,391,175,401,177,GG,5.057921346887026,10.198039027185569
TS381,273,363,277,378,TS,6.17130898709371,15.524174696260024
GSD278,250,452,248,454,GSD,5.755767702390207,2.8284271247461903
TG1170,350,82,336,87,TG,4.231252830953936,14.866068747318506
GG514,266,444,269,434,GG,7.760687488763844,10.44030650891055
GG51,117,392,109,388,GG,5.725558687977276,8.94427190999916
TG818,328,160,349,150,TG,5.4012789203050025,23.259406699226016
GG408,408,230,405,237,GG,6.978230881548267,7.615773105863909
TG311,254,343,229,346,TG,6.106689180294673,25.179356624028344
GSD25,482,154,484,160,GSD,4.7540232960452045,6.324555320336759
GSD355,151,405,154,404,GSD,5.268578508808357,3.1622776601683795
TS232,337,148,326,154,TS,5.343690786641982,12.529964086141668
GSD136,442,54,444,54,GSD,5.463582811801999,2.0
TS96,434,222,418,219,TS,6.088289239528162,16.278820596099706
TG4,314,201,334,180,TG,5.813378604991146,29.0
TS200,411,215,413,219,TS,4.9812636729375495,4.47213595499958
TS635,440,223,454,224,TS,6.248520129879999,14.035668847618199
GSD350,318,78,318,71,GSD,5.91784752977707,7.0
TG881,139,400,108,391,TG,7.076985261898624,32.28002478313795
TS794,117,370,105,377,TS,5.859520812695141,13.892443989449804
GG216,257,261,250,259,GG,4.893273759987811,7.280109889280518
TG322,240,437,218,426,TG,6.5543784151237485,24.596747752497688
TG1058,220,161,227,149,TG,5.771012351376035,13.892443989449804
GSD204,429,51,432,50,GSD,5.930742649752348,3.1622776601683795
GG226,269,119,276,119,GG,3.5533781106023667,7.0
TS576,224,152,213,156,TS,6.195276507145454,11.704699910719626
TS381,271,351,273,363,TS,5.366410417416796,12.165525060596439
GSD207,356,297,357,302,GSD,7.92001442817631,5.0990195135927845
GG64,452,87,453,98,GG,7.621754988910455,11.045361017187261
GSD349,241,341,235,341,GSD,5.1042279140076925,6.0
GG18,91,402,94,410,GG,5.302087808593804,8.54400374531753
GG396,514,173,506,175,GG,6.717812508610224,8.246211251235321
GG244,397,216,389,216,GG,6.281430194418353,8.0
TS651,134,224,122,229,TS,6.971889117633559,13.0
TS473,259,144,263,148,TS,6.485197985813284,5.656854249492381
GSD124,197,409,203,407,GSD,6.5755729045589,6.324555320336759
GSD31,368,235,365,238,GSD,6.315270375116727,4.242640687119285
GSD17,232,127,235,127,GSD,5.375341128769422,3.0
TG723,251,161,278,171,TG,6.909404032772307,28.792360097775937
GSD301,248,342,249,341,GSD,4.407214764335244,1.4142135623730951
GG430,410,110,417,101,GG,5.958864460419273,11.40175425099138
GSD342,240,483,235,486,GSD,5.801253452006108,5.830951894845301
TG958,316,208,320,191,TG,4.609540319615317,17.46424919657298
TS92,235,171,246,179,TS,6.864617796105005,13.601470508735444
TG19,188,356,159,362,TG,6.364198220799653,29.614185789921695
GSD392,322,98,320,93,GSD,4.961903741225058,5.385164807134504
TS158,221,162,216,157,TS,4.970778987454302,7.0710678118654755
TG488,495,86,476,97,TG,5.488541202520668,21.95449840010015
GSD199,390,258,392,259,GSD,4.865870146053751,2.23606797749979
TG286,337,323,315,332,TG,5.986629606121255,23.769728648009426
TS314,81,374,77,361,TS,6.6205985150526505,13.601470508735444
TS609,274,454,282,445,TS,6.038314445664762,12.041594578792296
TS256,442,132,430,138,TS,6.801593187033639,13.416407864998739
TG710,153,362,176,356,TG,5.20924339463289,23.769728648009426
TS527,246,152,238,144,TS,6.16604954354911,11.313708498984761
GSD76,180,320,180,312,GSD,6.367231573862512,8.0
TG1056,106,269,100,293,TG,5.306587065647586,24.73863375370596
TG633,309,241,303,261,TG,5.841402606401153,20.8806130178211
TS418,418,95,425,90,TS,6.410861930549341,8.602325267042627
TS454,253,152,243,148,TS,5.969910945609607,10.770329614269007
GSD151,355,322,354,325,GSD,6.680991090689361,3.1622776601683795
TS253,281,318,292,321,TS,6.406567612893223,11.40175425099138
GSD307,370,144,367,143,GSD,7.741902402174368,3.1622776601683795
TS683,256,165,261,169,TS,6.542721002407644,6.4031242374328485
TS654,337,374,339,361,TS,5.427917524754651,13.152946437965905
TS689,324,175,318,175,TS,6.4358211950367465,6.0
TG1073,366,315,347,322,TG,4.6393035729961225,20.248456731316587
GSD393,285,147,288,148,GSD,4.938469604761487,3.1622776601683795
GG657,272,88,270,99,GG,7.005482455204796,11.180339887498949
GG662,359,256,363,246,GG,6.344067898589511,10.770329614269007
TG1029,468,127,443,132,TG,5.504389869594048,25.495097567963924
GSD146,320,247,323,250,GSD,6.145757265064187,4.242640687119285
GSD226,312,430,307,432,GSD,5.422013934121614,5.385164807134504
TG485,110,391,94,382,TG,4.850642982673579,18.35755975068582
TG505,225,431,216,424,TG,3.267791408218361,11.40175425099138
GG659,393,98,402,103,GG,6.103882219707858,10.295630140987
TG941,245,161,223,163,TG,6.514137424822999,22.090722034374522
TS289,175,411,187,413,TS,3.9249404680253743,12.165525060596439
TG360,281,144,313,130,TG,7.278668152450073,34.92849839314596
TS271,438,92,448,96,TS,5.698409367076117,10.770329614269007
TS450,408,104,414,98,TS,4.661277119838932,8.48528137423857
GG143,513,172,520,167,GG,5.929937620220928,8.602325267042627
GG797,329,387,333,382,GG,5.779422895958156,6.4031242374328485
GG53,154,469,161,469,GG,4.6295363058979655,7.0
GG710,512,161,519,160,GG,4.673303007311796,7.0710678118654755
TS311,71,351,66,337,TS,6.387580305708074,14.866068747318506
GG158,292,193,280,191,GG,6.739002604648883,12.165525060596439
TG851,259,165,285,171,TG,5.737374933424038,26.68332812825267
GG353,302,158,306,149,GG,7.897627655472302,9.848857801796104
TG1195,281,144,261,142,TG,7.738136256778473,20.09975124224178
TS47,228,384,234,374,TS,5.8766968096763135,11.661903789690601
TG969,293,172,275,170,TG,5.320941304829428,18.110770276274835
GSD313,449,204,453,203,GSD,5.677522370576867,4.123105625617661
GSD266,331,355,327,356,GSD,5.589924667604393,4.123105625617661
GSD343,401,147,408,146,GSD,7.29757627810412,7.0710678118654755
GG358,253,338,244,331,GG,6.50908344924241,11.40175425099138
TG1198,247,343,272,331,TG,6.400619595546035,27.730849247724095
GSD157,232,419,232,422,GSD,4.51771139849877,3.0
GSD183,202,368,198,368,GSD,5.996569138926063,4.0
GG554,453,88,449,83,GG,6.359633799793998,6.4031242374328485
TG847,386,276,387,259,TG,4.538164117888938,17.029386365926403
GSD308,420,257,419,260,GSD,6.657564434556669,3.1622776601683795
TS548,323,173,327,173,TS,4.318427575661701,4.0
TS298,271,326,263,329,TS,4.100173188560103,8.54400374531753
GG279,346,85,351,93,GG,6.786222330676702,9.433981132056603
GSD266,327,356,328,358,GSD,6.271214120009205,2.23606797749979
TG676,275,170,299,174,TG,6.443908517532517,24.331050121192877
TS165,203,181,198,188,TS,5.480908474286473,8.602325267042627
GG486,494,162,482,162,GG,6.879879091389123,12.0
TS392,161,234,175,223,TS,8.139365830059063,17.804493814764857
TG442,428,89,456,97,TG,7.566492060720262,29.120439557122072
GG18,81,403,91,402,GG,5.115395539689665,10.04987562112089
GSD375,404,227,407,227,GSD,4.818970956826927,3.0
GSD116,444,130,446,138,GSD,7.816090093403364,8.246211251235321
GG628,362,243,359,252,GG,6.129636473851182,9.486832980505138
TG577,385,124,369,126,TG,5.711959009477759,16.1245154965971
TG414,329,326,343,323,TG,3.763361689087119,14.317821063276353
TS245,251,153,258,158,TS,6.597594857266762,8.602325267042627
GSD237,231,260,228,260,GSD,5.622189108965941,3.0
TS68,346,218,334,215,TS,6.237218148546916,12.36931687685298
GSD1,243,184,243,190,GSD,6.374868431667273,6.0
GSD161,324,380,322,385,GSD,6.193876555126973,5.385164807134504
TS466,212,163,202,169,TS,5.71750954883905,11.661903789690601
TS242,228,347,212,345,TS,6.232276414727825,16.1245154965971
GSD168,350,194,352,190,GSD,6.11059943842271,4.47213595499958
TG1032,316,211,310,239,TG,7.2842811847925875,28.635642126552707
GSD58,320,116,323,123,GSD,6.551298946764117,7.615773105863909
TG1121,280,117,265,136,TG,5.790278784016217,24.20743687382041
TS497,225,162,218,155,TS,6.574555654647871,9.899494936611665
TS372,242,178,250,185,TS,7.013676146034015,10.63014581273465
GG479,339,176,347,168,GG,5.388971802769127,11.313708498984761
TG811,397,151,379,137,TG,6.270011480015805,22.80350850198276
TS593,240,344,248,343,TS,5.790863272237381,8.06225774829855
GG750,236,241,237,251,GG,6.3327975096105416,10.04987562112089
GG673,311,120,316,125,GG,5.18198336044993,7.0710678118654755
TS669,149,215,143,219,TS,3.7061454637674025,7.211102550927978
TS53,346,143,356,138,TS,6.386096296581847,11.180339887498949
TG134,367,314,379,299,TG,5.838718729120725,19.209372712298546
TS699,355,324,352,342,TS,6.908818481813741,18.24828759089466
TS795,522,159,525,164,TS,5.475925997589495,5.830951894845301
TG414,343,323,369,313,TG,5.778367152180753,27.85677655436824
TG998,316,89,300,104,TG,6.400366802133414,21.93171219946131
GG622,183,470,192,471,GG,5.445593211999068,9.055385138137417
GSD366,428,102,428,99,GSD,3.513388830501692,3.0
GSD28,341,259,339,259,GSD,7.312712389162353,2.0
TG759,335,149,321,167,TG,6.242350821444086,22.80350850198276
TS184,437,180,451,174,TS,7.940161553117318,15.231546211727817
GSD112,442,232,438,232,GSD,5.6890233377914825,4.0
GG79,338,219,346,219,GG,6.4850608625349215,8.0
TG243,183,356,151,363,TG,5.8619139085410605,32.7566787083184
GSD23,368,216,365,212,GSD,6.093633085017759,5.0
GSD171,427,275,424,278,GSD,5.760144273831813,4.242640687119285
GSD241,282,150,286,147,GSD,5.144933026343381,5.0
GSD64,330,130,334,131,GSD,6.123690161738999,4.123105625617661
GSD139,360,136,357,134,GSD,5.67061586605422,3.605551275463989
TG431,312,236,303,264,TG,6.874128211189815,29.410882339705484
TG936,227,149,243,143,TG,4.8888308944858565,17.08800749063506
GG536,394,144,390,155,GG,8.113305211270678,11.704699910719626
GG324,214,199,222,200,GG,6.916500689303206,8.06225774829855
GSD268,485,179,484,176,GSD,5.48563164699253,3.1622776601683795
GG228,322,205,323,202,GG,6.635793083935819,3.1622776601683795
GSD319,441,124,437,122,GSD,6.01633633223717,4.47213595499958
GSD58,318,106,319,113,GSD,5.857397143680906,7.0710678118654755
TS76,255,190,274,188,TS,6.697339813785996,19.1049731745428
TS99,399,241,402,238,TS,7.462050755421012,4.242640687119285
GG762,272,116,269,105,GG,7.810857417277324,11.40175425099138
GSD88,223,385,216,382,GSD,7.245416328510526,7.615773105863909
GG130,240,197,250,198,GG,6.8486098416285515,10.04987562112089
TG251,366,315,349,322,TG,5.483207285010106,18.384776310850235
GSD101,399,318,400,316,GSD,5.428244308334449,2.23606797749979
GSD188,244,197,243,192,GSD,7.212142830542955,5.0990195135927845
TS112,250,345,245,356,TS,6.10673778375234,12.083045973594572
TG107,227,149,215,158,TG,5.712972600450515,15.0
TS473,291,143,302,134,TS,6.015709729389378,14.212670403551895
GG555,179,354,189,357,GG,7.369850363833382,10.44030650891055
GG443,472,82,461,79,GG,7.1154647212576485,11.40175425099138
TG257,233,145,215,158,TG,4.968885574819517,22.20360331117452
TG783,249,147,266,146,TG,6.508785722890485,17.029386365926403
TG1156,92,394,90,365,TG,7.483192797067288,29.068883707497267
GSD339,447,201,447,205,GSD,5.953610552910675,4.0
TS778,238,167,233,167,TS,4.309643877963866,5.0
GG505,258,460,251,462,GG,4.981783472490152,7.280109889280518
GSD55,462,79,462,77,GSD,6.549310456646332,2.0
TG1182,346,143,367,132,TG,5.87487374386158,23.706539182259394
GSD265,430,272,430,273,GSD,6.027379752449028,1.0
GSD292,249,160,246,153,GSD,8.19565019335975,7.615773105863909
GG383,336,312,330,315,GG,5.306939962574413,6.708203932499369
GSD244,235,160,232,157,GSD,6.757625650699928,4.242640687119285
GG336,262,165,261,177,GG,5.434671256426199,12.041594578792296
TS799,311,175,318,175,TS,5.010723909382872,7.0
TS519,83,385,85,398,TS,6.259231027220688,13.152946437965905
GSD352,242,230,242,225,GSD,6.655069368850201,5.0
GSD67,271,346,272,342,GSD,6.294192659084771,4.123105625617661
TS734,471,162,465,163,TS,4.951430721888396,6.082762530298219
TS404,314,201,316,208,TS,5.049170598291303,7.280109889280518
GG648,363,348,357,355,GG,6.474772127669819,9.219544457292887
TG150,198,350,177,356,TG,6.3224851204228685,21.840329667841555
GSD100,194,431,195,432,GSD,5.483410683022285,1.4142135623730951
GSD68,339,344,339,347,GSD,7.154439116533013,3.0
TS348,243,161,250,161,TS,5.2331263755749,7.0
GSD296,47,441,43,441,GSD,4.446351781171311,4.0
GG772,180,348,187,355,GG,6.129447254690621,9.899494936611665
TS622,498,161,510,158,TS,4.773127567951464,12.36931687685298
TG390,157,404,180,406,TG,5.326566562380798,23.08679276123039
TG116,117,370,94,389,TG,7.191164432605028,29.832867780352597
GSD311,154,409,158,408,GSD,7.42788314485955,4.123105625617661
GG96,226,182,216,186,GG,6.159306198066813,10.770329614269007
TS796,485,215,488,202,TS,6.4465217353818165,13.341664064126334
TS445,258,168,269,169,TS,4.579704742086861,11.045361017187261
GG763,252,187,245,181,GG,4.4429267787753375,9.219544457292887
TS451,308,176,299,173,TS,5.310255024282201,9.486832980505138
GSD304,365,282,361,282,GSD,5.866252002857633,4.0
TG356,301,175,326,174,TG,6.933465940751474,25.019992006393608
TG654,169,406,194,408,TG,5.166336985165076,25.079872407968907
GG77,353,143,351,134,GG,5.33079456347717,9.219544457292887
TG615,198,350,177,356,TG,4.985640840488889,21.840329667841555
GG657,270,99,270,108,GG,6.438013039282577,9.0
TS628,358,323,344,325,TS,7.248781647484534,14.142135623730951
TS791,216,159,220,152,TS,5.668380617979539,8.06225774829855
TS612,255,167,268,170,TS,5.8407719980078605,13.341664064126334
GG644,431,172,432,179,GG,6.049667693490592,7.0710678118654755
GSD200,306,93,305,91,GSD,5.978024622830599,2.23606797749979
GSD105,460,105,458,111,GSD,7.3585603934376,6.324555320336759
TS301,393,251,396,245,TS,5.7821833317271185,6.708203932499369
GSD278,248,454,243,455,GSD,5.5449474343382406,5.0990195135927845
GG533,387,160,384,169,GG,5.520610175299433,9.486832980505138
GG277,266,344,270,349,GG,6.341087311866824,6.4031242374328485
GSD238,320,392,324,393,GSD,5.934305311465026,4.123105625617661
GSD193,348,128,342,125,GSD,6.3291339292962565,6.708203932499369
TG869,157,404,182,407,TG,5.424641728303371,25.179356624028344
TS760,64,332,73,332,TS,4.755220616815624,9.0
TG1064,227,165,244,163,TG,5.4244771702726045,17.11724276862369
GSD294,484,175,483,178,GSD,5.322274542386516,3.1622776601683795
GG262,245,184,248,191,GG,6.556839238051859,7.615773105863909
TS446,388,131,399,128,TS,5.609994661780018,11.40175425099138
GSD4,439,55,436,55,GSD,5.3945643516713915,3.0
TG866,328,153,321,164,TG,5.044509990072247,13.038404810405298
GG429,179,308,174,317,GG,5.942803858443455,10.295630140987
TS126,385,120,372,112,TS,5.756217656133375,15.264337522473747
TG515,309,177,314,171,TG,5.162397508574862,7.810249675906654
GG376,315,209,323,212,GG,5.984431440683434,8.54400374531753
GG122,426,157,430,162,GG,5.7702185382848965,6.4031242374328485
GSD227,270,75,273,79,GSD,6.24611414872393,5.0
GG477,364,239,364,229,GG,5.610060523556687,10.0
GSD368,311,173,313,168,GSD,5.107739294641611,5.385164807134504
GG540,479,73,470,67,GG,5.7043423030830525,10.816653826391969
GG7,260,125,268,119,GG,7.081073366429252,10.0
GG612,400,38,387,41,GG,6.83989229915893,13.341664064126334
TS696,483,93,495,86,TS,8.323414926890859,13.892443989449804
GG107,230,469,220,475,GG,6.718492304206731,11.661903789690601
GG261,289,159,297,159,GG,6.204617233823434,8.0
GG724,306,151,302,159,GG,6.938833921739377,8.94427190999916
TG763,160,405,176,406,TG,4.317607523776923,16.0312195418814
TG1063,396,116,380,125,TG,5.378176463438797,18.35755975068582
TG430,362,136,367,125,TG,4.784436213710432,12.083045973594572
GSD13,270,317,273,321,GSD,5.988011966000517,5.0
GG232,360,72,364,63,GG,6.059751201174944,9.848857801796104
GSD101,388,330,390,327,GSD,5.5941438693726795,3.605551275463989
GG765,453,101,449,109,GG,7.710804009530699,8.94427190999916
GG605,268,86,260,78,GG,7.1086637708725,11.313708498984761
TG145,226,431,211,417,TG,4.960883435271932,20.518284528683193
TS387,291,322,301,324,TS,7.190643463632509,10.198039027185569
GSD328,313,426,307,423,GSD,6.5804420333095175,6.708203932499369
GG183,356,81,351,83,GG,5.943149175131654,5.385164807134504
TS150,340,324,351,324,TS,5.251464218107154,11.0
GSD164,372,112,369,117,GSD,6.404287127219959,5.830951894845301
GSD25,468,161,469,160,GSD,6.477421638875384,1.4142135623730951
GG301,262,166,260,173,GG,4.9206364078354605,7.280109889280518
GG105,430,166,430,172,GG,6.202719951235169,6.0
GG220,196,370,194,359,GG,6.894248173705623,11.180339887498949
GSD143,389,157,385,157,GSD,5.854069612549964,4.0
TG954,272,328,259,341,TG,5.193725552031257,18.384776310850235
GG465,247,137,237,141,GG,5.569273628091715,10.770329614269007
GG242,354,230,362,223,GG,6.386653717222924,10.63014581273465
GSD137,308,431,314,431,GSD,6.7612772323966315,6.0
GSD29,404,291,404,297,GSD,5.658284373071151,6.0
TG291,122,370,108,376,TG,4.764761269686484,15.231546211727817
TG468,157,404,182,406,TG,5.722363005023224,25.079872407968907
GG345,191,469,200,474,GG,6.0887722510209485,10.295630140987
GG390,373,106,375,111,GG,6.3166291426358026,5.385164807134504
TS501,238,163,240,164,TS,5.625013454415715,2.23606797749979
TG237,136,399,151,403,TG,4.451108923459207,15.524174696260024
GG631,256,147,256,154,GG,6.390174544780798,7.0
GSD341,546,149,548,144,GSD,5.9175993445704975,5.385164807134504
GSD381,436,123,431,123,GSD,5.097634001565831,5.0
TS529,304,331,290,326,TS,7.716423157329835,14.866068747318506
TG1115,444,95,459,96,TG,5.045784165094511,15.033296378372908
GSD77,226,436,223,433,GSD,5.028429541106032,4.242640687119285
GSD16,497,90,491,90,GSD,5.086087267823683,6.0
GG495,271,192,278,190,GG,6.134834129859268,7.280109889280518
TG223,329,326,304,327,TG,7.25976348511625,25.019992006393608
TS430,487,202,490,187,TS,5.81661254712057,15.297058540778355
GG441,418,211,420,206,GG,3.5201622362040386,5.385164807134504
GSD145,233,379,232,382,GSD,5.749685231898859,3.1622776601683795
GG458,435,188,443,186,GG,7.317511855839884,8.246211251235321
TG1068,293,295,280,312,TG,6.251199259626264,21.400934559032695
GSD226,317,427,314,428,GSD,4.686430568796672,3.1622776601683795
GG368,67,394,73,388,GG,5.784853885184425,8.48528137423857
GG166,428,76,422,75,GG,5.2550091157160965,6.082762530298219
GG237,324,104,328,111,GG,6.29446363079871,8.06225774829855
GSD67,274,348,271,346,GSD,7.344196161063831,3.605551275463989
GG492,258,192,251,187,GG,6.006673517175017,8.602325267042627
TS664,301,175,292,173,TS,5.252284581230335,9.219544457292887
TG940,278,165,263,158,TG,3.732698375723105,16.55294535724685
GG33,455,129,465,124,GG,5.393919200626637,11.180339887498949
TG646,91,327,89,353,TG,6.001135404491484,26.076809620810597
GG714,465,124,470,123,GG,5.778271897096474,5.0990195135927845
GSD314,225,225,225,230,GSD,6.260239025282473,5.0
GSD143,400,168,399,168,GSD,6.0314086463150645,1.0
TG537,482,92,479,107,TG,7.108139875931165,15.297058540778355
GG429,141,318,131,321,GG,5.753321417910097,10.44030650891055
TG394,387,288,374,305,TG,5.35110933557416,21.400934559032695
GSD223,452,174,449,171,GSD,5.573272929515774,4.242640687119285
TS683,274,164,286,171,TS,5.571617937812295,13.892443989449804
TS198,378,300,371,310,TS,7.506781387012538,12.206555615733702
TG270,157,404,194,407,TG,7.589733426673914,37.12142238654117
GG73,359,254,358,264,GG,6.474414125618169,10.04987562112089
GSD73,418,113,421,115,GSD,6.829160940182792,3.605551275463989
GG555,194,361,197,373,GG,7.216606704662215,12.36931687685298
GSD56,334,74,333,72,GSD,3.8398669296788945,2.23606797749979
TS642,437,180,448,175,TS,6.223092968569212,12.083045973594572
TG51,384,125,362,122,TG,6.4887125404542605,22.20360331117452
TG568,309,241,316,217,TG,5.065629545377148,25.0
GG612,379,42,372,45,GG,5.307439774063813,7.615773105863909
TG550,226,346,249,344,TG,6.026972708439643,23.08679276123039
GSD14,420,247,420,243,GSD,5.712125103587319,4.0
GSD42,185,361,186,358,GSD,4.952594092862718,3.1622776601683795
GSD392,320,93,321,89,GSD,4.670790540488646,4.123105625617661
GG503,259,222,272,220,GG,6.550845118507439,13.152946437965905
TS47,222,394,228,384,TS,5.99865305380247,11.661903789690601
GSD229,346,320,346,323,GSD,3.889890347913237,3.0
GG776,470,94,457,96,GG,7.297991505359555,13.152946437965905
TS336,349,345,344,354,TS,5.996035155753352,10.295630140987
TS472,277,419,278,403,TS,6.2202033775821235,16.0312195418814
GG777,435,79,432,87,GG,4.561589181862956,8.54400374531753
TS199,45,350,53,344,TS,4.73746523308634,10.0
TS475,377,301,369,312,TS,6.131665741493421,13.601470508735444
GG187,358,120,366,123,GG,5.210065305581637,8.54400374531753
GSD217,386,164,391,165,GSD,4.915813025131449,5.0990195135927845
GSD9,526,154,524,153,GSD,4.953340418314369,2.23606797749979
GG525,278,159,267,159,GG,6.917507297160018,11.0
TG488,476,97,480,117,TG,5.575342303647243,20.396078054371138
TS659,406,225,400,228,TS,5.557173958406512,6.708203932499369
GSD147,411,84,413,81,GSD,5.340029355366031,3.605551275463989
GG354,369,210,366,216,GG,6.750514124305682,6.708203932499369
GSD296,35,440,31,440,GSD,6.582637017350944,4.0
GSD45,442,130,443,131,GSD,6.783242476981706,1.4142135623730951
TS770,352,93,361,106,TS,6.2046561506619735,15.811388300841896
TG154,270,425,279,399,TG,7.201928538742554,27.51363298439521
TS78,222,161,218,156,TS,4.656158117590037,6.4031242374328485
TG761,179,406,206,415,TG,5.408528083982152,28.460498941515414
GG600,306,158,307,161,GG,5.538630154427338,3.1622776601683795
GG578,321,87,334,86,GG,7.161203151193924,13.038404810405298
GSD173,446,56,444,55,GSD,3.325768275178918,2.23606797749979
GSD213,283,144,282,142,GSD,5.234698446287833,2.23606797749979
TG268,385,292,386,274,TG,4.972886706210071,18.027756377319946
GSD14,421,253,420,247,GSD,6.285515600261533,6.082762530298219
GG50,391,154,393,147,GG,5.220531160250147,7.280109889280518
GG169,242,183,241,194,GG,6.834859474155568,11.045361017187261
GSD8,327,356,328,352,GSD,7.084809677974209,4.123105625617661
GG200,488,161,500,162,GG,6.5789753476139925,12.041594578792296
GG87,64,410,61,418,GG,4.996616402019404,8.54400374531753
TS672,346,322,341,322,TS,4.256173066717746,5.0
TG148,333,172,308,173,TG,6.997988299592201,25.019992006393608
GG321,242,183,244,180,GG,6.253483808089725,3.605551275463989
TS219,70,395,80,394,TS,5.511354648392265,10.04987562112089
GG41,359,215,359,224,GG,5.267328159844246,9.0
GG259,435,79,428,77,GG,5.152300583994384,7.280109889280518
GG38,227,163,226,153,GG,7.20199428847693,10.04987562112089
GSD76,179,326,180,323,GSD,4.61358587946151,3.1622776601683795
TS646,68,410,67,402,TS,4.900432474455137,8.06225774829855
TS267,66,323,75,314,TS,5.783388634922573,12.727922061357855
TG209,390,121,368,131,TG,5.284386562159315,24.166091947189145
GSD288,476,220,477,219,GSD,5.684357077296434,1.4142135623730951
GG172,297,103,290,106,GG,6.77022587046611,7.615773105863909
GG492,272,192,279,191,GG,5.067231700700922,7.0710678118654755
TG130,351,322,326,328,TG,6.406793848785755,25.709920264364882
TS486,221,160,218,154,TS,5.330723446024283,6.708203932499369
TG1030,230,166,251,161,TG,5.218000957559888,21.587033144922902
TG123,378,133,361,142,TG,6.505697210650686,19.235384061671343
GSD171,429,273,427,275,GSD,3.552119252571522,2.8284271247461903
GSD348,522,151,518,150,GSD,5.974363722220652,4.123105625617661
TG1026,263,341,232,345,TG,6.8575894413273435,31.25699921617557
TG1136,387,260,386,281,TG,4.781980069231374,21.02379604162864
TS680,263,168,272,171,TS,5.498002218566499,9.486832980505138
TG124,307,177,284,172,TG,6.414039459171086,23.53720459187964
TS608,111,397,99,394,TS,5.91763748270459,12.36931687685298
GG480,226,125,232,130,GG,5.662962306219313,7.810249675906654
TG486,211,346,177,356,TG,6.806989026112618,35.4400902933387
TG238,185,356,158,362,TG,7.174123036807785,27.65863337187866
GG608,270,337,265,340,GG,4.890116022167042,5.830951894845301
TS690,259,165,267,169,TS,8.133445933522177,8.94427190999916
GSD5,325,248,325,246,GSD,5.599506343672627,2.0
TS158,213,158,224,150,TS,7.445005952768851,13.601470508735444
TG388,307,177,321,164,TG,5.962423527349569,19.1049731745428
TG446,375,305,352,321,TG,6.565432190775816,28.0178514522438
GSD362,254,255,250,255,GSD,6.504126393777174,4.0
TG453,132,226,147,217,TG,4.7955408246929006,17.4928556845359
TS716,359,219,369,221,TS,4.045073444032639,10.198039027185569
GG305,258,148,261,155,GG,5.304811724041125,7.615773105863909
GSD180,460,95,463,93,GSD,4.222746177441756,3.605551275463989
GG763,261,172,263,181,GG,6.4069118588054295,9.219544457292887
TG435,185,356,153,361,TG,6.861816065236072,32.38826948140329
TG679,307,172,290,172,TG,5.380278791979195,17.0
TS640,400,109,389,121,TS,7.327500730777404,16.278820596099706
TS91,202,407,214,400,TS,6.7212627625938985,13.892443989449804
GG794,360,114,360,121,GG,7.321963211836275,7.0
GSD15,338,318,335,317,GSD,6.848718645520307,3.1622776601683795
TS478,269,424,280,420,TS,7.342655603158702,11.704699910719626
GG786,431,139,439,137,GG,5.3186633759495265,8.246211251235321
GSD378,446,202,447,199,GSD,6.159093306000553,3.1622776601683795
GG141,311,163,305,163,GG,5.467953328973172,6.0
GSD268,468,189,471,186,GSD,7.125643821693327,4.242640687119285
TS613,387,131,391,144,TS,5.875399040273656,13.601470508735444
GG313,301,194,301,183,GG,6.426892894107262,11.0
GSD131,264,125,263,120,GSD,4.849932483752833,5.0990195135927845
TG590,405,107,416,96,TG,4.61124263322105,15.556349186104045
GG66,298,192,290,187,GG,6.933377522752259,9.433981132056603
TG690,160,405,140,401,TG,5.0999673506309255,20.396078054371138
GG615,242,185,240,177,GG,5.764821405358974,8.246211251235321
TG18,301,324,320,331,TG,5.3461044163353275,20.248456731316587
TS32,58,372,61,382,TS,5.671091372970868,10.44030650891055
GSD330,326,355,325,350,GSD,6.780103975441932,5.0990195135927845
TS110,386,226,398,230,TS,5.927214079043569,12.649110640673518
GG707,387,128,380,130,GG,4.698622672855727,7.280109889280518
GG484,275,321,273,329,GG,5.310053787981527,8.246211251235321
TS551,101,286,101,291,TS,7.039332355632082,5.0
GG144,364,343,357,352,GG,6.6034868452172635,11.40175425099138
TG964,243,142,222,151,TG,7.0142655207629465,22.847319317591726
GG510,266,315,256,320,GG,6.653145301434009,11.180339887498949
GG299,132,332,129,343,GG,6.759399809307183,11.40175425099138
TS744,111,260,113,250,TS,6.2669296367281575,10.198039027185569
TS485,66,387,61,379,TS,5.248624678735929,9.433981132056603
GG676,240,498,229,497,GG,6.400454534132352,11.045361017187261
TG491,390,121,402,108,TG,4.2212628670611,17.69180601295413
GG411,265,117,272,113,GG,6.262585396323278,8.06225774829855
GG157,359,283,364,288,GG,3.9374508626286318,7.0710678118654755
TS697,386,268,389,255,TS,6.153280868114038,13.341664064126334
TS264,314,201,320,190,TS,6.0981834682228495,12.529964086141668
TS456,91,391,90,401,TS,6.59956816776584,10.04987562112089
TG432,225,347,253,343,TG,6.508485221826005,28.284271247461902
TS423,227,386,220,397,TS,6.86981171533837,13.038404810405298
TS435,92,395,86,402,TS,6.77742462330405,9.219544457292887
GSD137,303,435,308,431,GSD,4.595017458731933,6.4031242374328485
GG99,262,139,270,132,GG,6.185342187743819,10.63014581273465
GG740,437,69,442,60,GG,6.900585650610955,10.295630140987
TS576,213,156,220,158,TS,6.371110879419845,7.280109889280518
TG61,228,165,218,155,TG,4.552293200629176,14.142135623730951
GG514,262,428,265,435,GG,7.788426897984358,7.615773105863909
GSD2,335,326,335,331,GSD,8.615423171808633,5.0
GG233,274,324,279,315,GG,6.44586377028957,10.295630140987
GSD318,240,171,243,178,GSD,6.191889373607168,7.615773105863909
GG45,228,198,222,201,GG,4.775706854849496,6.708203932499369
TS528,462,126,473,125,TS,5.92881826405474,11.045361017187261
GSD199,385,258,390,258,GSD,6.274458395182646,5.0
GSD297,272,155,276,155,GSD,5.502670021606726,4.0
GG406,443,134,453,131,GG,5.458602508821379,10.44030650891055
TS467,78,400,74,394,TS,5.069103867993528,7.211102550927978
TG199,333,172,313,171,TG,5.060797331189116,20.024984394500787
GSD66,378,301,382,296,GSD,6.819687592989538,6.4031242374328485
GG283,154,317,142,318,GG,5.776204350534087,12.041594578792296
TG1114,228,127,237,136,TG,3.853298689663842,12.727922061357855
TG37,406,106,390,123,TG,5.742736722769783,23.345235059857504
GG86,315,230,311,239,GG,5.216060892731926,9.848857801796104
GG686,306,258,303,263,GG,4.339150225318,5.830951894845301
GG9,309,132,313,124,GG,7.475924319745151,8.94427190999916
TG1111,422,91,409,103,TG,4.540443495145177,17.69180601295413
TG72,460,95,475,97,TG,4.026659065402664,15.132745950421556
TS610,244,182,244,187,TS,5.339996854994716,5.0
GG171,469,111,460,111,GG,6.434084832231365,9.0
GSD190,299,361,302,365,GSD,5.903236446803066,5.0
TS561,221,168,224,163,TS,5.404405077104817,5.830951894845301
GG763,235,169,228,164,GG,4.862309173640213,8.602325267042627
GSD302,220,397,219,397,GSD,4.245758094746233,1.0
TS216,473,128,460,126,TS,4.462561460142617,13.152946437965905
TS457,397,113,387,122,TS,5.506440188319889,13.45362404707371
TS791,223,168,224,164,TS,5.272599085257571,4.123105625617661
GSD263,348,324,349,326,GSD,5.119151308313732,2.23606797749979
GSD330,317,345,315,342,GSD,5.950415597885069,3.605551275463989
TS785,224,345,214,345,TS,6.532365697280739,10.0
GG288,308,316,315,317,GG,3.270701638168683,7.0710678118654755
TG286,366,315,337,323,TG,7.163850949520246,30.083217912982647
TG962,367,314,336,323,TG,6.819090771359368,32.28002478313795
TS179,279,188,269,188,TS,5.436654287709631,10.0
GG223,485,162,472,162,GG,6.657738141520172,13.0
TS288,496,160,486,162,TS,6.044584926600946,10.198039027185569
TG224,302,267,295,289,TG,5.385185356945728,23.08679276123039
GSD19,335,111,335,114,GSD,6.034494469342267,3.0
GSD37,450,182,451,181,GSD,4.794114323695925,1.4142135623730951
TG214,307,177,328,172,TG,5.584691574049185,21.587033144922902
TS135,453,224,441,222,TS,6.431956738689021,12.165525060596439
TS546,262,141,270,130,TS,6.554570484218544,13.601470508735444
TG740,353,140,324,158,TG,7.74413137266078,34.132096331752024
TG325,259,165,273,170,TG,4.395137032952935,14.866068747318506
GSD300,277,306,278,303,GSD,5.163764874892683,3.1622776601683795
TG274,437,92,437,97,TG,5.376741484671702,5.0
GG787,330,111,322,103,GG,5.994719603054428,11.313708498984761
GSD49,328,156,323,157,GSD,6.29207841574875,5.0990195135927845
GG186,240,178,233,183,GG,5.630191694164804,8.602325267042627
GG725,350,237,354,226,GG,6.490579720783437,11.704699910719626
GSD15,335,320,338,321,GSD,6.224645188946049,3.1622776601683795
GSD377,296,338,292,340,GSD,6.962330273035111,4.47213595499958
GSD112,444,232,442,232,GSD,5.995184771703222,2.0
TG739,405,107,383,126,TG,6.569292090098047,29.068883707497267
TG317,373,128,346,142,TG,7.085801169027572,30.4138126514911
GG462,253,338,247,331,GG,5.300316242209145,9.219544457292887
TG586,257,148,236,137,TG,5.793041277369188,23.706539182259394
TG352,355,321,321,332,TG,8.006410200865501,35.73513677041127
GG61,401,177,414,181,GG,7.515278240723234,13.601470508735444
TG204,276,170,303,174,TG,6.41394325692898,27.294688127912362
TG965,304,262,294,289,TG,6.029573014111975,28.792360097775937
TG567,89,360,96,386,TG,6.057231843541812,26.92582403567252
GG441,436,195,437,190,GG,4.9907283747728535,5.0990195135927845
GSD229,330,360,329,358,GSD,4.635390282175032,2.23606797749979
TS337,340,147,352,140,TS,5.79480617631463,13.892443989449804
GG394,301,195,300,185,GG,6.72345344037263,10.04987562112089
TS18,461,97,455,96,TS,5.017292217567422,6.082762530298219
GSD263,349,320,348,324,GSD,5.964464810857443,4.123105625617661
TS261,329,326,342,324,TS,6.851198218132088,13.152946437965905
TS709,387,184,392,200,TS,8.404823004751492,16.76305461424021
GSD357,266,450,268,453,GSD,6.182258465015053,3.605551275463989
TG264,269,424,277,407,TG,4.907793354901731,18.788294228055936
GG280,158,402,165,403,GG,5.473259760271152,7.0710678118654755
GSD60,412,205,414,205,GSD,6.4681124459897035,2.0
GG701,468,123,462,128,GG,6.204950028405453,7.810249675906654
TS640,380,124,375,133,TS,7.16815493489262,10.295630140987
TS587,240,437,230,432,TS,5.891663480943489,11.180339887498949
TG197,377,134,395,129,TG,6.468296175361739,18.681541692269406
GSD241,278,154,282,150,GSD,7.1534771955879535,5.656854249492381
TS248,218,169,211,174,TS,3.7665558334132996,8.602325267042627
GSD360,226,371,226,374,GSD,5.072421470058771,3.0
GG663,255,435,263,427,GG,6.461556858520922,11.313708498984761
TS462,93,414,92,403,TS,5.7522037931491266,11.045361017187261
GSD259,527,160,525,159,GSD,4.5856384612749075,2.23606797749979
TG728,226,346,253,343,TG,5.681482992946222,27.16615541441225
TG375,497,81,476,97,TG,7.33385567766591,26.40075756488817
GSD218,441,125,440,121,GSD,7.168024067350027,4.123105625617661
GSD8,326,356,327,356,GSD,4.834959665950032,1.0
TS118,69,319,67,329,TS,4.563603006595985,10.198039027185569
GG67,327,202,318,200,GG,5.063042015135377,9.219544457292887
GG659,379,102,385,99,GG,6.337724472497902,6.708203932499369
GG502,148,365,138,368,GG,5.9343894789608305,10.44030650891055
TS156,66,332,68,321,TS,6.4042683083764,11.180339887498949
GG113,254,196,247,199,GG,5.46484531355615,7.615773105863909
GG760,295,102,287,109,GG,6.868206866109173,10.63014581273465
TS152,302,267,306,255,TS,6.148971455654316,12.649110640673518
GSD366,406,116,403,116,GSD,5.34165152275402,3.0
TG403,452,128,476,123,TG,6.283615600041968,24.515301344262525
GSD111,57,440,58,444,GSD,7.207043617394952,4.123105625617661
TG296,152,403,129,398,TG,5.889797066951633,23.53720459187964
GSD141,533,173,536,170,GSD,7.112090425078492,4.242640687119285
TS703,269,148,259,148,TS,3.758450264805032,10.0
GG460,236,252,234,247,GG,6.102041080848796,5.385164807134504
GSD112,446,213,444,217,GSD,4.947774390640831,4.47213595499958
GG619,322,318,324,307,GG,5.8869616656072665,11.180339887498949
TG862,259,165,282,171,TG,5.8653601780397855,23.769728648009426
TG644,477,102,473,125,TG,6.256593612546085,23.345235059857504
TS782,349,85,354,94,TS,5.153124463594191,10.295630140987
TS282,435,93,426,91,TS,6.003378652658375,9.219544457292887
TS130,29,441,38,442,TS,5.246533563115373,9.055385138137417
GSD275,219,382,215,381,GSD,4.951975658083107,4.123105625617661
GSD288,472,222,470,219,GSD,5.900099354788878,3.605551275463989
TS196,279,326,289,325,TS,5.646673461337162,10.04987562112089
GSD283,233,224,240,224,GSD,7.477954083016698,7.0
TS699,352,342,347,353,TS,6.4705613896262335,12.083045973594572
GSD182,419,184,417,187,GSD,5.697244809061907,3.605551275463989
GG546,305,172,305,164,GG,5.46326694670312,8.0
TS733,188,207,195,194,TS,7.136546975567814,14.7648230602334
TS453,187,413,172,410,TS,6.6143762723425095,15.297058540778355
TS279,483,93,491,90,TS,6.3156057553824425,8.54400374531753
GG81,400,101,410,104,GG,7.946105999753731,10.44030650891055
TG828,301,174,285,169,TG,4.42091282534812,16.76305461424021
GSD21,281,348,283,345,GSD,4.618904093637093,3.605551275463989
GSD46,289,147,291,150,GSD,6.065636325730534,3.605551275463989
GSD129,272,405,270,408,GSD,7.806771181881636,3.605551275463989
GG173,434,78,436,71,GG,4.697670060868923,7.280109889280518
GG382,252,463,254,476,GG,7.429887634117139,13.152946437965905
TG1034,277,409,269,425,TG,5.006672895287637,17.88854381999832
GG524,263,167,261,173,GG,4.576156435203052,6.324555320336759
GSD145,232,382,230,381,GSD,3.760957576252821,2.23606797749979
GSD105,461,94,464,96,GSD,6.7009084448317875,3.605551275463989
GG567,353,230,348,240,GG,6.2204652736337565,11.180339887498949
GSD224,441,135,444,133,GSD,7.322162305676827,3.605551275463989
TS344,380,124,388,124,TS,5.937783147845387,8.0
GSD371,328,340,327,342,GSD,5.532408765914511,2.23606797749979
GG380,311,123,311,115,GG,4.558119347381819,8.0
GG262,248,191,249,198,GG,3.161061201492057,7.0710678118654755
GG40,473,67,466,65,GG,4.803228656149004,7.280109889280518
GG535,316,88,325,86,GG,6.3031920067485085,9.219544457292887
TS759,279,188,265,188,TS,7.110153041182478,14.0
GG63,226,394,222,397,GG,5.231185831255661,5.0
GSD95,397,323,399,319,GSD,6.076661550428547,4.47213595499958
GG63,222,397,217,401,GG,4.3984474546838,6.4031242374328485
GG334,102,378,98,386,GG,6.718495091022711,8.94427190999916
TG600,88,369,89,340,TG,5.898148802583104,29.017236257093817
TG248,350,82,327,87,TG,5.5969057356309655,23.53720459187964
GSD327,366,401,361,403,GSD,6.037967146545801,5.385164807134504
GSD72,224,377,226,377,GSD,4.3810291918793585,2.0
GG470,298,158,290,158,GG,5.682561881175982,8.0
TS645,101,281,105,275,TS,3.493296626317834,7.211102550927978
GG791,307,140,309,124,GG,7.750823166983498,16.1245154965971
GG194,236,260,242,258,GG,6.94827466388961,6.324555320336759
TG982,152,403,134,399,TG,4.748823153896187,18.439088914585774
TG343,273,424,279,400,TG,6.56391680872246,24.73863375370596
TG463,281,318,303,327,TG,5.699822321646518,23.769728648009426
TS158,223,168,221,162,TS,4.943063388390155,6.324555320336759
TS419,292,327,302,330,TS,5.1214714755131325,10.44030650891055
TS668,276,388,280,401,TS,5.289974051464929,13.601470508735444
TS297,238,167,239,172,TS,6.273894388092145,5.0990195135927845
GG560,247,115,240,110,GG,5.5628791883124915,8.602325267042627
TG335,91,327,87,346,TG,4.658451115462977,19.4164878389476
TS77,253,342,249,348,TS,4.29991733881225,7.211102550927978
TS185,281,420,295,417,TS,6.131381545064286,14.317821063276353
GG315,194,396,194,389,GG,5.30293328699841,7.0
TG831,387,260,387,288,TG,5.22186488119047,28.0
GSD179,248,152,251,158,GSD,6.4101759342520275,6.708203932499369
TS632,390,158,393,148,TS,6.126390977880668,10.44030650891055
GSD321,335,198,341,195,GSD,6.668172438799985,6.708203932499369
TG824,397,246,403,230,TG,4.4588917514696575,17.08800749063506
TS461,276,415,278,404,TS,5.285888303147965,11.180339887498949
GG535,348,86,352,95,GG,5.093698386806906,9.848857801796104
GG152,404,143,394,144,GG,6.921945482954506,10.04987562112089
TG71,495,86,475,97,TG,5.672548067300433,22.825424421026653
GG584,384,219,374,224,GG,5.898659938009001,11.180339887498949
TS728,64,385,65,395,TS,4.952185769912871,10.04987562112089
GSD228,255,307,253,311,GSD,6.062358947820577,4.47213595499958
TG363,379,126,401,111,TG,5.632656220203082,26.627053911388696
TG312,435,177,431,159,TG,4.685149814370062,18.439088914585774
GSD69,329,174,327,173,GSD,5.373158691033597,2.23606797749979
TS43,106,258,107,248,TS,6.444592978783643,10.04987562112089
TS688,394,247,401,241,TS,4.927160850792736,9.219544457292887
GG777,432,87,432,97,GG,6.85259228878466,10.0
TS82,260,168,252,161,TS,5.508670547809675,10.63014581273465
TS472,296,416,284,420,TS,6.185599396601759,12.649110640673518
TS239,271,351,275,367,TS,7.245877074654437,16.492422502470642
TG128,411,118,427,102,TG,5.344603233784672,22.627416997969522
GG2,349,122,338,121,GG,5.6711320031753765,11.045361017187261
TG343,257,434,273,424,TG,5.588468482011011,18.867962264113206
TG409,253,341,274,359,TG,6.961736536577567,27.65863337187866
TS100,327,87,313,91,TS,7.0132581829061404,14.560219778561036
TG17,401,110,389,122,TG,4.2319129107636435,16.97056274847714
GSD203,240,247,241,242,GSD,6.231675115608743,5.0990195135927845
GG603,400,38,411,39,GG,9.17177851988083,11.045361017187261
GG433,445,82,454,83,GG,6.342709610677515,9.055385138137417
GSD62,446,95,439,93,GSD,6.527985599091746,7.280109889280518
GSD121,421,123,416,121,GSD,5.14446173637943,5.385164807134504
GSD76,159,353,165,351,GSD,5.412362466613828,6.324555320336759
TS422,243,183,237,171,TS,5.75913519607265,13.416407864998739
TS52,256,154,252,148,TS,4.440245070295834,7.211102550927978
TS572,264,189,255,194,TS,4.6394236088817635,10.295630140987
TS579,275,144,287,144,TS,5.868317378729616,12.0
TS329,437,92,428,90,TS,4.186718354092176,9.219544457292887
TS319,282,171,284,172,TS,4.49728799890876,2.23606797749979
GSD332,342,161,347,158,GSD,7.2673225486058755,5.830951894845301
TG181,333,172,314,171,TG,4.335179900297556,19.026297590440446
GG367,381,312,374,320,GG,5.477382476260544,10.63014581273465
TG824,387,260,397,246,TG,5.018528437365148,17.204650534085253
TS42,116,245,106,251,TS,7.60963623423433,11.661903789690601
GSD282,439,248,437,251,GSD,6.423047474389769,3.605551275463989
TG899,159,405,125,396,TG,7.3197635579685105,35.17101079013795
TS13,165,406,179,406,TS,6.107606888307631,14.0
TS400,132,244,143,242,TS,4.664451380579235,11.180339887498949
GG134,279,451,278,461,GG,5.499102678345761,10.04987562112089
TS762,389,140,393,149,TS,5.543867641355245,9.848857801796104
GG33,453,117,453,124,GG,5.358421286074028,7.0
GSD317,361,69,364,64,GSD,7.1042759069060395,5.830951894845301
TG1166,339,324,318,332,TG,5.932441987046034,22.47220505424423
TS773,89,329,77,330,TS,4.605657922017948,12.041594578792296
TG489,340,147,320,165,TG,8.49006370094794,26.90724809414742
TS5,365,317,371,310,TS,5.918952524852912,9.219544457292887
GSD134,427,276,429,274,GSD,6.844710131401683,2.8284271247461903
TG457,353,139,330,153,TG,6.309657561251065,26.92582403567252
GG98,262,79,265,84,GG,5.177595255594693,5.830951894845301
GG600,309,129,305,140,GG,6.993784210714715,11.704699910719626
TG46,280,116,301,103,TG,6.249078857842014,24.698178070456937
TG538,475,93,484,112,TG,5.257874016642442,21.02379604162864
GG444,300,195,300,183,GG,4.985197739991598,12.0
GG697,321,202,329,202,GG,5.7066350231012635,8.0
TS695,495,86,482,93,TS,7.135635535562386,14.7648230602334
GSD400,270,323,267,326,GSD,6.405761342242485,4.242640687119285
GSD256,289,151,292,153,GSD,6.296856967627306,3.605551275463989
GG760,326,87,316,88,GG,5.276496131406291,10.04987562112089
GG730,409,104,400,100,GG,5.837553143205306,9.848857801796104
GSD310,335,251,336,247,GSD,6.542153744643922,4.123105625617661
GSD25,451,186,455,185,GSD,5.609389246984769,4.123105625617661
TS389,464,94,458,97,TS,4.2960163345981055,6.708203932499369
TS496,459,164,471,161,TS,6.807154561685529,12.36931687685298
GSD249,439,233,442,233,GSD,6.422975139954998,3.0
GSD196,304,435,310,431,GSD,7.244626474607298,7.211102550927978
TG1007,261,167,280,171,TG,5.023693286450229,19.4164878389476
TS726,92,396,90,407,TS,6.068120522257161,11.180339887498949
TG293,279,171,301,175,TG,5.824402328743581,22.360679774997898
GG778,458,138,460,147,GG,4.858667689889135,9.219544457292887
GSD97,331,211,330,213,GSD,7.18392608319843,2.23606797749979
TS575,251,153,241,144,TS,5.368743422049602,13.45362404707371
TG109,430,100,417,112,TG,4.933653785537794,17.69180601295413
GG97,472,92,463,95,GG,6.572022518669407,9.486832980505138
TS296,443,132,452,129,TS,5.546343715997063,9.486832980505138
GSD257,467,170,468,161,GSD,7.515931959614534,9.055385138137417
TS25,253,473,252,465,TS,3.9754405410368063,8.06225774829855
GG40,477,70,473,67,GG,3.8226273186785367,5.0
GG789,101,427,97,415,GG,6.279975795636247,12.649110640673518
GG488,453,117,457,110,GG,6.305010430309382,8.06225774829855
TG767,210,417,193,408,TG,6.424408170104071,19.235384061671343
GG574,332,155,321,161,GG,5.9530211936034085,12.529964086141668
GG424,339,119,348,121,GG,5.873818209934653,9.219544457292887
GG26,337,121,332,112,GG,5.539359311319021,10.295630140987
TG1125,333,172,318,170,TG,5.511520409989464,15.132745950421556
GG758,300,193,312,197,GG,7.203516062410935,12.649110640673518
TS270,479,161,496,161,TS,6.343492143841296,17.0
TS13,179,406,193,407,TS,5.992652722862719,14.035668847618199
TG945,359,138,340,147,TG,4.553150679911107,21.02379604162864
TS81,299,174,293,172,TS,6.113723769795257,6.324555320336759
GG263,140,369,149,364,GG,5.624083751090685,10.295630140987
TG324,362,319,378,300,TG,6.221937779065496,24.839484696748443
GSD123,344,254,343,250,GSD,5.726540898557381,4.123105625617661
TG22,412,101,432,91,TG,5.744679874787512,22.360679774997898
TS623,315,214,314,227,TS,7.258396741181301,13.038404810405298
TS736,78,372,77,361,TS,3.7492018046119124,11.045361017187261
GG219,303,88,294,89,GG,5.49760424540068,9.055385138137417
GG479,326,196,324,190,GG,4.133782221126012,6.324555320336759
TS314,84,388,81,374,TS,6.622357543642354,14.317821063276353
GSD221,284,121,281,119,GSD,5.877055662415976,3.605551275463989
TS555,319,170,320,165,TS,6.340468606203512,5.0990195135927845
TG503,161,405,192,407,TG,7.099264612040703,31.064449134018133
TG835,334,180,315,171,TG,6.283240631975324,21.02379604162864
GSD229,340,321,346,320,GSD,6.043324016062897,6.082762530298219
TS78,229,165,222,161,TS,6.057726688679566,8.06225774829855
GG113,240,199,230,198,GG,6.167840042970409,10.04987562112089
GG522,353,230,356,224,GG,6.019385119036596,6.708203932499369
GSD279,487,176,484,176,GSD,4.924599700921085,3.0
GG163,267,191,276,190,GG,4.895154125828757,9.055385138137417
GG711,305,153,304,160,GG,4.171329616713098,7.0710678118654755
GG538,267,83,272,85,GG,4.750418565865338,5.385164807134504
TS444,431,165,430,154,TS,6.030053328385186,11.045361017187261
TG55,418,95,445,96,TG,6.742415645592206,27.018512172212592
GSD206,150,399,148,399,GSD,4.715504210175001,2.0
TG351,316,231,304,262,TG,7.116452132056993,33.24154027718932
GG409,428,180,430,173,GG,6.557778415380205,7.280109889280518
GSD138,221,183,222,179,GSD,5.7106338642662005,4.123105625617661
GSD367,524,154,524,150,GSD,7.104547563471463,4.0
GSD64,326,134,324,131,GSD,6.3159920115532,3.605551275463989
GG116,399,249,396,257,GG,4.805032034853856,8.54400374531753
GSD357,259,449,263,450,GSD,5.691479259655864,4.123105625617661
TG800,279,170,266,162,TG,7.092961866092442,15.264337522473747
GSD46,296,151,300,151,GSD,5.931024658167782,4.0
GG293,277,158,270,160,GG,5.231260938914655,7.280109889280518
TS578,418,95,407,106,TS,6.77083787174563,15.556349186104045
GSD76,172,358,166,358,GSD,6.8135896422572095,6.0
TS281,182,355,168,358,TS,6.28591771203353,14.317821063276353
TS587,211,425,201,419,TS,6.228370150978439,11.661903789690601
TG1076,114,243,109,265,TG,6.033399733747932,22.561028345356956
GSD12,299,365,300,367,GSD,5.317234210055759,2.23606797749979
GG34,311,208,299,204,GG,6.4534261150814665,12.649110640673518
TG460,333,172,319,167,TG,5.741772995661965,14.866068747318506
TS427,468,94,476,93,TS,4.656336449602837,8.06225774829855
TS663,118,236,128,228,TS,7.522877211633839,12.806248474865697
GSD246,359,132,361,129,GSD,6.1127382380538755,3.605551275463989
GG282,285,456,281,451,GG,4.281111136695669,6.4031242374328485
GSD362,236,260,232,261,GSD,6.093814001659972,4.123105625617661
TS657,107,267,105,274,TS,4.9602903785895265,7.280109889280518
GG537,297,124,304,125,GG,4.379415881964885,7.0710678118654755
TS315,354,96,357,102,TS,5.1076431413962595,6.708203932499369
TG827,298,105,312,91,TG,4.705509557470042,19.79898987322333
TS799,318,175,314,171,TS,6.224598090643102,5.656854249492381
GSD183,220,376,219,374,GSD,5.084982955476004,2.23606797749979
TS395,313,331,300,323,TS,6.705855818156203,15.264337522473747
GSD336,319,205,321,206,GSD,5.302075133278663,2.23606797749979
GG390,384,99,373,106,GG,5.935466852682148,13.038404810405298
TG929,78,400,90,396,TG,4.64758480542864,12.649110640673518
TG170,230,166,256,164,TG,5.558761942506515,26.076809620810597
TG782,157,404,179,407,TG,4.58650297362445,22.20360331117452
GG649,299,195,302,205,GG,7.120280683457949,10.44030650891055
GG766,236,224,233,217,GG,5.592004738543217,7.615773105863909
TS601,136,368,150,362,TS,7.954793961633127,15.231546211727817
GSD396,401,303,402,298,GSD,5.819996883799796,5.0990195135927845
GG493,248,186,243,178,GG,4.73887016638696,9.433981132056603
GSD145,245,355,245,358,GSD,5.232061924680911,3.0
TS40,391,144,387,136,TS,3.5705807047080578,8.94427190999916
GSD342,245,482,242,484,GSD,4.684654061967552,3.605551275463989
TS747,447,222,435,221,TS,4.588016427093743,12.041594578792296
TG881,108,391,92,395,TG,6.153529694526224,16.492422502470642
TG406,281,144,256,146,TG,6.953930006288622,25.079872407968907
TG1157,218,156,229,165,TG,4.998460272482889,14.212670403551895
GG786,420,135,421,143,GG,4.704003210580073,8.06225774829855
TG718,282,167,262,157,TG,5.189398899843445,22.360679774997898
TS474,173,406,180,408,TS,3.640353021097437,7.280109889280518
GG561,403,115,401,119,GG,3.6366406723091393,4.47213595499958
TG139,387,260,387,277,TG,4.335006322676051,17.0
GG505,262,454,258,460,GG,5.323784628026,7.211102550927978
TS185,303,411,309,404,TS,5.663449718232098,9.219544457292887
TG127,210,417,198,409,TG,3.643186221378759,14.422205101855956
GG154,453,93,454,104,GG,7.849566626520238,11.045361017187261
TG281,307,172,318,169,TG,6.813114983269673,11.40175425099138
GG181,317,87,330,87,GG,5.788505480936415,13.0
TG618,367,314,344,322,TG,6.1982578087916895,24.351591323771842
TG254,401,110,391,120,TG,3.744578022717705,14.142135623730951
GG172,246,114,240,110,GG,4.49391084447867,7.211102550927978
GSD368,316,164,316,162,GSD,4.59853442900296,2.0
TS201,315,172,323,165,TS,6.52292940190188,10.63014581273465
GSD55,458,86,460,85,GSD,5.614883753454013,2.23606797749979
GSD306,150,359,152,361,GSD,6.241917210141423,2.8284271247461903
TG1070,207,349,233,344,TG,6.065068712549378,26.476404589747453
TG999,386,276,380,300,TG,6.403117541796231,24.73863375370596
TS606,251,162,257,164,TS,4.899846638861557,6.324555320336759
GSD339,448,208,447,205,GSD,4.171625380888976,3.1622776601683795
GG381,427,55,423,50,GG,5.410939579564407,6.4031242374328485
GG448,288,191,296,190,GG,6.317846302620929,8.06225774829855
GSD342,232,487,231,489,GSD,6.156809990528963,2.23606797749979
TS522,183,412,192,414,TS,5.020186674056963,9.219544457292887
TS713,89,410,92,397,TS,6.236349336862148,13.341664064126334
GSD117,444,229,443,223,GSD,4.851674974091075,6.082762530298219
GSD289,338,309,337,313,GSD,6.461692470720897,4.123105625617661
GSD394,226,369,227,373,GSD,5.513014924463107,4.123105625617661
TS86,276,388,275,372,TS,6.586113850316446,16.0312195418814
TG1096,235,144,212,156,TG,6.08861768580875,25.942243542145693
GG47,251,137,250,139,GG,2.608627423431024,2.23606797749979
TS683,269,170,274,164,TS,6.335273106116697,7.810249675906654
TG452,354,139,373,130,TG,5.626336998388268,21.02379604162864
TG933,161,405,198,410,TG,6.9961283741255755,37.33630940518894
GG738,469,94,476,91,GG,4.9884211547429045,7.615773105863909
TS705,193,413,205,421,TS,7.186499926996863,14.422205101855956
GSD61,363,278,362,282,GSD,5.877797062643101,4.123105625617661
GSD379,260,205,262,210,GSD,5.398547571014103,5.385164807134504
GG291,255,460,261,455,GG,5.867495241010543,7.810249675906654
GG762,267,120,272,116,GG,5.773930861845631,6.4031242374328485
GSD400,267,330,271,332,GSD,6.813253414889578,4.47213595499958
TG1184,294,172,266,169,TG,6.098004872054646,28.160255680657446
GSD240,369,319,367,317,GSD,4.765926092757006,2.8284271247461903
GSD82,335,178,333,176,GSD,6.497476988788968,2.8284271247461903
GG214,431,168,431,161,GG,4.60324734487472,7.0
GG272,295,159,286,159,GG,5.693689145142148,9.0
TS44,212,157,211,164,TS,6.618109377431896,7.0710678118654755
GSD125,225,352,228,356,GSD,5.612474776604138,5.0
GG397,469,111,461,112,GG,6.648454464415666,8.06225774829855
TS373,367,314,360,322,TS,4.717038129664611,10.63014581273465
GG167,456,82,468,82,GG,7.33418583097836,12.0
GSD178,280,119,285,121,GSD,7.011466556932646,5.385164807134504
GG364,369,210,371,205,GG,4.472078651286373,5.385164807134504
TG744,363,121,340,121,TG,5.463734027553828,23.0
GSD289,326,319,327,317,GSD,4.825258094513899,2.23606797749979
GG261,297,159,305,167,GG,7.082182293339649,11.313708498984761
TS242,240,344,228,347,TS,5.096267323646226,12.36931687685298
GG172,265,116,253,117,GG,7.297689476956201,12.041594578792296
TG603,250,147,267,134,TG,8.184646417201723,21.400934559032695
TS437,197,184,210,174,TS,7.237450872489122,16.401219466856727
TS535,83,393,89,390,TS,7.0384147980885015,6.708203932499369
GG337,89,403,93,393,GG,5.990278177756323,10.770329614269007
GG553,452,131,447,133,GG,3.874126941513076,5.385164807134504
TG1055,370,130,382,137,TG,4.658270608057991,13.892443989449804
TG620,260,444,237,435,TG,5.158306605145181,24.698178070456937
GG347,314,195,323,199,GG,5.99624858095167,9.848857801796104
TS175,111,258,108,268,TS,6.3187927390502905,10.44030650891055
TG571,185,356,167,357,TG,4.582201611812936,18.027756377319946
GG726,112,446,123,448,GG,6.158744560429826,11.180339887498949
GG470,305,161,298,158,GG,6.533205230239416,7.615773105863909
GSD153,405,115,402,116,GSD,6.918615394941579,3.1622776601683795
GG155,458,163,466,162,GG,6.233248129627252,8.06225774829855
GG118,350,221,359,222,GG,5.489682231384531,9.055385138137417
TS147,165,407,162,407,TS,5.152727957191267,3.0
GG487,336,173,331,168,GG,4.901132222827975,7.0710678118654755
TS253,285,325,274,326,TS,5.4320175324115425,11.045361017187261
GSD363,254,318,256,320,GSD,6.11340877002695,2.8284271247461903
TS394,82,395,74,394,TS,4.20321088720069,8.06225774829855
GSD370,174,275,177,276,GSD,5.003801603924892,3.1622776601683795
GG203,457,132,463,125,GG,8.099550470651563,9.219544457292887
TS760,50,361,46,351,TS,5.203327697680016,10.770329614269007
GG39,511,161,518,161,GG,5.784908243234579,7.0
GSD142,250,475,248,480,GSD,7.120432293922978,5.385164807134504
GG319,390,306,398,308,GG,6.487657461756606,8.246211251235321
GG31,468,195,475,202,GG,7.194409716713208,9.899494936611665
GG546,310,163,325,161,GG,6.824104725989709,15.132745950421556
TS411,438,133,452,127,TS,6.803619546528427,15.231546211727817
TG1081,426,150,409,154,TG,5.003690958516637,17.46424919657298
GG64,453,98,454,105,GG,4.717543550202853,7.0710678118654755
TS244,314,170,309,178,TS,6.60384944066438,9.433981132056603
GSD101,401,304,402,301,GSD,4.904462613554401,3.1622776601683795
TS607,375,305,366,315,TS,5.52624365170403,13.45362404707371
GG173,428,75,434,78,GG,5.6567996527292905,6.708203932499369
TG978,266,344,274,362,TG,4.449387797346223,19.697715603592208
TS798,431,188,425,195,TS,6.365029806322745,9.219544457292887
GG85,322,197,313,194,GG,6.658446626900336,9.486832980505138
TG1133,91,327,98,300,TG,6.118316428427887,27.892651361962706
TS293,191,407,178,407,TS,5.888966953862722,13.0
TG531,312,237,316,211,TG,5.82248168583755,26.30589287593181
GG17,346,168,351,159,GG,5.632679067170295,10.295630140987
TS208,329,124,326,126,TS,2.370201521705937,3.605551275463989
GG527,235,136,229,128,GG,5.300376079188597,10.0
GG156,205,413,202,409,GG,3.9057358356895264,5.0
GSD280,327,349,326,345,GSD,5.373717405877031,4.123105625617661
GSD5,331,224,333,225,GSD,5.044433877477701,2.23606797749979
TS277,405,225,409,219,TS,5.566098895530297,7.211102550927978
GSD132,369,132,373,134,GSD,5.871241987857072,4.47213595499958
TS210,236,171,240,164,TS,5.869534781180539,8.06225774829855
GSD277,427,122,420,125,GSD,6.288429115494267,7.615773105863909
GG304,263,167,262,174,GG,5.033757963381655,7.0710678118654755
TG856,488,92,475,94,TG,3.491342944420244,13.152946437965905
GSD310,332,225,329,221,GSD,5.6172375619123684,5.0
TG109,417,112,401,128,TG,5.008940057777776,22.627416997969522
TS461,269,424,275,422,TS,5.696238367987389,6.324555320336759
TS693,225,163,219,158,TS,4.578329475145215,7.810249675906654
TS383,320,174,328,172,TS,5.7508394236198335,8.246211251235321
TS25,258,455,267,452,TS,7.6324949077143,9.486832980505138
TG1183,433,91,431,101,TG,5.552980328359748,10.198039027185569
TS794,95,388,92,400,TS,6.34289640331442,12.36931687685298
GG238,237,266,240,280,GG,7.786207725034728,14.317821063276353
GG305,264,141,258,148,GG,5.7487959606942605,9.219544457292887
GG307,283,122,275,119,GG,6.442538050200961,8.54400374531753
TS364,129,370,118,369,TS,5.497740918430349,11.045361017187261
GG323,273,354,274,366,GG,7.793626392084096,12.041594578792296
GSD341,542,155,545,154,GSD,5.576729097112964,3.1622776601683795
TG930,294,290,281,312,TG,6.101980748586555,25.553864678361276
TS633,265,428,274,423,TS,7.1989344501710395,10.295630140987
GSD276,475,153,468,151,GSD,6.797002898300576,7.280109889280518
TG916,278,408,277,389,TG,5.391928654046994,19.026297590440446
TS587,194,416,200,410,TS,6.41915769854759,8.48528137423857
TG1116,272,328,251,343,TG,7.537703659834566,25.80697580112788
TS87,330,152,338,148,TS,5.908566366189692,8.94427190999916
GG800,408,99,412,105,GG,5.934679236040716,7.211102550927978
TS744,105,268,111,260,TS,5.416754681134325,10.0
GSD124,211,403,215,402,GSD,7.305663214012263,4.123105625617661
TS771,118,396,105,395,TS,5.129599024271563,13.038404810405298
GSD97,327,226,326,232,GSD,6.192551345678858,6.082762530298219
TS165,198,188,192,197,TS,5.8004669769696555,10.816653826391969
TS669,154,209,149,215,TS,4.8108422268766535,7.810249675906654
GG706,429,107,439,108,GG,6.905043672408462,10.04987562112089
GG248,512,161,503,162,GG,5.248551713071276,9.055385138137417
GSD330,327,350,332,350,GSD,6.208193756671406,5.0
TS236,353,320,360,320,TS,6.37139643137127,7.0
GG428,183,422,190,416,GG,4.840539709847388,9.219544457292887
TS497,218,155,212,156,TS,4.689920657548948,6.082762530298219
GG161,418,122,416,114,GG,4.846602654502659,8.246211251235321
GG667,259,460,251,463,GG,5.945626671685984,8.54400374531753
GSD114,499,156,503,155,GSD,5.408598231968888,4.123105625617661
GSD228,256,293,252,293,GSD,4.860444895117167,4.0
TS506,238,142,241,144,TS,5.92844075045845,3.605551275463989
GG54,466,66,455,59,GG,7.01831319968943,13.038404810405298
GSD387,14,441,6,440,GSD,6.60623130434076,8.06225774829855
TG88,387,131,364,123,TG,6.042395508435735,24.351591323771842
GSD343,412,145,415,146,GSD,4.917049231978044,3.1622776601683795
TS693,221,168,225,163,TS,5.396083357881934,6.4031242374328485
TS520,114,244,132,244,TS,7.707076749657061,18.0
GSD122,105,414,105,416,GSD,5.357544392050423,2.0
GG715,337,87,345,84,GG,3.6649556608924048,8.54400374531753
TG662,301,175,313,176,TG,4.457654598645375,12.041594578792296
TG1027,302,175,284,168,TG,4.380136424661453,19.313207915827967
TG516,187,407,168,406,TG,4.946079292044844,19.026297590440446
TS169,45,353,51,366,TS,6.28025198436762,14.317821063276353
TS512,203,406,190,414,TS,6.141445986265075,15.264337522473747
TS333,68,408,63,421,TS,5.7770141262485275,13.92838827718412
GSD112,445,205,444,207,GSD,6.789792063679748,2.23606797749979
TS517,240,437,245,439,TS,4.8201654437239885,5.385164807134504
TS360,181,408,195,410,TS,6.538446909452823,14.142135623730951
GSD126,255,338,255,335,GSD,4.7379591741673215,3.0
TG215,251,342,271,351,TG,4.99282756545517,21.93171219946131
TS98,98,328,90,335,TS,5.272169391944362,10.63014581273465
TG769,316,169,303,173,TG,5.733838386129251,13.601470508735444
TG1012,198,350,236,344,TG,8.276450922813233,38.47076812334269
GG356,454,119,450,123,GG,6.107263172040891,5.656854249492381
TS57,432,174,434,184,TS,6.987689778753191,10.198039027185569
GSD42,188,358,188,361,GSD,4.749233918653964,3.0
GG107,219,482,219,490,GG,7.109965272230976,8.0
TG180,333,172,310,176,TG,7.077199743416011,23.345235059857504
GSD350,318,94,315,88,GSD,6.83611493978478,6.708203932499369
GSD110,272,329,274,332,GSD,5.54534547569645,3.605551275463989
TS284,78,400,86,404,TS,6.609339307663175,8.94427190999916
GSD100,188,429,194,431,GSD,7.087163714410437,6.324555320336759
GG662,359,282,358,274,GG,5.496569468119384,8.06225774829855
TG1153,226,346,250,342,TG,5.897666868764963,24.331050121192877
TS371,253,441,246,440,TS,4.460803680554409,7.0710678118654755
TS255,136,399,146,401,TS,5.641403987299393,10.198039027185569
TS655,141,241,125,243,TS,6.4902867818509264,16.1245154965971
TG677,302,101,288,113,TG,4.73899883494368,18.439088914585774
GG2,338,121,327,122,GG,8.365842474283603,11.045361017187261
TS718,330,388,336,381,TS,5.698666684720915,9.219544457292887
GG425,305,172,300,179,GG,6.3626687219876,8.602325267042627
TS29,313,401,304,409,TS,6.215777353450694,12.041594578792296
GG752,263,435,268,440,GG,6.860430420659272,7.0710678118654755
GSD239,264,331,261,331,GSD,5.173515312367433,3.0
GSD200,313,91,306,93,GSD,7.175784366250369,7.280109889280518
TS765,398,207,404,218,TS,6.311687418718691,12.529964086141668
TS701,168,229,158,236,TS,5.567493476108969,12.206555615733702
TG667,315,332,290,320,TG,6.298707008358061,27.730849247724095
GG677,281,186,267,187,GG,7.290711724933992,14.035668847618199
GG427,301,270,303,263,GG,5.679238113403461,7.280109889280518
GSD251,266,128,270,133,GSD,5.379561889649345,6.4031242374328485
TG407,187,407,165,405,TG,5.409063689780241,22.090722034374522
GG768,427,107,420,104,GG,6.150611537288363,7.615773105863909
GG370,219,491,226,494,GG,5.517277809995116,7.615773105863909
TS694,72,397,78,394,TS,5.141390124820082,6.708203932499369
TG36,294,171,271,170,TG,5.6461409814930015,23.021728866442675
TS303,357,77,352,78,TS,5.689850878016758,5.0990195135927845
GSD59,480,200,484,199,GSD,6.431052621319573,4.123105625617661
TG803,281,318,268,339,TG,6.117711422979113,24.698178070456937
GSD210,382,355,383,353,GSD,5.082109191615984,2.23606797749979
TS243,165,406,173,410,TS,4.589002288145345,8.94427190999916
TG878,186,406,210,417,TG,6.3477300858619525,26.40075756488817
GG71,198,473,190,471,GG,6.23024018402581,8.246211251235321
TS723,313,175,320,169,TS,5.239618286064457,9.219544457292887
GSD131,263,120,265,122,GSD,5.399798555252733,2.8284271247461903
GSD148,475,203,480,201,GSD,7.253036473143691,5.385164807134504
GSD35,312,153,317,153,GSD,7.388326211819926,5.0
TS544,267,168,278,172,TS,4.819104824764869,11.704699910719626
GG391,267,220,276,216,GG,6.953443493111383,9.848857801796104
GSD52,411,251,415,249,GSD,4.916165801995321,4.47213595499958
GSD255,512,155,507,156,GSD,6.445915253698999,5.0990195135927845
TS225,439,98,434,98,TS,2.5405183968735194,5.0
TS211,515,157,524,156,TS,4.8542702401006395,9.055385138137417
GG128,289,108,287,109,GG,3.243757193615201,2.23606797749979
TS446,399,128,408,122,TS,5.518774847575493,10.816653826391969
TS638,319,175,333,172,TS,6.821664530034108,14.317821063276353
GG669,390,176,383,173,GG,5.957986626098819,7.615773105863909
TG862,282,171,296,173,TG,4.660023807976402,14.142135623730951
GSD366,427,99,429,103,GSD,5.803268633600929,4.47213595499958
GG325,398,122,396,132,GG,5.202267107925019,10.198039027185569
GG83,500,161,511,162,GG,5.826213239594427,11.045361017187261
TS516,386,189,391,180,TS,5.558734460740424,10.295630140987
GSD290,410,250,407,249,GSD,3.579806435665173,3.1622776601683795
GSD183,225,378,224,377,GSD,4.828307881748266,1.4142135623730951
GG694,359,215,360,206,GG,5.785275569525761,9.055385138137417
TG651,249,147,267,163,TG,6.536576626702501,24.08318915758459
TS394,95,388,82,395,TS,7.319575836945333,14.7648230602334
TG700,417,208,424,197,TG,3.2707652673000664,13.038404810405298
GG280,165,403,177,406,GG,6.4910822083998285,12.36931687685298
GSD110,265,327,267,326,GSD,5.463617878184721,2.23606797749979
TG295,487,92,480,105,TG,5.279389382527188,14.7648230602334
GG481,437,66,440,60,GG,6.0332836449401785,6.708203932499369
GG20,263,435,269,435,GG,5.859986756006368,6.0
GG424,348,121,358,122,GG,6.468920343108179,10.04987562112089
TG305,312,333,289,320,TG,6.851153638367959,26.419689627245813
TS499,59,340,67,339,TS,6.643154197985044,8.06225774829855
TG166,230,166,221,152,TG,5.407007610474741,16.64331697709324
TS436,438,93,450,97,TS,7.865368309352483,12.649110640673518
GG465,237,141,232,131,GG,7.176600627280511,11.180339887498949
TG1106,315,214,321,190,TG,6.811517796320514,24.73863375370596
GG623,408,103,413,109,GG,5.694726983285467,7.810249675906654
GG709,288,186,289,191,GG,6.651753753735026,5.0990195135927845
GSD165,180,364,175,368,GSD,6.9444860982812235,6.4031242374328485
GG609,480,93,471,93,GG,6.3572196673540295,9.0
GG617,126,373,135,369,GG,5.257221151913588,9.848857801796104
TG401,497,81,483,93,TG,5.261721170715129,18.439088914585774
GSD157,232,422,230,428,GSD,7.092261680477776,6.324555320336759
GG108,424,217,414,218,GG,6.346926854249272,10.04987562112089
TG66,139,400,111,391,TG,6.578309449619125,29.410882339705484
TS511,441,223,430,221,TS,5.592088411184339,11.180339887498949
TG228,405,107,390,123,TG,5.873256272949288,21.93171219946131
GSD211,315,128,313,126,GSD,4.939992814124395,2.8284271247461903
GG300,213,158,205,162,GG,6.353695011385465,8.94427190999916
GSD200,315,90,313,91,GSD,3.816705098531804,2.23606797749979
TS383,328,172,335,180,TS,5.855571037338105,10.63014581273465
TS319,262,170,265,170,TS,3.7223426992030526,3.0
TS600,372,308,366,316,TS,5.931103651164911,10.0
GSD399,350,92,356,91,GSD,7.759113383564568,6.082762530298219
TG178,281,318,302,326,TG,6.567973245429788,22.47220505424423
TS639,395,151,409,155,TS,6.037987850221746,14.560219778561036
TG932,108,391,107,376,TG,6.573344837423097,15.033296378372908
TG120,136,399,170,406,TG,6.556755079161716,34.713109915419565
TG925,153,404,173,406,TG,4.374798561167434,20.09975124224178
TG298,267,133,261,148,TG,5.092585174063769,16.15549442140351
TS692,391,167,395,154,TS,7.4160943047693095,13.601470508735444
GSD256,279,154,282,151,GSD,6.417693399817064,4.242640687119285
TS702,241,161,237,167,TS,8.017301774254102,7.211102550927978
TS181,476,162,484,161,TS,4.870620383873956,8.06225774829855
TG450,315,332,330,325,TG,4.845268793229665,16.55294535724685
TG205,307,172,286,172,TG,5.668202723345506,21.0
TS95,240,166,244,163,TS,6.213368908537486,5.0
TS195,166,231,175,223,TS,5.575439827343816,12.041594578792296
TG423,307,172,294,172,TG,3.821534986037548,13.0
TS721,479,218,467,220,TS,5.417734896492564,12.165525060596439
GG214,432,184,430,174,GG,6.058114574467343,10.198039027185569
GG362,357,119,366,124,GG,6.303222837317877,10.295630140987
TG173,243,165,221,162,TG,4.863637632395342,22.20360331117452
TS198,382,276,381,289,TS,6.8979239883945525,13.038404810405298
TG306,329,326,311,331,TG,5.801543020910225,18.681541692269406
GG229,343,372,349,366,GG,4.608548851114064,8.48528137423857
GSD281,352,355,348,355,GSD,5.145195727944646,4.0
GG386,239,140,236,136,GG,5.15588027500057,5.0
TG383,435,177,427,148,TG,6.83808170170484,30.083217912982647
GG744,529,153,525,144,GG,6.253020436176691,9.848857801796104
GG703,366,217,366,221,GG,4.099515452870131,4.0
TS385,430,189,437,181,TS,6.309698444176075,10.63014581273465
TG433,222,152,240,139,TG,4.877406433359846,22.20360331117452
GSD15,328,323,331,324,GSD,4.666632614487913,3.1622776601683795
TG440,387,278,391,256,TG,5.611550408775672,22.360679774997898
GSD366,427,110,428,115,GSD,5.840202903182885,5.0990195135927845
TS732,460,97,454,97,TS,5.4776535393344,6.0
TG686,419,94,441,94,TG,7.158497735348007,22.0
TG507,234,144,215,159,TG,6.255959273619649,24.20743687382041
GSD175,502,157,500,157,GSD,5.371144134958456,2.0
GSD40,180,306,179,302,GSD,6.101828387040528,4.123105625617661
TG873,304,176,306,172,TG,4.878169724139783,4.47213595499958
TG314,92,393,92,378,TG,3.9941301508071976,15.0
TS707,230,166,237,169,TS,4.767929626811142,7.615773105863909
GSD221,278,109,282,110,GSD,5.190409870679893,4.123105625617661
TG838,315,173,335,173,TG,4.761416276600712,20.0
TS244,333,172,323,175,TS,5.225554002419386,10.44030650891055
GG702,302,183,300,189,GG,3.649682135115885,6.324555320336759
GG356,453,113,454,119,GG,4.736997006478209,6.082762530298219
GSD288,477,219,473,220,GSD,5.494649183733857,4.123105625617661
GSD134,429,274,434,272,GSD,5.246840443791271,5.385164807134504
GG558,439,79,436,72,GG,6.098255702983153,7.615773105863909
GSD170,156,423,156,419,GSD,5.2550115732020215,4.0
TG77,155,404,184,407,TG,5.6744629175696435,29.154759474226502
GSD327,352,406,351,402,GSD,7.335373103179293,4.123105625617661
TG408,430,171,429,150,TG,4.905496725187943,21.02379604162864
TS570,138,400,123,396,TS,6.704562982640288,15.524174696260024
TS206,393,130,404,125,TS,6.52627949623211,12.083045973594572
TS74,115,391,125,396,TS,4.509146543525354,11.180339887498949
GG723,107,388,117,391,GG,6.790429044862504,10.44030650891055
GSD319,440,123,441,124,GSD,6.8734624971047715,1.4142135623730951
TS535,92,408,94,421,TS,7.349922904413802,13.152946437965905
GSD334,269,322,272,325,GSD,6.150921219002658,4.242640687119285
GSD290,420,248,418,249,GSD,7.70633310805503,2.23606797749979
GSD345,224,433,228,429,GSD,8.580977989964424,5.656854249492381
GSD178,255,128,258,126,GSD,5.258788302048941,3.605551275463989
GG364,382,176,373,179,GG,6.37316281668614,9.486832980505138
TS402,256,442,241,437,TS,7.688899089691235,15.811388300841896
GSD277,423,139,424,135,GSD,5.498499665122457,4.123105625617661
GG296,282,306,291,297,GG,7.543459797805799,12.727922061357855
GG72,334,86,343,85,GG,5.392352222440379,9.055385138137417
TG782,179,407,205,414,TG,6.077414379684104,26.92582403567252
GG190,238,182,244,179,GG,5.878706155835415,6.708203932499369
GSD164,372,109,372,112,GSD,5.004139286553759,3.0
TS404,316,208,331,213,TS,7.196111118470258,15.811388300841896
TS297,243,161,238,167,TS,6.023712281156941,7.810249675906654
GSD203,241,242,242,240,GSD,4.949596560080302,2.23606797749979
TG911,211,346,184,357,TG,6.28029244326842,29.154759474226502
GSD107,148,328,149,334,GSD,6.4399553704411225,6.082762530298219
TS559,348,83,349,90,TS,7.261298136901162,7.0710678118654755
TS530,93,413,103,413,TS,5.226609244695602,10.0
GG56,347,87,337,86,GG,6.004893594840048,10.04987562112089
TG1085,238,343,267,344,TG,6.220938519594318,29.017236257093817
TS2,267,133,262,140,TS,6.449878487226075,8.602325267042627
TS150,360,323,366,314,TS,5.780077810038502,10.816653826391969
GSD351,388,153,392,153,GSD,5.78798926060124,4.0
GG177,430,177,438,177,GG,5.826019673129643,8.0
TS583,179,355,195,349,TS,7.642384911453949,17.08800749063506
GG353,308,136,311,125,GG,6.154211634029512,11.40175425099138
TS372,243,161,238,163,TS,4.283442745907191,5.385164807134504
TS226,393,166,392,177,TS,4.302190712180508,11.045361017187261
TS397,231,130,237,135,TS,4.652345326633058,7.810249675906654
GSD29,404,288,404,291,GSD,4.627258120770492,3.0
GSD327,356,408,352,406,GSD,5.838653422703157,4.47213595499958
GSD390,286,147,288,148,GSD,6.097907621687135,2.23606797749979
GSD90,337,166,333,165,GSD,6.116266204097343,4.123105625617661
TS781,102,277,104,277,TS,4.601492486767462,2.0
TG225,240,437,223,431,TG,5.150261503057936,18.027756377319946
GSD33,328,277,332,277,GSD,6.143919422038415,4.0
TG754,353,320,333,325,TG,5.131382805384654,20.615528128088304
GSD39,389,150,388,151,GSD,5.300465994870033,1.4142135623730951
TG1116,251,343,223,346,TG,5.405067274811145,28.160255680657446
GG186,227,163,234,170,GG,6.825518178244836,9.899494936611665
GSD242,445,230,447,232,GSD,6.171514343654584,2.8284271247461903
GG479,347,168,350,162,GG,5.6273405914452255,6.708203932499369
GSD389,143,426,138,424,GSD,5.446338432684502,5.385164807134504
TS541,250,192,243,184,TS,5.196962902867995,10.63014581273465
TS142,48,347,46,357,TS,5.79258399490553,10.198039027185569
TS748,299,175,293,174,TS,6.0276404257713345,6.082762530298219
GG742,277,213,273,219,GG,4.419157320165196,7.211102550927978
TG877,307,177,287,172,TG,6.314499694270801,20.615528128088304
GG355,274,365,272,353,GG,5.794576616423482,12.165525060596439
GG176,432,173,431,164,GG,5.978565237468207,9.055385138137417
GG681,324,201,332,202,GG,4.875416847549955,8.06225774829855
TS240,305,330,312,334,TS,4.9462113317479055,8.06225774829855
GG196,233,198,241,194,GG,5.630682201764209,8.94427190999916
TS424,329,326,341,325,TS,5.0740185321534295,12.041594578792296
TG659,252,440,264,428,TG,4.616021814518097,16.97056274847714
TS523,311,206,301,201,TS,5.021289858104646,11.180339887498949
TG164,306,260,301,275,TG,4.260267160215051,15.811388300841896
TG230,437,133,429,146,TG,3.8633313844087915,15.264337522473747
TS564,243,360,247,348,TS,7.190485927133863,12.649110640673518
GG367,379,306,381,312,GG,6.0349173323469785,6.324555320336759
GG541,355,123,355,121,GG,5.058596461948179,2.0
TG923,449,97,438,96,TG,4.716337151836715,11.045361017187261
GSD328,299,406,303,402,GSD,6.332747623805403,5.656854249492381
GSD88,216,382,209,380,GSD,7.071639190875899,7.280109889280518
TG543,430,171,433,185,TG,4.56762578835031,14.317821063276353
TG293,259,165,279,171,TG,5.295121502333991,20.8806130178211
GSD400,272,328,273,325,GSD,5.6446512527983685,3.1622776601683795
TS641,390,121,394,117,TS,5.583567360167194,5.656854249492381
TS439,53,442,45,444,TS,5.186483257309598,8.246211251235321
TG884,386,288,373,306,TG,6.189891965259828,22.20360331117452
TG851,285,171,307,177,TG,6.452575821468827,22.80350850198276
TG458,375,133,362,143,TG,6.075412685510612,16.401219466856727
GG414,421,145,424,154,GG,6.1716395996100895,9.486832980505138
GG596,389,176,380,176,GG,4.327532167775598,9.0
GG592,388,294,388,286,GG,5.098030272564202,8.0
TG1065,288,171,299,174,TG,3.483248461364434,11.40175425099138
TG883,187,407,213,419,TG,6.816315157195765,28.635642126552707
GSD177,229,144,228,146,GSD,4.323898602859752,2.23606797749979
TG146,221,151,215,158,TG,6.036659039635277,9.219544457292887
GG395,463,188,469,194,GG,6.273437218726234,8.48528137423857
TS161,444,222,459,223,TS,5.559581933985077,15.033296378372908
TS496,485,161,498,160,TS,5.70772294243595,13.038404810405298
TS692,386,189,392,178,TS,5.784647755339636,12.529964086141668
TG907,226,346,256,341,TG,6.880898638457964,30.4138126514911
TS74,102,390,115,391,TS,5.677526069223024,13.038404810405298
GG685,260,125,253,132,GG,6.267233154893066,9.899494936611665
TG1159,177,405,203,411,TG,4.941425506327638,26.68332812825267
TS1,256,461,251,469,TS,4.745668040862282,9.433981132056603
GSD302,223,395,220,397,GSD,4.135894024353934,3.605551275463989
GSD277,429,124,427,122,GSD,4.01013020327299,2.8284271247461903
TS123,392,148,393,157,TS,6.1433496976191355,9.055385138137417
GG172,253,117,246,114,GG,6.3692506251705225,7.615773105863909
GG348,264,427,266,421,GG,5.132166037011871,6.324555320336759
GG10,102,378,111,376,GG,6.6284116422211605,9.219544457292887
TG77,139,400,155,404,TG,4.7374565496268985,16.492422502470642
TS668,275,414,287,418,TS,8.102023991040518,12.649110640673518
GSD93,245,155,246,160,GSD,7.679091826601821,5.0990195135927845
GG317,321,87,331,84,GG,5.711667004137004,10.44030650891055
TG502,405,107,390,122,TG,5.666812642369511,21.213203435596427
GG281,384,176,387,164,GG,6.783907767745965,12.36931687685298
GG749,352,191,348,198,GG,5.197690295821847,8.06225774829855
TS205,161,405,153,402,TS,5.043359810693042,8.54400374531753
GSD139,358,130,354,130,GSD,6.027775501823129,4.0
GSD83,314,91,317,90,GSD,6.327130590584307,3.1622776601683795
GG241,476,162,467,161,GG,5.473725585300407,9.055385138137417
TG104,335,87,312,92,TG,4.6803850456656395,23.53720459187964
GG631,256,154,255,163,GG,7.856592243507276,9.055385138137417
TG370,399,112,420,92,TG,6.512299982535655,29.0
TG283,214,346,192,352,TG,5.746132369048161,22.80350850198276
GSD243,147,406,146,409,GSD,6.562958580136698,3.1622776601683795
TG954,259,341,241,343,TG,4.6809272998162825,18.110770276274835
GG602,452,87,451,82,GG,7.632626781466249,5.0990195135927845
TS295,248,346,243,359,TS,5.8670175630955015,13.92838827718412
TS277,413,211,424,202,TS,6.556589384436963,14.212670403551895
TG433,227,164,222,152,TG,6.615281662574435,13.0
GSD95,407,281,408,283,GSD,4.995873511756756,2.23606797749979
GG627,252,187,244,179,GG,7.169826468352538,11.313708498984761
GSD147,407,90,409,84,GSD,5.566930760852893,6.324555320336759
TS779,396,116,387,123,TS,6.951592420862719,11.40175425099138
GG634,125,369,119,374,GG,5.279248995675704,7.810249675906654
GSD288,473,220,472,222,GSD,8.036269064252691,2.23606797749979
TS576,243,148,233,145,TS,5.736311364622791,10.44030650891055
TS350,430,100,436,97,TS,4.546863671423842,6.708203932499369
TS151,415,98,402,108,TS,4.969987057379114,16.401219466856727
GG32,441,112,445,111,GG,5.088964804090809,4.123105625617661
TS374,413,210,418,202,TS,4.958616337492845,9.433981132056603
GSD360,231,382,234,376,GSD,7.670830277868042,6.708203932499369
TS157,432,185,428,192,TS,4.90609732384005,8.06225774829855
GSD255,504,155,508,152,GSD,4.9663048823992355,5.0
TS448,236,173,244,182,TS,5.079953748536273,12.041594578792296
GSD127,229,225,226,224,GSD,7.06294466619209,3.1622776601683795
GSD309,508,180,504,180,GSD,5.805139103684928,4.0
TG943,281,318,300,325,TG,4.994026238607717,20.248456731316587
TG913,431,164,430,143,TG,5.558728737945411,21.02379604162864
GG170,120,374,106,376,GG,8.11505057622289,14.142135623730951
GG158,298,192,292,193,GG,5.3390844024660815,6.082762530298219
TS767,115,247,111,256,TS,5.818216821070639,9.848857801796104
GG279,321,87,332,86,GG,6.978840383557177,11.045361017187261
GG743,286,122,295,123,GG,5.192335481568648,9.055385138137417
TS440,247,193,252,188,TS,4.59159354944871,7.0710678118654755
GSD268,472,202,469,196,GSD,6.436724882040599,6.708203932499369
GG763,263,165,261,172,GG,4.674237018464638,7.280109889280518
TG1028,281,144,257,148,TG,6.567680223227413,24.331050121192877
GG419,407,103,414,107,GG,6.093266680765025,8.06225774829855
GSD219,383,114,384,110,GSD,5.538798449812522,4.123105625617661
GSD257,481,157,479,156,GSD,5.838150648744431,2.23606797749979
GG454,427,140,420,136,GG,6.289911832904977,8.06225774829855
TS505,254,150,259,145,TS,5.449123178340868,7.0710678118654755
TS377,262,170,271,172,TS,5.052422648150436,9.219544457292887
GG479,331,182,339,176,GG,7.678823219242325,10.0
GG281,392,153,393,144,GG,5.93546895583769,9.055385138137417
GSD302,240,397,236,396,GSD,5.880147015278676,4.123105625617661
TS217,262,167,268,164,TS,5.866825454995271,6.708203932499369
GSD294,484,158,484,163,GSD,6.844394749442687,5.0
TG963,280,397,274,367,TG,6.136573026500846,30.59411708155671
TS406,378,137,373,128,TS,5.8002994118684015,10.295630140987
GG20,266,425,277,421,GG,7.084552132095396,11.704699910719626
TG497,223,163,221,153,TG,4.811159887231001,10.198039027185569
TG75,276,388,278,402,TG,4.360923845555952,14.142135623730951
GG226,227,109,235,106,GG,6.169980307172328,8.54400374531753
GG127,117,392,129,394,GG,5.549598556665089,12.165525060596439
TS80,165,407,179,406,TS,5.766203220290713,14.035668847618199
TG1050,157,404,185,407,TG,6.752903638496318,28.160255680657446
GG646,215,198,216,203,GG,5.953621445826951,5.0990195135927845
GSD189,451,159,451,160,GSD,5.59255626462954,1.0
TS611,187,407,202,411,TS,7.038028346989419,15.524174696260024
GSD106,329,130,330,130,GSD,2.6179655060710054,1.0
TS408,359,121,369,125,TS,6.611898346202192,10.770329614269007
GSD16,486,88,483,90,GSD,4.14920138220937,3.605551275463989
GSD92,353,188,358,187,GSD,5.381958824390267,5.0990195135927845
GG666,472,163,463,161,GG,4.788629603159412,9.219544457292887
GG304,262,174,263,183,GG,6.026234599989635,9.055385138137417
TG143,226,346,203,349,TG,5.21418250673977,23.194827009486403
GG603,417,46,419,47,GG,5.282582144115327,2.23606797749979
TG479,227,165,212,157,TG,4.520633775872491,17.0
GG414,424,154,431,163,GG,6.695758593944957,11.40175425099138
GSD347,342,163,342,161,GSD,7.7198072396231225,2.0
TS679,91,391,84,388,TS,4.63539465640639,7.615773105863909
GG82,295,287,290,296,GG,6.006640549266624,10.295630140987
GSD197,149,359,144,358,GSD,5.856569267802659,5.0990195135927845
GG14,106,378,95,387,GG,6.885423929553543,14.212670403551895
GG710,519,160,520,166,GG,5.387743689055547,6.082762530298219
TS185,277,409,275,419,TS,5.064123918664951,10.198039027185569
GSD225,442,126,440,124,GSD,5.988700847562399,2.8284271247461903
TG495,178,405,197,409,TG,4.415859228929421,19.4164878389476
TS15,355,332,358,323,TS,5.793047738685122,9.486832980505138
GSD232,332,402,334,403,GSD,5.51332401099549,2.23606797749979
GSD101,402,301,407,301,GSD,5.781059844375804,5.0
TS559,338,87,348,83,TS,5.12481161754048,10.770329614269007
GSD399,359,96,360,98,GSD,5.447013624148248,2.23606797749979
GSD11,496,77,493,78,GSD,5.410406541624599,3.1622776601683795
GG428,178,434,183,422,GG,7.508177915984199,13.0
GG96,214,192,214,201,GG,4.447752221238284,9.0
GG784,423,149,417,142,GG,5.986923420556021,9.219544457292887
GG717,318,220,315,227,GG,5.0628630665408725,7.615773105863909
GG677,261,188,261,193,GG,5.222359384227314,5.0
GG505,267,444,262,454,GG,6.70404233948616,11.180339887498949
TG655,397,151,424,153,TG,5.891726197643905,27.073972741361768
GSD387,26,435,23,441,GSD,6.064597434185391,6.708203932499369
TG949,286,172,266,160,TG,6.260015226571364,23.323807579381203
TG1077,170,357,190,354,TG,5.280891041074996,20.223748416156685
GG541,336,117,329,109,GG,7.416057742467451,10.63014581273465
TS653,248,160,239,165,TS,5.705832399331301,10.295630140987
TG722,479,103,464,95,TG,5.270435964026646,17.0
GSD76,184,362,181,363,GSD,5.494392333212542,3.1622776601683795
GSD389,147,426,143,426,GSD,5.9958407715772815,4.0
GG47,238,140,251,137,GG,7.31468081219538,13.341664064126334
GSD279,504,183,505,180,GSD,5.685193192258801,3.1622776601683795
GG687,359,256,361,245,GG,7.306656948723157,11.180339887498949
GG673,325,122,334,121,GG,6.511985726467465,9.055385138137417
GSD254,301,252,302,247,GSD,4.967798371343523,5.0990195135927845
GG515,271,400,276,390,GG,6.018670117377683,11.180339887498949
TS64,92,394,91,401,TS,6.133768082494077,7.0710678118654755
GSD215,187,316,189,317,GSD,4.884352822565085,2.23606797749979
GG301,262,183,264,190,GG,6.078093179597335,7.280109889280518
GSD271,462,150,463,152,GSD,5.124624583571815,2.23606797749979
TG825,309,246,315,225,TG,5.170430811579717,21.840329667841555
GG46,256,321,253,315,GG,5.273425859989676,6.708203932499369
GSD132,374,143,374,147,GSD,6.394016974708784,4.0
TS346,361,121,373,128,TS,6.570283562810054,13.892443989449804
TS298,252,338,252,343,TS,4.783707040550649,5.0
GG184,324,203,316,199,GG,4.85291540702139,8.94427190999916
GG573,380,41,372,45,GG,7.195635998369259,8.94427190999916
TG455,409,103,399,112,TG,3.763221245745422,13.45362404707371
TG133,437,92,418,93,TG,6.004756697732509,19.026297590440446
GG46,253,315,249,303,GG,5.753662060630101,12.649110640673518
TS370,163,406,158,404,TS,5.332460270532994,5.385164807134504
TG564,385,124,365,123,TG,3.9248437971950056,20.024984394500787
GG238,240,280,245,291,GG,5.409643120472971,12.083045973594572
GG353,305,141,308,136,GG,4.571288155537758,5.830951894845301
GSD59,486,177,487,177,GSD,5.0521488846805624,1.0
GSD8,328,352,326,348,GSD,5.541360972492253,4.47213595499958
TG742,136,399,161,406,TG,5.317446616324477,25.96150997149434
TS332,363,122,371,126,TS,4.726739836507974,8.94427190999916
GSD381,427,123,427,126,GSD,6.533240378081466,3.0
TG707,249,440,235,435,TG,4.307398620576846,14.866068747318506
GSD339,448,201,447,201,GSD,5.093256362168191,1.0
TG1049,252,150,239,142,TG,5.920238964120496,15.264337522473747
TG97,323,187,335,176,TG,4.8179045465171955,16.278820596099706
GSD143,366,175,362,177,GSD,7.199329575345601,4.47213595499958
GG340,252,132,260,125,GG,7.371198646341419,10.63014581273465
TS102,479,102,485,113,TS,5.041136808931315,12.529964086141668
GSD178,245,123,248,125,GSD,3.263199142091585,3.605551275463989
GG90,261,492,257,487,GG,3.864740924155699,6.4031242374328485
TS794,105,377,95,388,TS,7.98132513682917,14.866068747318506
TS337,387,123,388,125,TS,4.3594289012945495,2.23606797749979
GG196,224,199,233,198,GG,4.8428064682804415,9.055385138137417
TS476,352,93,350,84,TS,5.6918556143077135,9.219544457292887
GG355,276,378,274,365,GG,6.425954804017811,13.152946437965905
GG615,240,177,235,170,GG,4.9867615620622665,8.602325267042627
TG226,371,127,389,131,TG,6.200191132115549,18.439088914585774
GG150,80,379,75,381,GG,4.690893823068953,5.385164807134504
TS68,334,215,323,207,TS,6.494974220501611,13.601470508735444
GG393,403,115,408,111,GG,6.3909104667957095,6.4031242374328485
GG349,324,202,315,195,GG,5.981940740335832,11.40175425099138
GG143,502,176,513,172,GG,5.682049038017812,11.704699910719626
GSD68,333,350,335,347,GSD,6.1183959798444985,3.605551275463989
GSD140,271,225,269,226,GSD,6.438897909470309,2.23606797749979
TS106,221,170,222,161,TS,6.541889455191557,9.055385138137417
TS394,125,398,120,394,TS,5.323327003703681,6.4031242374328485
GG601,435,101,439,110,GG,5.107326992246968,9.848857801796104
TS774,272,172,269,163,TS,4.908260514007531,9.486832980505138
TG16,227,149,245,146,TG,6.468324500941167,18.24828759089466
TS310,361,122,344,122,TS,6.3100210636611065,17.0
TS5,382,277,385,269,TS,5.463579477448661,8.54400374531753
GSD223,460,166,460,170,GSD,7.429886363133011,4.0
TG730,219,347,194,351,TG,6.08172299205712,25.317977802344327
TG966,386,288,396,248,TG,8.589317011518492,41.23105625617661
TS509,397,151,389,146,TS,5.839872850758929,9.433981132056603
TG981,270,129,282,114,TG,6.514010959727749,19.209372712298546
TS491,269,168,275,163,TS,6.426974036562186,7.810249675906654
TG627,315,332,290,320,TG,6.42210799291691,27.730849247724095
TG317,360,143,373,138,TG,4.200395421120312,13.92838827718412
TS507,345,84,337,86,TS,6.291618603147683,8.246211251235321
TG445,368,124,351,120,TG,5.285293281685079,17.46424919657298
GG693,457,166,458,160,GG,4.898875025908458,6.082762530298219
GG767,431,182,436,189,GG,5.183176092041353,8.602325267042627
TS776,331,179,322,174,TS,6.491948766951999,10.295630140987
TG832,226,432,205,413,TG,7.310608567295538,28.319604517012593
GSD139,365,154,363,149,GSD,7.138617702284661,5.385164807134504
TS302,355,322,343,324,TS,5.066900696746082,12.165525060596439
GSD333,336,296,340,290,GSD,6.422890686836652,7.211102550927978
TG786,139,400,166,405,TG,6.77704722251316,27.459060435491963
GG538,275,78,272,71,GG,4.382898734501435,7.615773105863909
TS225,431,91,442,93,TS,5.825872286033606,11.180339887498949
TS239,276,377,275,387,TS,4.671861522001684,10.04987562112089
GG256,410,38,415,45,GG,4.870160273192761,8.602325267042627
GSD107,148,342,150,347,GSD,7.189010151792729,5.385164807134504
GSD336,339,212,335,211,GSD,4.803064447459805,4.123105625617661
GG352,261,124,253,132,GG,7.017313046325658,11.313708498984761
TG807,271,351,275,384,TG,7.690668318307032,33.24154027718932
TS437,224,164,233,168,TS,5.383152021955183,9.848857801796104
GG478,302,124,309,125,GG,5.454676754254173,7.0710678118654755
GSD42,190,367,187,369,GSD,4.581474225951979,3.605551275463989
TG687,333,182,320,173,TG,5.174614824987912,15.811388300841896
GSD63,189,327,190,332,GSD,6.005191048892456,5.0990195135927845
TG1150,312,129,302,137,TG,3.349983263341082,12.806248474865697
GG352,253,132,255,140,GG,6.959033623553946,8.246211251235321
TS123,392,167,390,181,TS,6.898162291985592,14.142135623730951
GSD312,324,153,323,150,GSD,4.3975380173867205,3.1622776601683795
TS268,151,402,164,406,TS,6.435884061032365,13.601470508735444
TS560,243,161,252,162,TS,5.501067835854374,9.055385138137417
GG163,263,167,262,177,GG,7.760138018359003,10.04987562112089
GG3,196,389,195,399,GG,6.630158378625726,10.04987562112089
TG572,350,82,317,89,TG,7.337117352624545,33.734255586866
TS324,497,81,494,86,TS,4.638057413558771,5.830951894845301
GG320,251,466,253,473,GG,3.8482268243723468,7.280109889280518
GG69,408,217,396,214,GG,6.731752732286361,12.36931687685298
TS392,108,247,120,245,TS,4.474723348994884,12.165525060596439
TS252,312,237,308,247,TS,5.123533883380684,10.770329614269007
TS414,277,450,271,454,TS,5.681985152737092,7.211102550927978
GG558,436,72,437,60,GG,7.731159792790887,12.041594578792296
TG196,487,92,460,96,TG,6.95655681993475,27.294688127912362
GG381,405,38,394,39,GG,5.835948523605186,11.045361017187261
TS148,481,217,487,208,TS,6.348801795371517,10.816653826391969
TS106,207,175,214,171,TS,4.6493249295429715,8.06225774829855
GG111,469,111,462,111,GG,4.844650417898949,7.0
TS114,364,133,372,130,TS,3.713691594859485,8.54400374531753
TG956,428,90,408,105,TG,6.166269758605215,25.0
TG1026,294,290,279,312,TG,5.530259225702873,26.627053911388696
TS7,378,126,370,130,TS,5.0578762420506305,8.94427190999916
TS207,125,397,110,391,TS,6.502146982092233,16.15549442140351
GSD76,190,332,191,338,GSD,6.433444288225502,6.082762530298219
GG201,299,88,290,87,GG,5.065283817710476,9.055385138137417
GSD133,302,296,306,297,GSD,5.020791870781551,4.123105625617661
TS228,382,296,376,303,TS,6.172328391114922,9.219544457292887
GSD316,338,279,334,278,GSD,5.60799173823667,4.123105625617661
TS798,444,175,435,181,TS,6.510297406089602,10.816653826391969
GSD310,338,251,335,251,GSD,5.079585974899901,3.0
GG446,355,122,345,121,GG,6.114563978979641,10.04987562112089
GSD360,228,379,231,382,GSD,4.314601490257232,4.242640687119285
TS562,227,149,236,143,TS,6.254856735278185,10.816653826391969
TG456,417,208,404,236,TG,6.318740550653367,30.870698080866262
GG124,253,166,256,161,GG,4.208243249278144,5.830951894845301
TS754,324,167,332,159,TS,6.613881753026234,11.313708498984761
GSD276,448,184,451,182,GSD,5.704328097527718,3.605551275463989
GG74,341,199,348,198,GG,5.444072420874381,7.0710678118654755
TG967,240,344,266,343,TG,6.463149672970047,26.019223662515376
GSD206,152,397,150,399,GSD,5.479788631731915,2.8284271247461903
GG649,294,190,299,195,GG,5.425414104511381,7.0710678118654755
GSD400,271,332,272,328,GSD,6.431883335514694,4.123105625617661
GSD158,195,410,193,409,GSD,4.105145080477167,2.23606797749979
TG731,482,92,461,94,TG,5.242988686545135,21.095023109728988
TS428,295,174,305,176,TS,7.69498747453271,10.198039027185569
GG372,320,199,317,198,GG,4.217628819817037,3.1622776601683795
GSD315,358,314,359,313,GSD,4.939759005505788,1.4142135623730951
GSD11,498,77,496,77,GSD,4.812382882409905,2.0
TS500,240,168,248,161,TS,7.414515640452262,10.63014581273465
TG30,316,332,298,325,TG,4.995852897958741,19.313207915827967
GG652,237,233,236,218,GG,6.912647194850158,15.033296378372908
TS129,70,395,68,393,TS,4.49349090933854,2.8284271247461903
GG265,286,206,278,213,GG,4.602446594288667,10.63014581273465
GG489,433,82,432,92,GG,6.237989266440103,10.04987562112089
GG788,396,37,409,38,GG,7.4885744835651,13.038404810405298
TG1146,226,431,249,440,TG,5.4068420524257546,24.698178070456937
TG434,312,332,301,323,TG,4.0085864624050025,14.212670403551895
TS201,304,178,312,174,TS,6.020397762682175,8.94427190999916
TS383,313,173,320,174,TS,6.348106436180504,7.0710678118654755
TG212,211,346,235,344,TG,5.312134646511354,24.08318915758459
TS447,243,161,236,169,TS,5.839180447794333,10.63014581273465
TG1013,316,209,311,236,TG,6.048085829334394,27.459060435491963
TS423,239,366,232,374,TS,6.391506695730732,10.63014581273465
GG238,238,257,237,266,GG,5.802665960512677,9.055385138137417
TS477,270,325,279,314,TS,6.2765039302936785,14.212670403551895
TG464,152,403,180,407,TG,6.309917076354182,28.284271247461902
TS695,482,93,472,95,TS,5.594782644568653,10.198039027185569
TS208,371,125,365,123,TS,5.655143180612628,6.324555320336759
TG221,395,129,397,150,TG,6.8138252185076515,21.095023109728988
GG701,458,138,460,146,GG,6.160873695524163,8.246211251235321
GG760,287,109,280,113,GG,5.4748301784096824,8.06225774829855
TS665,438,93,448,96,TS,6.252738348080494,10.44030650891055
GSD81,325,172,321,172,GSD,4.668083791022945,4.0
TG140,408,104,420,93,TG,4.110317190213836,16.278820596099706
GG638,176,441,172,451,GG,5.639422807931452,10.770329614269007
GG521,297,201,301,205,GG,6.81795880086479,5.656854249492381
GSD196,297,441,301,437,GSD,6.784011200331038,5.656854249492381
TG222,136,399,156,404,TG,6.409912142203852,20.615528128088304
TS265,276,145,289,143,TS,6.356786303089219,13.152946437965905
TS373,360,322,354,326,TS,5.729004433782987,7.211102550927978
TG114,324,157,324,165,TG,6.181705560040682,8.0
GSD315,358,317,360,313,GSD,4.568406135113792,4.47213595499958
TS146,321,332,326,328,TS,5.533659487693482,6.4031242374328485
GSD389,134,419,129,424,GSD,6.437958228711214,7.0710678118654755
TS3,91,398,95,394,TS,5.48518369909452,5.656854249492381
GSD44,348,196,350,200,GSD,5.02557710630548,4.47213595499958
TS645,95,290,101,281,TS,6.20993983799423,10.816653826391969
GSD359,344,186,346,182,GSD,5.203689944733746,4.47213595499958
TG365,419,94,404,107,TG,4.939753757100033,19.849433241279208
GG702,303,175,302,183,GG,6.09875742529842,8.06225774829855
GG52,521,164,514,161,GG,6.754441269271403,7.615773105863909
GSD75,490,158,492,159,GSD,5.03874504383478,2.23606797749979
GG732,119,447,109,446,GG,6.238573201149433,10.04987562112089
GG56,332,74,336,67,GG,5.657216748717417,8.06225774829855
GSD303,221,222,221,217,GSD,6.391136215705217,5.0
TG183,431,166,430,190,TG,4.860311544399193,24.020824298928627
TS81,316,169,309,177,TS,5.982974943488328,10.63014581273465
GG169,229,198,222,201,GG,6.570145355271407,7.615773105863909
GG297,166,470,155,468,GG,6.264084996431772,11.180339887498949
GG537,304,125,310,129,GG,6.293467772538932,7.211102550927978
GSD18,311,426,314,429,GSD,6.072362645439814,4.242640687119285
TG47,197,172,213,159,TG,6.463377153907549,20.615528128088304
TS554,441,223,456,223,TS,6.674406234400394,15.0
GSD294,484,163,482,169,GSD,7.4131595424177,6.324555320336759
GSD285,386,152,385,148,GSD,6.625440478641,4.123105625617661
TS275,257,434,255,443,TS,4.887213429432801,9.219544457292887
TS771,136,399,125,397,TS,5.201758026011943,11.180339887498949
TS44,217,155,212,157,TS,6.063242085870037,5.385164807134504
GG135,440,59,449,61,GG,6.870851923865754,9.219544457292887
GSD129,270,390,269,397,GSD,6.640115495979604,7.0710678118654755
TS131,323,87,308,97,TS,7.932486510260048,18.027756377319946
TS710,312,174,323,173,TS,6.107404184802894,11.045361017187261
TG98,260,165,241,166,TG,5.6579155644265935,19.026297590440446
TS259,116,245,107,247,TS,5.328840100565078,9.219544457292887
GG227,279,316,264,315,GG,7.944365235417724,15.033296378372908
GSD198,252,186,256,180,GSD,6.55591831260892,7.211102550927978
TS12,191,353,181,356,TS,6.577163764996822,10.44030650891055
GG67,333,201,327,202,GG,4.549675201429892,6.082762530298219
GG438,233,497,227,495,GG,4.741903169704569,6.324555320336759
GSD366,427,95,427,99,GSD,5.562955538592325,4.0
GG131,302,267,301,270,GG,5.315499314634465,3.1622776601683795
TS372,253,161,243,161,TS,4.97275798084638,10.0
TG1137,180,407,215,423,TG,8.18815852065687,38.48376280978771
GG605,272,114,269,105,GG,5.770497906630602,9.486832980505138
TS747,479,218,462,222,TS,7.17458622688806,17.46424919657298
GSD157,230,428,228,429,GSD,5.286333352819096,2.23606797749979
GG585,318,161,305,161,GG,5.857291225048425,13.0
TS430,434,222,444,223,TS,5.535617044139867,10.04987562112089
TS767,143,241,130,244,TS,6.949478865676702,13.341664064126334
TG1193,152,403,176,406,TG,6.159701394155224,24.186773244895647
TG709,419,94,434,92,TG,3.873307358129357,15.132745950421556
GSD333,345,298,341,298,GSD,6.601760138038344,4.0
TG1116,223,346,206,349,TG,4.1813490639170325,17.26267650163207
GG466,188,278,197,273,GG,8.151141556145202,10.295630140987
TG838,307,172,315,173,TG,4.6215339962862005,8.06225774829855
TS703,259,148,254,149,TS,5.728247119046241,5.0990195135927845
TS515,277,450,276,458,TS,7.013951441184203,8.06225774829855
TG1148,298,105,315,90,TG,5.227783880351984,22.67156809750927
GSD323,384,151,388,153,GSD,4.6434594403683676,4.47213595499958
GSD214,424,92,424,95,GSD,4.309883005139721,3.0
GSD365,421,249,422,241,GSD,7.594907104341679,8.06225774829855
TG472,94,389,119,394,TG,7.218184697397191,25.495097567963924
TS415,291,194,274,189,TS,8.156814362183697,17.72004514666935
GG403,394,217,387,217,GG,5.961728934430958,7.0
TG739,383,126,360,138,TG,6.971815630076829,25.942243542145693
TS731,88,353,86,346,TS,4.914327537806713,7.280109889280518
TS336,355,333,349,345,TS,6.697152562058735,13.416407864998739
GG21,300,278,295,288,GG,5.683047776101335,11.180339887498949
TS51,381,287,381,272,TS,6.704518210591974,15.0
GSD167,302,175,304,177,GSD,6.493026324478439,2.8284271247461903
TG1036,259,148,286,144,TG,6.932458936125681,27.294688127912362
TS675,166,404,180,407,TS,7.113907346792774,14.317821063276353
TG500,478,119,455,125,TG,5.490306435626517,23.769728648009426
TG15,457,127,445,132,TG,3.333519281090922,13.0
GSD236,350,283,350,287,GSD,5.634479924968403,4.0
GSD332,343,164,342,161,GSD,7.560515841329139,3.1622776601683795
GG372,317,198,310,196,GG,5.597452990379168,7.280109889280518
GSD257,473,156,469,156,GSD,6.696880446749521,4.0
TS111,297,283,301,273,TS,5.358308143611684,10.770329614269007
GG430,414,98,407,100,GG,4.61783946886373,7.280109889280518
GSD118,158,405,164,404,GSD,6.418660821124255,6.082762530298219
GG434,412,142,412,147,GG,5.071660066037484,5.0
GSD227,273,79,272,84,GSD,7.378230066275325,5.0990195135927845
GG405,400,101,388,98,GG,6.488322664682993,12.36931687685298
TG1110,429,145,433,160,TG,3.759870204714017,15.524174696260024
GSD25,463,174,467,175,GSD,5.658367085583613,4.123105625617661
GG329,276,218,272,220,GG,4.741213889532001,4.47213595499958
TS1,266,451,256,461,TS,7.276984350756574,14.142135623730951
GSD113,492,198,493,200,GSD,4.745348732653593,2.23606797749979
GSD67,276,348,274,348,GSD,5.888405149734282,2.0
TG372,458,96,438,96,TG,5.698133228490407,20.0
TS586,426,199,420,200,TS,5.362423586564756,6.082762530298219
GSD298,265,215,264,218,GSD,3.8170551122015013,3.1622776601683795
TG975,266,427,276,414,TG,5.695948511858459,16.401219466856727
GG755,320,202,325,198,GG,8.552796699823535,6.4031242374328485
TG762,198,350,221,348,TG,6.421189139081104,23.08679276123039
GG54,455,59,451,57,GG,5.85226274135891,4.47213595499958
GG360,174,358,177,354,GG,4.450015045966943,5.0
TS151,394,117,388,124,TS,5.22769339204045,9.219544457292887
TG153,387,260,387,287,TG,5.726946600683204,27.0
GSD396,393,299,392,298,GSD,4.996049558275423,1.4142135623730951
GG702,300,189,298,191,GG,6.4622965156473064,2.8284271247461903
TG938,378,135,405,154,TG,7.55329137236693,33.015148038438355
GSD318,240,167,240,171,GSD,6.167655871932519,4.0
GG72,350,83,356,81,GG,4.705565396965824,6.324555320336759
TS304,99,287,102,286,TS,5.93379935623479,3.1622776601683795
GSD287,365,302,370,302,GSD,6.234183295377022,5.0
TG1011,450,98,437,92,TG,4.952819385886779,14.317821063276353
GG163,283,191,294,191,GG,6.600097306897808,11.0
TS121,62,383,67,390,TS,4.387330196399258,8.602325267042627
GG470,306,168,305,161,GG,5.639831920547196,7.0710678118654755
TS407,245,175,247,183,TS,4.059487910840977,8.246211251235321
GSD38,319,111,319,105,GSD,6.3958112638567055,6.0
TS709,392,173,387,184,TS,5.958929491608653,12.083045973594572
GSD265,440,262,437,262,GSD,5.152070483588936,3.0
TG194,430,90,434,99,TG,6.927366549782575,9.848857801796104
GSD157,222,428,217,427,GSD,6.542310532573666,5.0990195135927845
GSD280,367,363,365,362,GSD,7.237331896116544,2.23606797749979
GSD169,30,435,31,434,GSD,4.956683064369194,1.4142135623730951
TS798,476,162,462,162,TS,6.385955369919692,14.0
TG574,179,356,159,361,TG,5.486865055482044,20.615528128088304
TG63,230,166,248,159,TG,4.670206306811538,19.313207915827967
GG192,406,217,416,218,GG,7.1908020744081025,10.04987562112089
TS530,89,409,93,413,TS,6.275399376562667,5.656854249492381
TS449,371,139,380,137,TS,5.2921774006760565,9.219544457292887
GG766,237,248,236,239,GG,6.526415095683252,9.055385138137417
GG600,305,140,306,150,GG,4.671391715384436,10.04987562112089
GG539,331,162,332,167,GG,4.1807616104025245,5.0990195135927845
TS77,266,339,253,342,TS,7.175700876453487,13.341664064126334
TS115,61,426,54,440,TS,7.273084466969685,15.652475842498529
GSD225,446,133,443,131,GSD,3.9560819113817196,3.605551275463989
TS749,124,398,131,399,TS,5.303370502541094,7.0710678118654755
GSD57,430,86,432,88,GSD,6.326000738101902,2.8284271247461903
GSD9,516,151,512,153,GSD,5.436730919125502,4.47213595499958
GSD378,447,205,446,202,GSD,6.347248567709753,3.1622776601683795
GG288,315,317,322,315,GG,4.289759024203315,7.280109889280518
GG118,330,216,340,219,GG,6.866340643474604,10.44030650891055
GSD337,166,427,161,428,GSD,5.890373555152699,5.0990195135927845
GSD5,335,243,335,247,GSD,5.384090987319794,4.0
GSD110,263,331,260,329,GSD,7.525509388479229,3.605551275463989
TS246,136,399,146,402,TS,4.616087855984238,10.44030650891055
GG483,454,103,452,95,GG,5.11411746176424,8.246211251235321
GSD120,271,453,275,454,GSD,5.340161227099252,4.123105625617661
TG842,133,400,103,390,TG,6.214982251802448,31.622776601683793
TS42,107,265,105,272,TS,5.290979237785102,7.280109889280518
GSD323,383,149,384,152,GSD,4.307094396446367,3.1622776601683795
TS657,105,274,103,278,TS,5.745689505457758,4.47213595499958
TG1180,473,125,443,132,TG,6.50669207720873,30.805843601498726
GG676,250,500,240,498,GG,7.662706070089056,10.198039027185569
TG774,302,267,295,287,TG,5.190628000190719,21.18962010041709
GG400,454,123,453,113,GG,6.624491813660116,10.04987562112089
GG763,256,142,254,137,GG,3.664504297124767,5.385164807134504
TG34,405,225,417,206,TG,5.7365342573412255,22.47220505424423
GG708,222,200,233,198,GG,6.061452336893014,11.180339887498949
TS422,237,171,240,166,TS,3.986216702453536,5.830951894845301
TG613,334,180,317,195,TG,5.586945830221713,22.67156809750927
GG627,260,193,252,187,GG,6.703398359236522,10.0
GG699,274,191,287,192,GG,6.224359662401581,13.038404810405298
TG789,369,124,349,121,TG,5.605251498603117,20.223748416156685
GSD314,225,234,222,236,GSD,5.81799847558316,3.605551275463989
TG379,315,231,306,257,TG,5.945908486849927,27.51363298439521
TS439,45,444,33,441,TS,6.981814277689189,12.36931687685298
GG720,267,444,270,440,GG,5.41115818724923,5.0
TG758,283,171,305,173,TG,6.069581818096384,22.090722034374522
TG1016,113,391,97,389,TG,4.034583789626463,16.1245154965971
TG1100,136,399,164,405,TG,6.577018099366833,28.635642126552707
GG725,354,226,351,222,GG,8.44033337599793,5.0
GG331,328,185,334,179,GG,5.414604425516135,8.48528137423857
TS214,125,398,121,395,TS,4.536292391405544,5.0
TS765,392,199,398,207,TS,4.994652044994219,10.0
TS500,248,161,257,162,TS,4.91628678990487,9.055385138137417
GSD116,444,140,440,143,GSD,5.033670176149219,5.0
GSD76,192,343,192,350,GSD,6.351586502493092,7.0
TS79,482,92,472,95,TS,7.005399850661937,10.44030650891055
GG139,410,110,405,114,GG,5.341040578319101,6.4031242374328485
GG694,336,200,326,203,GG,7.0510397051606155,10.44030650891055
GG406,423,149,426,140,GG,7.87762067498274,9.486832980505138
GG330,323,192,325,197,GG,4.243037816211002,5.385164807134504
TG475,184,182,167,195,TG,5.655326559345972,21.400934559032695
TG215,226,346,251,342,TG,5.043428304921034,25.317977802344327
GSD138,228,172,227,174,GSD,5.603375372358531,2.23606797749979
TG715,324,157,341,148,TG,4.781110159480051,19.235384061671343
GG570,262,79,268,85,GG,3.796492073955378,8.48528137423857
TG741,375,305,385,293,TG,3.741300495326769,15.620499351813308
TS571,252,189,245,185,TS,6.508721055016016,8.06225774829855
TG560,398,243,406,222,TG,6.628131878513317,22.47220505424423
TS83,279,172,288,171,TS,6.84014840846477,9.055385138137417
GG582,242,431,233,430,GG,6.184296932729538,9.055385138137417
GG477,358,262,358,252,GG,6.117936193025352,10.0
TG1116,206,349,185,356,TG,5.272940554289004,22.135943621178654
GSD309,492,177,487,176,GSD,6.542837151856869,5.0990195135927845
TS602,391,160,395,151,TS,4.39742338368746,9.848857801796104
TS45,337,377,341,359,TS,7.752541572952818,18.439088914585774
GG425,333,171,329,160,GG,7.13740762323748,11.704699910719626
TS647,55,439,63,426,TS,6.892902743111861,15.264337522473747
GG464,398,177,406,179,GG,4.93373916871128,8.246211251235321
TS179,269,188,253,192,TS,7.312139717761047,16.492422502470642
GG550,513,163,522,162,GG,6.706490363906077,9.055385138137417
TG584,437,92,421,92,TG,4.047303861233592,16.0
GSD374,389,112,393,113,GSD,4.760520760530376,4.123105625617661
GG707,380,130,385,136,GG,6.66091905373877,7.810249675906654
GG585,306,164,304,173,GG,5.752648493415684,9.219544457292887
TS596,320,166,330,161,TS,5.354855048574082,11.180339887498949
TS529,307,330,304,331,TS,7.380113001906956,3.1622776601683795
GG362,366,124,371,125,GG,4.8937851073411665,5.0990195135927845
GG316,355,81,350,82,GG,4.042192988283424,5.0990195135927845
GSD19,340,103,336,107,GSD,6.632362472115339,5.656854249492381
GSD268,469,196,468,189,GSD,8.092247438642357,7.0710678118654755
GSD356,245,160,244,158,GSD,6.848580306291364,2.23606797749979
TS673,80,375,77,364,TS,5.486986933008432,11.40175425099138
TG102,422,91,436,92,TG,3.934191536958109,14.035668847618199
GSD228,255,319,255,322,GSD,5.776885747635866,3.0
TS369,78,401,87,403,TS,5.50525831692552,9.219544457292887
GSD100,186,416,185,419,GSD,5.171750190175949,3.1622776601683795
TS249,387,121,392,129,TS,7.013268635150577,9.433981132056603
TS197,411,155,422,153,TS,5.671354674375575,11.180339887498949
GG253,260,125,253,132,GG,6.775216459941431,9.899494936611665
TS703,281,144,269,148,TS,6.839749343500428,12.649110640673518
TG84,136,369,119,370,TG,3.8917263880711204,17.029386365926403
GG135,439,44,437,53,GG,5.3958912870078,9.219544457292887
GG236,207,480,212,486,GG,6.33460115111826,7.810249675906654
TS691,92,377,89,369,TS,4.063791550050345,8.54400374531753
TG492,240,344,267,337,TG,6.301313697358348,27.892651361962706
GSD375,411,227,411,224,GSD,5.964322528569856,3.0
TS603,121,397,107,395,TS,6.143663050885889,14.142135623730951
TG787,304,261,308,243,TG,5.3029240466241365,18.439088914585774
TS399,313,90,306,99,TS,4.888417973219823,11.40175425099138
TS633,258,433,265,428,TS,5.5729077824647675,8.602325267042627
GG331,325,189,328,185,GG,5.51672042362847,5.0
GSD275,213,403,217,400,GSD,7.170193048805455,5.0
TS595,84,304,90,299,TS,4.931287604880568,7.810249675906654
GG604,397,216,410,217,GG,7.002971446745857,13.038404810405298
GG711,305,146,305,153,GG,4.5117825529989695,7.0
GG171,454,107,452,101,GG,5.273176942378582,6.324555320336759
GG668,352,146,345,149,GG,6.608854878478336,7.615773105863909
TG591,154,209,135,223,TG,4.999682260818425,23.600847442411894
TG1043,442,131,427,152,TG,6.129860524497294,25.80697580112788
GSD257,472,152,473,156,GSD,7.675196824000704,4.123105625617661
TS454,252,149,253,152,TS,4.163078842045712,3.1622776601683795
TG1141,189,407,207,415,TG,5.238662734000542,19.697715603592208
GG434,412,147,412,154,GG,4.376681033033943,7.0
TG485,139,400,110,391,TG,7.059733623074038,30.364452901377952
TS69,461,96,469,94,TS,5.71013253033682,8.246211251235321
GG246,467,162,462,163,GG,5.521239497220301,5.0990195135927845
TS175,108,268,104,274,TS,6.184764853010037,7.211102550927978
GG278,293,291,286,301,GG,6.720722619551102,12.206555615733702
TS25,267,452,276,453,TS,6.639477994500208,9.055385138137417
TG1123,211,346,230,344,TG,4.161315300692825,19.1049731745428
GSD371,327,342,326,349,GSD,8.863457639803457,7.0710678118654755
GG757,226,120,233,131,GG,7.1490140328395615,13.038404810405298
GG10,127,372,137,369,GG,6.102938252230107,10.44030650891055
TS653,243,174,237,171,TS,7.3078173271763,6.708203932499369
GG582,233,430,224,428,GG,5.846377894221636,9.219544457292887
GG764,363,343,366,336,GG,6.295477919334337,7.615773105863909
GG702,314,161,306,164,GG,7.732411358443372,8.54400374531753
GSD217,388,166,386,164,GSD,6.110554018299897,2.8284271247461903
TS391,257,161,246,161,TS,6.8390103195235135,11.0
GG293,288,159,277,158,GG,7.433385076696434,11.045361017187261
GG210,365,353,362,345,GG,5.9216147501295815,8.54400374531753
GSD380,408,228,409,223,GSD,5.7131548309519316,5.0990195135927845
TS437,233,168,236,167,TS,5.861394187240986,3.1622776601683795
TS698,117,393,102,389,TS,6.4735582797667455,15.524174696260024
GSD166,451,117,446,116,GSD,5.652993349887277,5.0990195135927845
TS800,92,393,90,391,TS,4.875417209164708,2.8284271247461903
TG114,324,165,344,150,TG,5.065782592492865,25.0
GG392,231,130,226,123,GG,5.768841487509711,8.602325267042627
TG260,309,177,309,171,TG,5.170347064479972,6.0
GG559,519,162,510,162,GG,7.226823165245099,9.0
TG970,442,95,418,109,TG,6.802158352015097,27.784887978899608
GG565,512,161,495,163,GG,8.38512683659237,17.11724276862369
GSD258,410,226,409,223,GSD,5.510081987894195,3.1622776601683795
TG338,397,151,422,153,TG,5.124966449002786,25.079872407968907
TS523,301,201,287,190,TS,6.338025375608778,17.804493814764857
TG355,304,259,295,288,TG,6.116421463451904,30.364452901377952
GG529,119,447,111,446,GG,5.465571603635164,8.06225774829855
TS331,231,131,227,125,TS,6.334279669948224,7.211102550927978
GG147,273,354,273,363,GG,5.5631256168996,9.0
TS333,84,395,74,396,TS,5.780645284581258,10.04987562112089
GG678,439,94,429,93,GG,5.423052075985528,10.04987562112089
TS223,198,350,209,348,TS,6.5778566914798775,11.180339887498949
GG532,212,263,216,262,GG,4.320205645693569,4.123105625617661
TS70,378,301,372,309,TS,6.539669704961672,10.0
GSD400,264,329,261,328,GSD,7.843032031403155,3.1622776601683795
TS593,257,341,266,343,TS,6.087296632254217,9.219544457292887
GG271,423,73,415,77,GG,7.2767018756161885,8.94427190999916
TS504,240,140,236,144,TS,6.010297389497702,5.656854249492381
TG448,354,121,372,128,TG,4.305586803173014,19.313207915827967
GSD368,313,168,316,164,GSD,6.135800125585767,5.0
TS93,389,126,387,131,TS,5.457298568358607,5.385164807134504
TG764,372,129,353,121,TG,4.593041025467981,20.615528128088304
GG47,250,139,248,145,GG,7.104012531870325,6.324555320336759
TS409,331,158,322,167,TS,6.243425867074994,12.727922061357855
GSD335,262,111,264,110,GSD,5.5844934501376216,2.23606797749979
GG692,408,217,395,215,GG,7.164999467630314,13.152946437965905
GG670,293,105,302,102,GG,6.208998712900588,9.486832980505138
GSD393,272,153,272,154,GSD,6.316614811699674,1.0
TG505,216,424,203,413,TG,5.1063175949200215,17.029386365926403
GSD329,311,200,313,203,GSD,6.844827724369935,3.605551275463989
GSD82,337,181,335,178,GSD,4.873057731137026,3.605551275463989
GSD218,442,118,438,116,GSD,5.832036380191951,4.47213595499958
GSD230,274,457,272,458,GSD,5.111312648016358,2.23606797749979
GG773,427,92,419,98,GG,7.832928317462624,10.0
TS125,396,116,387,122,TS,6.393844713010017,10.816653826391969
TG1078,238,138,235,144,TG,5.111353744731647,6.708203932499369
GG246,462,163,459,155,GG,6.313775296471828,8.54400374531753
GSD129,273,388,270,390,GSD,6.7432410003201735,3.605551275463989
TS381,275,423,263,428,TS,5.8537431078696045,13.0
TG126,417,208,404,232,TG,5.541810987200667,27.294688127912362
GG529,92,442,98,436,GG,4.377368024786243,8.48528137423857
GSD179,252,161,253,161,GSD,4.604402069677803,1.0
GG247,367,223,366,217,GG,5.355549448770894,6.082762530298219
GSD335,273,115,270,117,GSD,7.649159562105167,3.605551275463989
GSD386,249,156,249,155,GSD,4.754328417195836,1.0
GSD176,336,390,334,387,GSD,5.985066091288552,3.605551275463989
TS352,286,460,276,457,TS,7.031715562960925,10.44030650891055
TS245,259,168,271,170,TS,5.649460054295512,12.165525060596439
GG101,181,347,180,352,GG,5.983757944187534,5.0990195135927845
TS487,479,94,469,96,TS,5.637145663184002,10.198039027185569
GSD306,160,360,159,358,GSD,5.45037436098319,2.23606797749979
GSD95,401,307,403,301,GSD,5.2002452782879836,6.324555320336759
GSD366,420,115,418,114,GSD,4.11576082632142,2.23606797749979
GSD241,267,169,270,168,GSD,4.5881864594128,3.1622776601683795
TG387,360,143,377,132,TG,6.591571739144805,20.248456731316587
GG69,396,214,389,216,GG,4.804923652973472,7.280109889280518
TS38,188,356,170,357,TS,7.382454796494166,18.027756377319946
TS141,341,323,351,322,TS,6.975616437352885,10.04987562112089
GG572,432,90,435,81,GG,5.668197037455517,9.486832980505138
TS99,403,230,391,229,TS,6.685539485573326,12.041594578792296
GG153,358,208,357,217,GG,6.795917129976782,9.055385138137417
GSD82,328,177,332,180,GSD,5.602765359555882,5.0
GG425,329,160,323,161,GG,5.976790408177725,6.082762530298219
GSD325,430,121,425,128,GSD,6.132305087048151,8.602325267042627
TS530,83,385,82,393,TS,5.529871005876328,8.06225774829855
TS128,83,303,74,313,TS,7.033549760184129,13.45362404707371
GG109,384,136,378,131,GG,6.926708146757981,7.810249675906654
GG698,449,84,459,82,GG,5.1298058228178345,10.198039027185569
TS15,351,343,355,332,TS,6.236089896706899,11.704699910719626
GG774,277,190,289,190,GG,6.520841673421268,12.0
TS514,316,210,316,221,TS,4.90220078298821,11.0
TG405,458,96,428,102,TG,7.140116320928799,30.59411708155671
GSD102,283,88,282,94,GSD,7.999587040511116,6.082762530298219
GG123,382,175,382,184,GG,5.839658855549451,9.0
TS460,399,241,394,250,TS,6.599685820314882,10.295630140987
TS315,350,82,349,86,TS,4.282223443620411,4.123105625617661
GSD400,267,326,264,329,GSD,6.272831253696026,4.242640687119285
GSD387,26,424,24,430,GSD,5.389919121922752,6.324555320336759
GG4,338,121,334,116,GG,5.976955229209032,6.4031242374328485
GSD66,374,297,373,299,GSD,5.08191537606195,2.23606797749979
TG1169,329,326,308,330,TG,5.5019171571396805,21.37755832643195
TG463,303,327,330,326,TG,6.5312279631850485,27.018512172212592
GG213,408,99,411,106,GG,6.5081649171837865,7.615773105863909
GSD97,327,239,326,241,GSD,3.368386538722145,2.23606797749979
GG199,340,375,343,371,GG,5.060394558035986,5.0
GSD122,106,408,105,414,GSD,6.488371137615866,6.082762530298219
TS168,471,127,457,125,TS,6.976184735411767,14.142135623730951
GSD96,348,262,356,262,GSD,5.832234219535309,8.0
TG93,275,365,267,341,TG,5.57845273816455,25.298221281347036
GG334,117,391,128,392,GG,7.3936894580178425,11.045361017187261
GG319,406,307,418,308,GG,7.815078989000574,12.041594578792296
GSD285,380,148,378,148,GSD,5.977385399069348,2.0
GG34,299,204,299,194,GG,7.406161637514781,10.0
TS366,456,97,462,96,TS,5.5215788415932145,6.082762530298219
TG14,372,308,356,321,TG,5.4528968557745845,20.615528128088304
TG966,372,308,386,288,TG,5.714665932984632,24.413111231467404
TS690,275,146,284,144,TS,4.188709724455286,9.219544457292887
TS774,273,163,282,166,TS,5.558314796379888,9.486832980505138
GG437,424,91,433,98,GG,5.900542372471795,11.40175425099138
GG763,245,181,240,177,GG,5.392551142719661,6.4031242374328485
GG751,195,395,196,391,GG,2.464089841338176,4.123105625617661
GSD310,329,221,327,219,GSD,4.235808540296098,2.8284271247461903
TG918,307,177,318,168,TG,6.855061941262764,14.212670403551895
TG44,279,117,272,126,TG,3.9646256419681096,11.40175425099138
GG630,394,144,392,151,GG,4.865943796977,7.280109889280518
GG77,354,124,350,121,GG,6.616297905533049,5.0
TG434,339,324,312,332,TG,6.411381107281745,28.160255680657446
GG432,440,111,432,110,GG,5.104258617714375,8.06225774829855
GSD229,352,327,351,333,GSD,6.557410978171347,6.082762530298219
GG712,401,307,411,306,GG,6.970266067617331,10.04987562112089
GG516,169,405,163,402,GG,4.54940766392771,6.708203932499369
GG370,242,499,248,501,GG,5.00642332039563,6.324555320336759
TS587,201,419,194,416,TS,4.628938708027057,7.615773105863909
TG12,248,160,228,166,TG,4.75963298718338,20.8806130178211
GG366,211,183,209,171,GG,5.631652753215539,12.165525060596439
TS430,477,219,486,212,TS,6.502744356254503,11.40175425099138
TS390,95,308,98,296,TS,5.784238084651868,12.36931687685298
GSD115,353,355,351,355,GSD,5.116102257792833,2.0
TS241,92,392,93,381,TS,6.167717566027619,11.045361017187261
TG498,433,91,415,99,TG,4.928992071639148,19.697715603592208
TS193,315,332,307,328,TS,5.311976636868592,8.94427190999916
GSD205,326,243,325,240,GSD,5.942529931985548,3.1622776601683795
TS73,385,270,386,283,TS,7.184517778720744,13.038404810405298
TS363,434,99,419,106,TS,8.259943342939053,16.55294535724685
TS488,175,220,168,229,TS,5.549536732492868,11.40175425099138
GG274,486,162,500,162,GG,6.426035335579829,14.0
GSD44,349,196,348,196,GSD,6.575751086819103,1.0
GSD276,452,166,449,163,GSD,5.47340939070488,4.242640687119285
GSD64,366,134,373,135,GSD,6.1320046262268875,7.0710678118654755
GG394,300,185,303,175,GG,7.390877767752663,10.44030650891055
GSD225,440,124,441,123,GSD,6.384441331320186,1.4142135623730951
TS354,149,240,155,236,TS,3.750270324838321,7.211102550927978
TS289,163,408,175,411,TS,5.790423218095134,12.36931687685298
GSD340,443,229,442,227,GSD,7.507654865193996,2.23606797749979
TS529,290,326,281,325,TS,4.419300409268686,9.055385138137417
GSD254,295,278,297,272,GSD,7.7525328360589185,6.324555320336759
TG665,320,173,336,178,TG,6.1546505283449555,16.76305461424021
TS143,62,383,68,391,TS,6.654481975874235,10.0
TG89,318,174,336,178,TG,5.8038406058896,18.439088914585774
GG101,180,352,175,357,GG,4.751666549458662,7.0710678118654755
GSD284,133,416,131,418,GSD,6.209410421703327,2.8284271247461903
GSD33,332,277,330,277,GSD,3.8978414917018966,2.0
GSD178,248,125,252,126,GSD,5.305166143530068,4.123105625617661
TS542,282,319,294,321,TS,6.068234792947786,12.165525060596439
GSD163,153,290,153,296,GSD,6.456996389650871,6.0
TS559,349,90,355,98,TS,5.968634481419471,10.0
TG1105,198,350,218,346,TG,4.271156711087516,20.396078054371138
GSD386,243,163,245,162,GSD,5.266198096982915,2.23606797749979
GG650,132,394,145,397,GG,7.52235285815938,13.341664064126334
GG439,363,304,357,311,GG,7.13681638739175,9.219544457292887
TG154,255,438,270,425,TG,6.134436341254054,19.849433241279208
TG996,465,93,484,112,TG,6.395121656533938,26.870057685088806
GG691,460,145,459,155,GG,7.185392369995881,10.04987562112089
GSD287,364,311,361,307,GSD,6.249416424592441,5.0
GSD341,545,154,546,149,GSD,6.22074229868376,5.0990195135927845
TS434,279,188,266,187,TS,5.061459791624311,13.038404810405298
GSD303,226,227,221,222,GSD,6.914702605255641,7.0710678118654755
GSD67,275,340,276,348,GSD,6.618160753241373,8.06225774829855
GG192,393,216,406,217,GG,6.687595440482512,13.038404810405298
GSD15,349,317,348,320,GSD,5.1729246828639575,3.1622776601683795
TS735,340,147,332,152,TS,5.071210657536611,9.433981132056603
TS309,330,326,323,329,TS,5.085061082524417,7.615773105863909
GG671,436,188,434,195,GG,5.390951742998013,7.280109889280518
TG981,259,144,270,129,TG,4.209003052547592,18.601075237738275
GSD281,350,351,352,355,GSD,5.084396705624382,4.47213595499958
GG609,454,109,453,117,GG,6.037805814876226,8.06225774829855
TS629,392,120,386,124,TS,6.171974647585653,7.211102550927978
GSD323,388,150,393,149,GSD,6.066744897641129,5.0990195135927845
TS294,261,332,272,326,TS,6.266014213342242,12.529964086141668
GG381,423,50,415,42,GG,6.985941692611319,11.313708498984761
GG455,263,167,266,159,GG,7.118852010121612,8.54400374531753
TG1078,228,127,238,138,TG,4.676005022370423,14.866068747318506
TS246,157,405,170,409,TS,6.914732463356646,13.601470508735444
TG946,330,88,313,90,TG,4.223203589816286,17.11724276862369
GSD290,407,249,404,250,GSD,6.772858306897749,3.1622776601683795
TG1013,307,254,297,284,TG,7.520513046645997,31.622776601683793
GSD89,431,54,431,51,GSD,6.127211725653009,3.0
GG55,330,313,324,315,GG,4.945797382529619,6.324555320336759
TG119,283,317,270,332,TG,5.076976888625673,19.849433241279208
TS543,265,450,272,454,TS,5.267581448178646,8.06225774829855
GSD267,470,221,477,221,GSD,5.7024736980549235,7.0
GSD187,273,115,275,112,GSD,6.835174904130334,3.605551275463989
GG364,381,184,382,176,GG,6.352567007754832,8.06225774829855
TG49,350,142,368,131,TG,5.23222850891578,21.095023109728988
TG1045,101,379,109,391,TG,6.425026837907465,14.422205101855956
GSD368,316,162,318,160,GSD,6.263246813824523,2.8284271247461903
GG419,408,111,402,118,GG,5.341465055336785,9.219544457292887
GSD151,340,322,346,324,GSD,6.916456347711494,6.324555320336759
TG444,284,113,270,130,TG,6.295808111428947,22.02271554554524
TS706,271,351,266,342,TS,6.323745219563989,10.295630140987
GSD286,221,382,223,386,GSD,6.064136144234969,4.47213595499958
TS599,274,146,287,144,TS,6.468458462771261,13.152946437965905
GG432,420,98,426,92,GG,5.494909444220767,8.48528137423857
TS340,257,161,251,162,TS,5.79516586432657,6.082762530298219
TS150,315,332,324,329,TS,4.846058029915507,9.486832980505138
GG193,419,209,414,216,GG,5.681824720650273,8.602325267042627
TS439,21,443,14,452,TS,6.013935942575831,11.40175425099138
TG702,277,380,278,404,TG,5.86399352610136,24.020824298928627
TG687,314,201,333,182,TG,6.169066134611593,26.870057685088806
TS492,434,174,433,184,TS,5.819482072810967,10.04987562112089
TG60,387,260,387,280,TG,3.9191010633572296,20.0
GSD128,157,403,162,404,GSD,6.582375206612486,5.0990195135927845
GG465,255,129,247,137,GG,5.518608304755491,11.313708498984761
TG326,114,243,104,278,TG,7.560721353555214,36.40054944640259
GG415,235,134,232,131,GG,4.509282115959378,4.242640687119285
GSD369,356,300,358,297,GSD,6.649934767620458,3.605551275463989
TG1160,339,324,323,329,TG,5.167311025211656,16.76305461424021
GSD288,479,218,476,220,GSD,4.040476877635348,3.605551275463989
GSD59,454,205,458,203,GSD,5.200079478984637,4.47213595499958
TG743,315,205,325,187,TG,4.3766911306094425,20.591260281974
TS358,298,198,309,205,TS,6.871744967040555,13.038404810405298
TG191,152,403,176,405,TG,5.862945197711276,24.08318915758459
GG189,384,41,392,38,GG,4.986468242565544,8.54400374531753
GSD135,268,336,266,335,GSD,6.8379316160518115,2.23606797749979
GSD76,165,351,166,350,GSD,4.982992686129137,1.4142135623730951
TS546,241,141,248,146,TS,5.0241785242985735,8.602325267042627
TS386,440,96,431,100,TS,6.0088121544227615,9.848857801796104
GG564,123,451,127,456,GG,5.566655756079157,6.4031242374328485
GSD127,240,225,234,224,GSD,6.951750638715274,6.082762530298219
TG837,333,172,327,184,TG,3.615941714542136,13.416407864998739
GG164,410,109,415,114,GG,5.584818418806331,7.0710678118654755
GG670,317,89,328,88,GG,6.864419622989352,11.045361017187261
GSD191,468,176,469,180,GSD,7.325863474279788,4.123105625617661
GG39,486,162,497,163,GG,6.168054013584543,11.045361017187261
TS478,260,432,269,424,TS,6.476167920222867,12.041594578792296
GG356,442,115,446,111,GG,7.1025928351454475,5.656854249492381
GSD373,366,238,365,245,GSD,6.559772048519484,7.0710678118654755
GG471,261,192,257,189,GG,6.146179283554071,5.0
GG792,253,323,251,311,GG,6.349569672820219,12.165525060596439
TS385,413,214,420,205,TS,5.912181901938434,11.40175425099138
GSD245,276,283,272,280,GSD,6.300414903787647,5.0
GSD276,476,155,475,153,GSD,5.334432534813459,2.23606797749979
TG3,479,105,479,118,TG,5.521482068693466,13.0
GG235,263,343,260,349,GG,5.480553588483183,6.708203932499369
TS539,114,243,119,232,TS,5.987912754798383,12.083045973594572
TG411,452,98,477,94,TG,7.484374004504515,25.317977802344327
GG534,445,59,434,58,GG,6.117144451819258,11.045361017187261
GG199,331,385,336,381,GG,5.88328475605816,6.4031242374328485
TG262,223,151,236,136,TG,6.087918538158519,19.849433241279208
TG735,239,436,252,440,TG,5.132089105023358,13.601470508735444
GSD51,191,317,193,319,GSD,4.854467205327058,2.8284271247461903
TG1149,329,172,325,186,TG,5.72748477774959,14.560219778561036
TS162,222,394,214,401,TS,6.075676124981741,10.63014581273465
GSD374,402,115,399,115,GSD,7.009168646454302,3.0
TG1192,154,209,132,224,TG,6.476988827608433,26.627053911388696
TS57,430,153,432,160,TS,4.067782793393329,7.280109889280518
GG175,366,328,358,323,GG,5.575536334504717,9.433981132056603
GSD245,281,294,277,291,GSD,8.373237625061911,5.0
GSD270,347,92,346,90,GSD,4.141749030618854,2.23606797749979
GSD313,455,227,454,228,GSD,5.274417903007135,1.4142135623730951
GG375,196,407,200,409,GG,5.698800796023024,4.47213595499958
TG412,281,318,304,328,TG,7.083616588475168,25.079872407968907
GG704,431,174,432,163,GG,7.7433151752055185,11.045361017187261
GG620,247,147,241,147,GG,5.691874986534849,6.0
GSD39,396,155,401,155,GSD,7.299273981792545,5.0
GG487,335,154,340,151,GG,3.813731371640408,5.830951894845301
GSD276,464,158,468,158,GSD,6.698555571214513,4.0
TS353,443,96,433,99,TS,5.105273943184171,10.44030650891055
TG31,333,157,352,146,TG,4.854466683580039,21.95449840010015
GSD100,197,411,191,413,GSD,7.49173079314289,6.324555320336759
GG362,352,130,357,119,GG,6.00621886750892,12.083045973594572
GG543,195,391,198,374,GG,8.102356272290681,17.26267650163207
GG681,332,202,334,200,GG,3.3807832043054358,2.8284271247461903
GG263,149,364,160,362,GG,6.5641549761092435,11.180339887498949
TG364,267,133,265,147,TG,5.518107838834856,14.142135623730951
GSD47,239,384,234,386,GSD,4.955575244429582,5.385164807134504
TG682,470,95,445,96,TG,6.072566089741555,25.019992006393608
TS52,245,151,256,154,TS,4.880095704498429,11.40175425099138
GG492,277,185,268,186,GG,5.063264491168901,9.055385138137417
TS721,456,223,441,223,TS,6.702158413782545,15.0
TS734,496,160,485,162,TS,5.246725562451253,11.180339887498949
GSD375,407,227,411,227,GSD,5.90459100813052,4.0
TG594,411,118,426,102,TG,5.39724574748629,21.93171219946131
GG146,255,223,249,219,GG,5.4971793048847895,7.211102550927978
GSD120,275,454,272,458,GSD,5.561524453880514,5.0
TS165,214,172,203,181,TS,6.01289003558114,14.212670403551895
TS384,379,138,370,131,TS,6.741066516549136,11.40175425099138
TG149,198,350,175,357,TG,6.337086794782183,24.041630560342615
GG105,439,190,445,182,GG,6.847929388946561,10.0
TG672,225,431,206,414,TG,6.173360294906257,25.495097567963924
GG267,249,145,250,139,GG,4.948383736282775,6.082762530298219
TG443,227,149,223,161,TG,5.733274750029699,12.649110640673518
TS197,401,152,411,155,TS,5.75784592853857,10.44030650891055
GSD79,260,326,265,328,GSD,7.029058024697498,5.385164807134504
GSD255,519,146,522,151,GSD,6.656926474703862,5.830951894845301
TS684,90,399,91,410,TS,6.117442948903761,11.045361017187261
TG42,257,164,276,170,TG,4.595387891968375,19.924858845171276
TG1149,325,186,316,207,TG,7.068373423553243,22.847319317591726
TG985,351,322,371,308,TG,6.231845904043729,24.413111231467404
GG291,252,456,255,460,GG,3.5962120082039366,5.0
GSD328,303,402,304,400,GSD,4.4469043864191775,2.23606797749979
TG146,241,141,221,151,TG,6.598601132357095,22.360679774997898
GG160,97,384,102,379,GG,5.392249006023402,7.0710678118654755
TG384,257,148,270,162,TG,6.570797098235505,19.1049731745428
TG304,429,145,442,132,TG,4.304945280700101,18.384776310850235
TS597,283,444,278,449,TS,5.98165108786792,7.0710678118654755
TS258,467,163,484,161,TS,7.19685391219112,17.11724276862369
TG159,413,99,400,113,TG,5.9037067451831495,19.1049731745428
GSD224,436,134,441,135,GSD,5.641934825126089,5.0990195135927845
TS368,272,454,261,450,TS,6.042058710385392,11.704699910719626
GSD237,238,259,237,259,GSD,4.091815069312654,1.0
TS325,342,121,334,123,TS,4.347557179201488,8.246211251235321
TS449,360,143,371,139,TS,5.513396222588483,11.704699910719626
TG256,327,87,307,97,TG,4.778654931043584,22.360679774997898
GSD133,288,286,291,288,GSD,5.336724639569233,3.605551275463989
TS375,123,244,140,241,TS,6.683258219082388,17.26267650163207
TS376,290,172,294,174,TS,4.791231329659363,4.47213595499958
TG539,405,225,394,251,TG,6.144934664943888,28.231188426986208
GSD330,351,352,347,355,GSD,6.472934339577506,5.0
TS39,84,394,83,403,TS,6.26401651794424,9.055385138137417
GG25,434,99,439,108,GG,6.544311119371036,10.295630140987
GSD221,277,118,276,111,GSD,5.592139834193439,7.0710678118654755
GSD85,379,384,375,389,GSD,6.1740104393347455,6.4031242374328485
GG136,400,142,410,142,GG,4.910604987337317,10.0
TG149,175,357,149,364,TG,5.952254586382984,26.92582403567252
TG92,402,110,418,93,TG,5.546980955338391,23.345235059857504
TG145,211,417,192,407,TG,5.4954085390918985,21.470910553583888
TG465,475,122,452,129,TG,5.952004142443308,24.041630560342615
GSD99,491,197,489,196,GSD,4.4223814386766165,2.23606797749979
TS388,371,309,367,316,TS,5.194620647216658,8.06225774829855
GG689,397,216,407,217,GG,6.260781113413104,10.04987562112089
GSD80,426,250,423,249,GSD,3.5481923410786713,3.1622776601683795
GG38,236,137,230,128,GG,5.805599049283902,10.816653826391969
GG127,129,394,139,395,GG,8.092121101552458,10.04987562112089
GG720,268,433,267,421,GG,6.715891741693456,12.041594578792296
TG320,275,383,275,416,TG,6.457486638557858,33.0
GG335,179,315,180,303,GG,6.020210938536781,12.041594578792296
TG280,377,126,345,120,TG,8.302707527386772,32.55764119219941
GSD300,289,295,293,294,GSD,6.121999080484628,4.123105625617661
TS588,55,440,52,447,TS,4.429985622399301,7.615773105863909
TG716,429,91,446,96,TG,5.697136271063112,17.72004514666935
TG249,408,104,427,89,TG,6.9489272757865646,24.20743687382041
TS169,73,397,89,402,TS,6.341355783725049,16.76305461424021
GG181,310,97,312,91,GG,5.546183175684881,6.324555320336759
GG380,311,115,310,107,GG,6.179425437068133,8.06225774829855
GSD236,338,279,340,280,GSD,4.56665200019394,2.23606797749979
TS644,73,354,77,363,TS,5.664346651511787,9.848857801796104
GSD28,339,259,337,265,GSD,6.857091401373168,6.324555320336759
GSD196,310,431,312,431,GSD,5.608467405335951,2.0
GSD216,357,215,363,217,GSD,6.408977155896412,6.324555320336759
TS562,236,143,232,133,TS,6.729731418605327,10.770329614269007
TS396,284,113,278,121,TS,6.8304714219561085,10.0
GG228,323,200,325,196,GG,4.554329157110718,4.47213595499958
GG517,394,140,398,130,GG,7.216078652466177,10.770329614269007
TS251,307,172,294,171,TS,6.409105584625045,13.038404810405298
TS326,333,87,324,88,TS,4.258407255608692,9.055385138137417
GG354,377,221,387,218,GG,6.000206023929543,10.44030650891055
GG771,480,90,485,97,GG,7.08258602794915,8.602325267042627
GSD252,279,103,278,107,GSD,6.021255482470293,4.123105625617661
TS67,415,96,424,90,TS,5.809359540380399,10.816653826391969
GSD182,408,174,411,180,GSD,6.285352101499576,6.708203932499369
TS218,178,407,193,408,TS,6.287770840181048,15.033296378372908
TG444,270,130,260,148,TG,6.032778100198307,20.591260281974
GSD229,329,358,327,355,GSD,5.370646520621944,3.605551275463989
TG446,386,285,375,305,TG,5.281877420057676,22.825424421026653
TG816,309,241,301,266,TG,7.246598968282274,26.248809496813376
GSD76,180,329,179,326,GSD,4.981745819804118,3.1622776601683795
TS196,298,324,284,320,TS,6.010555801687049,14.560219778561036
TG136,318,173,300,173,TG,5.372789172106122,18.0
GSD103,430,84,433,83,GSD,6.27188118616052,3.1622776601683795
GG387,296,88,306,88,GG,5.669503352898933,10.0
GG780,299,104,294,105,GG,6.1577517685134175,5.0990195135927845
TG429,330,124,308,131,TG,5.27932397532519,23.08679276123039
TS758,97,382,95,385,TS,5.7236038530658675,3.605551275463989
TG382,447,96,465,94,TG,4.182873288632113,18.110770276274835
GSD333,349,325,346,323,GSD,4.977942322495922,3.605551275463989
TS117,293,294,297,285,TS,5.930903980148884,9.848857801796104
TS283,108,247,114,243,TS,5.5162600082196125,7.211102550927978
GG187,366,123,374,129,GG,7.833462795981603,10.0
TS330,219,158,211,156,TS,4.751910828183558,8.246211251235321
GG537,288,122,297,124,GG,6.0001494461737614,9.219544457292887
TS220,84,395,72,394,TS,5.166678484931472,12.041594578792296
GG472,289,108,283,111,GG,4.796046280364092,6.708203932499369
TS236,344,323,353,320,TS,5.075979477353098,9.486832980505138
TG980,399,113,377,127,TG,6.687010665203033,26.076809620810597
GG763,250,137,250,143,GG,4.994585989177798,6.0
TG445,385,124,368,124,TG,5.148755713029808,17.0
GG586,411,84,412,91,GG,5.192286165707435,7.0710678118654755
GSD241,273,161,273,159,GSD,5.711535261654905,2.0
GG391,253,227,258,221,GG,6.08568252103025,7.810249675906654
GG658,324,87,331,77,GG,7.127728658591174,12.206555615733702
GG105,430,172,432,183,GG,5.323515053988336,11.180339887498949
GSD394,227,354,229,363,GSD,6.733772475539864,9.219544457292887
GSD296,31,440,29,439,GSD,7.331174637083716,2.23606797749979
TG709,434,92,454,98,TG,6.896643581058819,20.8806130178211
TG793,147,402,126,397,TG,5.2858735451348995,21.587033144922902
TS76,274,188,283,188,TS,3.666817923681437,9.0
TG911,184,357,155,362,TG,5.612617036053932,29.427877939124322
GG750,243,257,253,261,GG,6.569927126485091,10.770329614269007
TS683,261,169,269,170,TS,6.816278437923128,8.06225774829855
TS621,271,326,263,331,TS,4.864938986284777,9.433981132056603
TS397,242,142,253,151,TS,6.0000017280384235,14.212670403551895
GSD184,361,216,364,215,GSD,4.8780624190927035,3.1622776601683795
TG97,315,214,323,187,TG,6.503508290108047,28.160255680657446
TS424,354,337,346,351,TS,6.273894227863785,16.1245154965971
TS706,254,342,254,336,TS,5.782639076047801,6.0
GSD385,303,177,304,177,GSD,5.92893839196352,1.0
GSD324,309,222,311,218,GSD,5.7504275553831725,4.47213595499958
GSD225,446,138,446,133,GSD,7.179400110164895,5.0
GG412,237,219,248,219,GG,4.793273642590558,11.0
TG281,318,169,325,156,TG,5.143648133752806,14.7648230602334
GG664,385,299,384,305,GG,5.356762662312993,6.082762530298219
TS364,164,360,153,362,TS,6.62949789872769,11.180339887498949
TG1013,311,236,307,254,TG,4.590544759109474,18.439088914585774
GG795,420,103,431,109,GG,7.277682925985928,12.529964086141668
GSD165,173,368,171,370,GSD,5.7255982948721496,2.8284271247461903
GG398,298,202,298,191,GG,6.700280081881799,11.0
GG146,240,201,237,198,GG,4.9765498583118415,4.242640687119285
TS783,395,204,401,213,TS,6.297519343580822,10.816653826391969
GSD159,349,93,346,86,GSD,5.716839407458011,7.615773105863909
GG34,322,209,311,208,GG,6.398283727189403,11.045361017187261
TS276,250,345,255,337,TS,6.150668541946244,9.433981132056603
TS462,83,391,82,381,TS,5.892726064832441,10.04987562112089
GSD149,193,408,193,412,GSD,5.229301490065854,4.0
GG62,273,423,287,418,GG,6.177489631218802,14.866068747318506
GG253,253,132,255,139,GG,6.603764332070419,7.280109889280518
TS782,354,94,356,102,TS,4.893235382478213,8.246211251235321
GSD352,243,203,243,197,GSD,5.697254938655149,6.0
TG1121,265,136,251,148,TG,5.706883306380312,18.439088914585774
TG1090,479,103,477,122,TG,6.01617772827772,19.1049731745428
GSD267,454,205,457,204,GSD,5.282562736487399,3.1622776601683795
GG445,396,123,392,126,GG,5.352350077855444,5.0
TS18,455,96,445,96,TS,6.10885766928454,10.0
TS610,279,188,263,189,TS,5.430551090673104,16.0312195418814
GSD3,221,261,223,263,GSD,6.1812792119009,2.8284271247461903
TG979,160,405,191,407,TG,7.11654339618338,31.064449134018133
GG545,188,419,181,425,GG,4.880078502168459,9.219544457292887
TG1089,157,404,180,407,TG,6.231637078459842,23.194827009486403
GG592,390,279,392,265,GG,7.783298191766038,14.142135623730951
GSD252,280,98,279,103,GSD,4.632154465740003,5.0990195135927845
TG2,440,132,429,145,TG,5.380249744264846,17.029386365926403
GG767,436,189,438,192,GG,3.060078977737965,3.605551275463989
TG297,240,344,263,341,TG,5.301615120811292,23.194827009486403
GG385,253,116,262,116,GG,6.185253410417595,9.0
GG354,366,216,367,223,GG,5.480406691434493,7.0710678118654755
GG80,438,56,437,46,GG,5.9070788198759026,10.04987562112089
GG407,253,322,257,318,GG,5.194598177851063,5.656854249492381
GG588,365,65,367,55,GG,5.5539036248258125,10.198039027185569
GG210,362,345,366,340,GG,5.421816534592544,6.4031242374328485
GSD61,371,261,369,261,GSD,5.345858638628751,2.0
TS494,238,167,241,170,TS,4.486621601507551,4.242640687119285
GG100,251,170,245,177,GG,6.752435600945319,9.219544457292887
TS705,177,405,192,407,TS,6.641035133109602,15.132745950421556
TS35,65,398,72,394,TS,5.939860167691418,8.06225774829855
GG697,297,197,307,194,GG,5.7485578111376165,10.44030650891055
GSD178,276,116,280,119,GSD,5.431480065853563,5.0
TS135,420,219,408,220,TS,5.90109803523082,12.041594578792296
GG306,316,210,306,207,GG,5.159549458026046,10.44030650891055
TS47,234,374,239,367,TS,5.521672988504841,8.602325267042627
TG559,303,262,298,282,TG,5.4895568691537395,20.615528128088304
GSD328,295,409,299,406,GSD,7.446310853666084,5.0
TG1006,361,121,343,121,TG,4.134020023572082,18.0
GG327,127,359,125,369,GG,5.331421366565118,10.198039027185569
GG322,271,330,267,339,GG,7.760134499407876,9.848857801796104
TG202,394,118,381,124,TG,4.980612555095807,14.317821063276353
TS655,171,227,165,233,TS,5.27997390218555,8.48528137423857
GSD25,483,165,482,171,GSD,7.0002731534519,6.082762530298219
GSD229,351,333,352,336,GSD,5.837194563585072,3.1622776601683795
GG768,407,103,409,98,GG,3.208322443766047,5.385164807134504
GSD136,434,53,435,54,GSD,5.428327843282203,1.4142135623730951
GG311,325,199,317,198,GG,4.370999284307377,8.06225774829855
GG16,323,206,325,200,GG,4.946933039308858,6.324555320336759
TG839,173,405,202,412,TG,6.196872737502883,29.832867780352597
GG380,310,107,308,94,GG,6.744000393850342,13.152946437965905
GSD108,96,404,102,403,GSD,6.9716009503211325,6.082762530298219
TS460,388,259,386,267,TS,4.351792008386102,8.246211251235321
GSD253,456,225,453,225,GSD,6.417692717690915,3.0
TG797,361,141,338,155,TG,6.608062163876865,26.92582403567252
TS351,468,95,476,100,TS,5.291772987275905,9.433981132056603
GG212,323,200,320,198,GG,3.8412402755379986,3.605551275463989
TS250,261,431,266,426,TS,5.840169182539049,7.0710678118654755
TG377,314,215,316,194,TG,5.004078655970809,21.095023109728988
GG502,138,368,127,372,GG,7.264715627920053,11.704699910719626
GSD84,301,404,307,397,GSD,7.978830791255113,9.219544457292887
GSD49,316,154,320,150,GSD,5.8658910523290615,5.656854249492381
GG780,307,91,307,99,GG,5.367630600288123,8.0
TS1,251,469,261,491,TS,8.246390545087714,24.166091947189145
TG167,238,437,227,431,TG,3.535769086715198,12.529964086141668
GG120,366,217,365,224,GG,7.0843300967429546,7.0710678118654755
GSD10,30,435,35,432,GSD,7.492206398605873,5.830951894845301
GSD200,318,90,315,90,GSD,3.8183615894876297,3.0
GG112,177,332,181,342,GG,6.35901723165809,10.770329614269007
TG902,372,129,355,121,TG,5.349137448418512,18.788294228055936
TG602,397,151,380,137,TG,4.686546690554295,22.02271554554524
GG394,306,194,301,195,GG,3.574393427505261,5.0990195135927845
GSD386,245,162,243,159,GSD,6.075409402818451,3.605551275463989
TS556,403,108,412,101,TS,6.582817099445903,11.40175425099138
TS575,235,139,233,132,TS,5.601952221268824,7.280109889280518
GSD259,525,159,522,153,GSD,5.520126154864613,6.708203932499369
TS676,482,115,478,106,TS,5.3002610771900684,9.848857801796104
GSD94,383,366,389,366,GSD,4.92674562858009,6.0
TS342,81,394,86,402,TS,4.850712181593201,9.433981132056603
GG560,253,117,247,115,GG,5.549162043860308,6.324555320336759
TG1019,249,147,270,147,TG,4.96659569912868,21.0
GG666,486,163,472,163,GG,7.414094044641921,14.0
GG233,291,317,306,317,GG,7.4615600510192195,15.0
TS299,305,260,308,252,TS,5.669785401627237,8.54400374531753
TS403,454,167,446,176,TS,5.757773396296563,12.041594578792296
TG76,237,167,219,159,TG,3.9545731423823822,19.697715603592208
TS683,286,171,293,171,TS,6.397958055318515,7.0
TS462,78,370,76,354,TS,6.4794168399721315,16.1245154965971
TS375,152,240,163,234,TS,5.921554912705599,12.529964086141668
TS739,243,162,253,163,TS,8.21634372780105,10.04987562112089
TS118,67,329,72,332,TS,4.965577294478832,5.830951894845301
GG520,401,245,398,252,GG,4.868697932010624,7.615773105863909
GG340,245,147,256,148,GG,6.952254039806648,11.045361017187261
GG672,336,177,332,167,GG,6.1870170406960625,10.770329614269007
GSD76,185,321,190,327,GSD,8.13044168884062,7.810249675906654
GG762,269,105,272,94,GG,7.032178225796089,11.40175425099138
GG514,263,452,266,444,GG,7.626884274588585,8.54400374531753
GSD66,375,302,378,301,GSD,4.192131165499202,3.1622776601683795
GG501,398,124,402,116,GG,5.680905368110288,8.94427190999916
GG800,417,101,421,95,GG,4.997258266090068,7.211102550927978
GSD369,356,306,356,304,GSD,4.44513865102622,2.0
GG57,257,261,244,258,GG,7.190496977211566,13.341664064126334
TS111,294,290,297,283,TS,4.86012584247193,7.615773105863909
TS163,181,407,163,406,TS,8.256313798683243,18.027756377319946
GG596,397,178,389,176,GG,4.563610962598595,8.246211251235321
TG606,347,83,359,70,TG,4.169666520636347,17.69180601295413
TS750,484,161,469,162,TS,5.775979821541299,15.033296378372908
GSD348,518,150,521,151,GSD,5.983963212708305,3.1622776601683795
GSD276,461,159,464,158,GSD,6.18310609066377,3.1622776601683795
TS649,166,407,176,405,TS,7.429454762400951,10.198039027185569
GG443,479,82,472,82,GG,4.390981809943764,7.0
TS328,204,349,210,347,TS,5.215943977712158,6.324555320336759
TS275,269,424,259,431,TS,6.411597731883836,12.206555615733702
GG547,354,145,347,148,GG,6.027291111212348,7.615773105863909
GG540,480,81,479,73,GG,6.5470063556448,8.06225774829855
TS567,302,267,307,257,TS,5.026116421184664,11.180339887498949
TG1061,479,103,476,123,TG,6.354390921186752,20.223748416156685
TG25,405,107,389,122,TG,4.577465633272869,21.93171219946131
TG438,107,269,99,295,TG,6.030495361108311,27.202941017470888
TS287,386,277,387,287,TS,5.102029540624683,10.04987562112089
TS713,86,390,85,402,TS,7.539637193864858,12.041594578792296
TS387,281,318,291,322,TS,5.740979147452012,10.770329614269007
GSD381,425,130,422,136,GSD,6.290536693868347,6.708203932499369
TS382,265,188,254,192,TS,5.642500340875404,11.704699910719626
GG588,356,81,359,73,GG,7.660203401999795,8.54400374531753
GG56,358,101,353,94,GG,6.936339476930576,8.602325267042627
TS331,246,151,238,143,TS,5.779511955289266,11.313708498984761
GSD275,219,397,222,395,GSD,6.973526971358869,3.605551275463989
GG750,237,251,243,257,GG,6.9592606937880905,8.48528137423857
GG474,262,159,272,160,GG,6.128220594753682,10.04987562112089
GSD34,435,117,434,115,GSD,7.197217292502224,2.23606797749979
TG1075,309,241,315,218,TG,5.52242810301038,23.769728648009426
GSD323,372,147,374,147,GSD,7.132355298506548,2.0
TG225,223,431,212,419,TG,4.766030331865752,16.278820596099706
TG371,417,208,403,234,TG,7.360917146971924,29.5296461204668
GG662,363,293,359,282,GG,6.923052994963205,11.704699910719626
GSD247,343,273,342,278,GSD,6.337381428841817,5.0990195135927845
GG507,472,198,465,190,GG,6.922380644467415,10.63014581273465
TS510,273,329,267,337,TS,5.356758513527611,10.0
TG654,139,400,169,406,TG,6.102582643275213,30.59411708155671
GG655,232,181,220,186,GG,7.056187510506941,13.0
TS480,237,170,242,179,TS,5.842788158536715,10.295630140987
GSD341,541,160,542,155,GSD,5.238828110494128,5.0990195135927845
TS304,83,303,93,296,TS,6.576008327918292,12.206555615733702
TS332,339,122,351,121,TS,5.228623791450188,12.041594578792296
TS624,237,137,234,139,TS,6.7870019962676285,3.605551275463989
TG785,465,128,478,118,TG,5.866606242209501,16.401219466856727
TS349,104,277,102,291,TS,6.500403937732696,14.142135623730951
TG73,340,147,326,164,TG,5.773320538299423,22.02271554554524
GSD173,450,57,446,56,GSD,6.704838655772313,4.123105625617661
GG666,463,161,458,163,GG,6.66746114693354,5.385164807134504
TG1127,408,104,395,118,TG,4.9504054091587415,19.1049731745428
TG165,333,172,313,174,TG,4.476985542566872,20.09975124224178
TG886,227,345,261,341,TG,7.0978205053125105,34.23448553724738
GG346,480,162,467,162,GG,6.346286769533364,13.0
GG32,445,111,452,109,GG,6.523952596956985,7.280109889280518
TG932,136,399,108,391,TG,5.588278696765792,29.120439557122072
TS547,333,172,319,172,TS,7.976320902110666,14.0
GSD99,489,202,491,197,GSD,6.941489071357399,5.385164807134504
TG420,274,145,306,133,TG,7.387950593065226,34.17601498127012
GG114,458,163,459,151,GG,7.250086063964009,12.041594578792296
TG478,402,110,416,97,TG,4.588362166546122,19.1049731745428
GSD72,267,381,270,384,GSD,5.915533364419204,4.242640687119285
GG557,207,168,207,160,GG,5.730461953368168,8.0
TS745,120,394,110,391,TS,5.711376063778143,10.44030650891055
GG283,179,316,167,315,GG,5.947658865808528,12.041594578792296
TS361,483,161,499,162,TS,7.20298462056604,16.0312195418814
TS729,389,131,390,142,TS,7.338919240300825,11.045361017187261
TS746,307,177,314,175,TS,5.300118998824463,7.280109889280518
GG132,263,123,255,129,GG,5.663588529548974,10.0
GG629,271,119,272,112,GG,3.550738216859589,7.0710678118654755
GG705,277,319,274,327,GG,5.8389779629706595,8.54400374531753
TS452,346,217,338,215,TS,3.448126054438646,8.246211251235321
TG493,174,356,200,350,TG,6.608180396672752,26.68332812825267
TS775,504,89,495,90,TS,5.339623372821324,9.055385138137417
GG248,474,161,463,162,GG,7.9421645019397005,11.045361017187261
GSD109,441,141,445,139,GSD,7.364970489290771,4.47213595499958
TS208,351,121,338,122,TS,6.389841961876002,13.038404810405298
GG540,470,67,462,64,GG,5.275083246413686,8.54400374531753
GSD254,302,247,305,247,GSD,5.333603979226787,3.0
TS160,331,179,325,174,TS,4.152473401595968,7.810249675906654
TS498,257,161,257,166,TS,5.267286483269702,5.0
GSD114,512,151,518,150,GSD,7.594492101069704,6.082762530298219
